property_type,society,sector,price,price_per_sqft,bedRoom,bathroom,balcony,floorNum,agePossession,built_up_area,study room,servant room,store room,pooja room,others,furnishing_type,luxury_score
flat,on request,sector 103,1.69,9145.021645021645,3,3,3+,8.0,Relatively New,1670.0,0,0,0,0,0,0,49
house,independent,sector 40,5.0,21123.78538234052,9,9,3+,3.0,Moderately Old,2367.0,0,1,1,0,0,1,83
flat,zara aavaas,sector 104,0.2,6644.518272425249,1,1,1,3.0,Relatively New,301.0,0,0,0,0,0,0,67
house,independent,sector 23,2.8,17983.30122029544,5,5,3+,2.0,Old Property,1557.0,0,0,0,1,0,1,74
house,independent,sector 47,5.15,26614.98708010336,3,9,3+,3.0,Relatively New,1935.0,0,0,1,0,0,1,75
house,independent,sector 13,1.5,10518.934081346424,2,2,2,3.0,Old Property,1426.0,1,0,0,1,0,0,7
flat,tulip violet,sector 69,1.29,8227.040816326531,3,3,1,12.0,Relatively New,1419.0,0,0,0,1,0,1,86
flat,shree vardhman victoria,sector 70,1.75,8974.358974358975,3,5,0,0.0,Relatively New,1950.0,0,0,0,0,0,0,47
flat,signature global solera,sector 107,0.28,5833.333333333333,2,2,2,0.0,Relatively New,543.0,0,0,0,0,0,0,45
house,sector 57 huda,sector 57,3.8,26063.10013717421,2,8,3+,4.0,Relatively New,1458.0,0,0,1,1,0,1,94
flat,tarc maceo,sector 91,0.87,6641.221374045802,2,2,2,9.0,Relatively New,1148.0,0,0,1,0,0,0,78
house,independent,sector 40,2.15,23888.88888888889,3,3,3,3.0,Moderately Old,100.0,1,0,1,1,0,0,45
flat,orchid petals,sector 49,1.9,10526.315789473683,3,3,3,2.0,Old Property,1600.0,0,0,0,0,1,1,49
house,emaar mgf marbella,sector 66,12.0,38095.23809523809,5,6,3+,3.0,Relatively New,3150.0,0,1,1,0,0,1,153
flat,shapoorji pallonji joyville gurugram,sector 102,1.05,11475.409836065572,2,2,2,0.0,Relatively New,1017.0,0,0,0,0,0,0,49
flat,supertech araville,sector 79,0.8,5266.622778143516,2,2,2,12.0,New Property,1688.0,1,0,0,0,0,0,49
house,independent,sector 14,3.4,15111.111111111111,3,3,3,1.0,Old Property,2250.0,0,0,0,0,0,0,32
flat,godrej aria,sector 79,1.1,7773.851590106007,2,2,3+,4.0,New Property,1223.0,0,0,0,0,0,1,49
flat,indiabulls centrum park,sector 103,1.65,8250.0,3,3,3+,15.0,Relatively New,1683.0,1,0,0,0,0,0,38
flat,signature global city 63a,sector 63a,2.0,12804.097311139563,3,3,2,1.0,Relatively New,1540.0,0,0,0,0,0,0,36
flat,tulip monsella,sector 53,8.25,28004.0733197556,3,4,3,8.0,Relatively New,2661.0,0,1,0,0,0,2,35
flat,cghs airport apartment,sector 47,1.8,6000.0,4,4,3+,4.0,Moderately Old,2857.0,0,0,1,0,0,1,120
flat,tulip violet,sector 69,1.3,8285.5321861058,3,3,1,12.0,Relatively New,1419.0,0,0,0,1,0,0,86
flat,supertech basera,sector 79,0.36,7643.3121019108285,2,2,1,4.0,New Property,546.0,0,0,0,0,0,0,60
flat,bestech park view ananda,sector 81,0.88,8043.875685557587,2,2,3,8.0,Relatively New,1223.0,1,0,0,0,0,1,95
flat,signature global city 37d ph 2,sector 37d,1.36,8848.405985686402,3,3,3,1.0,Relatively New,1535.0,0,0,0,1,1,0,37
flat,la vida by tata housing,sector 113,2.4,10825.439783491203,3,4,3+,5.0,Relatively New,1940.0,0,1,0,0,0,0,49
flat,siddhartha apartment,sector 95,1.1,4327.301337529504,4,3,3,9.0,Relatively New,2824.0,0,1,0,0,1,0,22
flat,godrej summit,sector 104,1.25,6778.741865509762,3,4,3+,12.0,Relatively New,1669.0,0,1,0,0,1,0,79
flat,signature global solera,sector 107,0.36,5980.066445182724,2,2,1,7.0,Relatively New,598.0,0,0,0,0,1,0,49
flat,sare crescent parc,sector 92,0.9,4259.346900141978,4,5,3+,3.0,Relatively New,1805.0,0,1,0,0,0,0,0
flat,emaar palm heights,sector 77,2.1,10370.37037037037,3,3,3,17.0,New Property,1833.0,1,1,0,0,0,0,8
flat,shapoorji pallonji joyville gurugram,sector 102,2.12,16960.0,3,3,3,9.0,Relatively New,1852.0,0,0,0,0,0,0,72
flat,mapsko casa bella,sector 82,1.38,5443.786982248521,4,5,3+,20.0,Relatively New,2294.0,0,1,0,0,0,0,79
flat,ansal api celebrity suites,sector 2,0.6,8163.265306122449,1,1,1,5.0,Moderately Old,665.0,0,0,0,0,0,1,67
flat,signature global city,sector 37d,1.1,8800.0,3,3,3,1.0,Relatively New,1389.0,0,0,0,0,0,0,16
house,independent,sector 43,2.15,13030.30303030303,1,1,0,1.0,Moderately Old,1650.0,0,0,0,0,0,0,0
house,ganpati heights apartment,sector 13,1.25,12077.29468599034,3,6,2,3.0,Old Property,115.0,0,0,0,0,1,0,7
flat,experion the heartsong,sector 108,2.28,8204.390068369918,4,5,3+,8.0,Relatively New,2515.0,0,0,0,0,0,0,101
flat,shree vardhman victoria,sector 70,1.65,8461.538461538461,3,4,3,5.0,Relatively New,1527.0,0,1,0,0,1,1,49
house,independent,sector 41,4.25,26234.567901234568,2,9,3+,4.0,Moderately Old,1620.0,1,1,0,0,0,1,36
flat,bptp terra,sector 37d,1.71,7804.655408489274,3,3,3+,7.0,Relatively New,2191.0,1,0,0,0,0,0,38
flat,experion the heartsong,sector 108,1.2,6825.938566552901,3,3,3+,10.0,Relatively New,1275.53,1,0,0,0,0,0,93
flat,bestech park view sanskruti,sector 92,1.5,7812.5,3,3,3,3.0,Relatively New,1738.0,0,0,0,0,1,0,49
house,not applicable,sector 4,0.4,9259.25925925926,1,1,1,1.0,Moderately Old,432.0,0,0,0,0,0,0,0
flat,vatika city,sector 49,2.64,11722.91296625222,3,4,3+,2.0,Moderately Old,2252.0,0,1,0,1,0,1,140
house,international city by sobha phase 2,sector 109,9.4,26111.11111111111,5,6,3+,2.0,Relatively New,3600.0,1,1,1,1,0,1,147
flat,antriksh heights,sector 84,0.9,6206.896551724138,3,3,3+,12.0,Relatively New,1525.0,0,0,0,0,0,0,166
flat,ats kocoon,sector 109,2.95,10350.877192982456,4,4,3+,7.0,Relatively New,3150.0,0,1,1,0,0,1,158
flat,m3m merlin,sector 67,3.32,14079.728583545377,3,4,3,8.0,New Property,2016.0,0,1,0,0,0,1,174
house,independent,sector 23,5.5,21825.396825396827,8,8,2,3.0,Moderately Old,2520.0,1,1,0,1,0,1,76
flat,tulip ivory,sector 70,5.0,10416.666666666666,6,7,3+,0.0,Relatively New,5333.0,1,1,0,0,0,0,119
flat,hsiidc sidco shivalik apartments,manesar,0.85,5102.040816326531,3,2,2,5.0,Moderately Old,1508.0,0,0,0,0,0,0,0
house,independent,sohna road road,6.25,6943.67292523053,3,3,0,1.0,Moderately Old,9001.0,0,0,0,0,0,0,0
flat,ramprasta awho,sector 95,0.92,5257.142857142857,3,3,3+,13.0,New Property,1750.0,0,0,0,0,0,0,0
house,independent,sohna road,1.5,14245.014245014245,2,3,2,1.0,New Property,117.0,1,0,0,1,0,1,69
house,independent,sector 14,4.5,20000.0,5,5,1,1.0,Relatively New,2778.0,0,0,0,0,0,0,0
house,independent,sector 46,3.55,24499.65493443754,5,4,3+,3.0,Moderately Old,1449.0,0,1,0,0,0,1,73
flat,rail vihar cghs,sector 56,1.35,10384.615384615385,3,2,2,1.0,Old Property,1275.0,0,0,0,0,1,0,159
house,emaar mgf marbella,sector 66,19.0,31666.666666666668,5,6,3+,3.0,Relatively New,6667.0,0,1,1,1,0,1,110
flat,sukhshanti apartment,sector 56,1.7,7727.272727272727,3,3,3,4.0,Moderately Old,2200.0,1,0,0,0,0,0,49
flat,bestech park view grand spa,sector 81,4.5,10714.285714285714,4,6,3+,17.0,Relatively New,3801.0,0,1,0,0,0,1,44
flat,ss the leaf,sector 85,1.93,8075.313807531381,3,4,3,7.0,Relatively New,2400.0,0,1,0,0,0,0,174
flat,signature andour heights,sector 71,0.55,8607.198748043818,2,2,1,7.0,Relatively New,600.0,0,0,0,0,0,1,24
flat,divya apartments,sector 6,0.6,7594.93670886076,2,2,0,2.0,Relatively New,790.0,0,0,0,0,0,1,15
flat,krrish florence estate,sector 70,1.25,6702.412868632708,3,3,3,18.0,Under Construction,1688.0,0,0,0,0,0,0,51
house,independent,sector 53,4.65,17573.696145124715,5,5,3+,1.0,Moderately Old,2646.0,0,0,0,0,0,1,0
flat,vatika the seven lamps,sector 82,1.0,5924.1706161137445,2,2,2,11.0,Relatively New,1299.0,1,0,0,0,0,1,90
flat,pareena laxmi apartments,sector 99a,0.31,5904.761904761905,2,2,2,6.0,New Property,583.0,0,0,0,0,0,0,74
flat,bptp terra,sector 37d,1.55,8558.807288790724,3,3,3+,11.0,Relatively New,1639.0,0,0,0,0,0,0,79
flat,mapsko royale ville,sector 82,1.22,7176.470588235294,3,5,3+,10.0,Relatively New,2000.0,0,1,0,1,0,1,76
flat,conscient heritage max,sector 102,2.2,10237.319683573754,3,4,3+,9.0,Moderately Old,1945.0,1,1,0,0,0,0,125
house,independent,sector 1,1.85,16003.460207612456,4,3,2,3.0,Moderately Old,1284.0,0,0,0,0,0,0,0
flat,bestech park view city,sector 49,3.0,12589.17331095258,4,4,3,5.0,Moderately Old,2200.0,0,1,0,1,0,1,141
flat,tata primanti,sector 72,4.0,13769.363166953528,4,5,2,7.0,Moderately Old,2629.0,0,1,0,0,0,0,38
flat,sare green parc 2,sector 92,1.07,5245.098039215686,4,3,3,10.0,Under Construction,2040.0,1,1,0,0,0,0,86
flat,brisk lumbini terrace homes,sector 109,1.38,6338.998621956821,3,3,1,4.0,Moderately Old,2419.0,0,0,0,0,0,0,20
flat,pyramid elite,sector 86,0.45,7745.26678141136,2,2,1,4.0,Relatively New,646.0,0,0,0,0,0,0,66
flat,signature global city 63a,sector 63a,1.55,14775.977121067684,2,2,2,2.0,Under Construction,1167.0,0,0,0,0,0,0,0
flat,eldeco accolade,sohna road,0.66,5180.533751962324,2,2,3,12.0,Relatively New,978.0,0,0,0,1,0,0,49
flat,elan the presidential,sector 106,6.3,15384.615384615385,5,6,3+,10.0,Under Construction,3797.0,0,0,0,0,0,1,62
house,signature global park,sohna road,0.85,7589.285714285715,3,2,2,1.0,New Property,1120.0,0,0,0,0,0,0,15
flat,ramprastha the atrium,sector 37d,1.0,7782.101167315175,3,3,2,4.0,Relatively New,1163.0,0,0,0,0,0,0,13
flat,pareena coban residences,sector 99a,1.45,7260.891337005508,3,5,3,11.0,Relatively New,1807.0,0,1,0,0,1,1,49
flat,bestech park view grand spa,sector 81,3.0,9419.152276295134,4,5,2,6.0,Relatively New,2882.0,0,1,0,0,0,1,110
house,independent,sector 28,1.39,11583.333333333334,2,2,1,3.0,Old Property,1450.0,0,0,1,0,0,0,37
flat,tulip violet,sector 69,1.55,9822.56020278834,3,3,2,5.0,Relatively New,1428.0,0,0,0,1,0,0,99
house,independent,sector 3,0.68,3874.643874643875,5,3,0,1.0,Old Property,1755.0,0,0,0,0,0,0,0
flat,vatika gurgaon,sector 83,0.75,6024.096385542169,2,2,2,19.0,Relatively New,1150.0,0,0,0,0,1,1,105
flat,dlf the ultima,sector 81,2.29,10925.57251908397,3,4,3+,15.0,Relatively New,1900.0,0,1,0,0,0,2,103
flat,vatika sovereign park,sector 99,2.45,8812.94964028777,3,4,3,1.0,New Property,2516.0,0,1,0,0,0,1,165
flat,krisumi waterfall residences,sector 36a,4.1,15500.94517958412,3,4,3,30.0,New Property,2820.0,1,0,0,0,0,2,49
flat,m3m woodshire,sector 107,1.02,6649.282920469361,2,2,3,6.0,Relatively New,1388.0,1,0,0,0,0,0,112
flat,bptp terra,sector 37d,1.72,9497.515184980672,3,3,3,9.0,Relatively New,1373.0,1,0,0,0,0,1,24
flat,unitech fresco,sector 50,1.82,9912.85403050109,3,3,3+,14.0,Moderately Old,1830.0,0,0,0,0,1,1,174
flat,vipul lavanya,sector 81,1.0,8000.0,2,2,2,7.0,Relatively New,1131.0,0,0,0,0,0,0,31
flat,rk tower,sector 2,0.95,9595.959595959595,2,2,1,1.0,Relatively New,1100.0,0,0,0,0,0,0,99
flat,breez global hill view,sohna road,0.32,5776.173285198556,2,2,2,19.0,Relatively New,616.0,0,0,0,0,0,1,21
flat,mapsko casa bella,sector 82,1.25,6377.551020408163,3,4,3+,8.0,Under Construction,1774.0,0,0,0,0,0,0,54
flat,puri emerald bay,sector 104,2.65,15005.662514156284,3,4,3,15.0,Relatively New,2090.0,0,1,0,0,0,1,174
flat,antriksh heights,sector 84,0.94,6999.255398361876,3,2,3+,10.0,New Property,1222.0,1,0,0,0,0,1,89
house,not applicable,sector 4,0.8,6088.2800608828,5,4,3,3.0,Under Construction,146.0,0,0,0,0,0,0,0
flat,green court,sector 90,0.47,6811.594202898551,2,2,1,0.0,New Property,767.0,0,0,0,0,0,0,49
flat,tulip leaf,sector 69,2.07,11423.84105960265,3,3,3,16.0,Relatively New,1640.0,0,0,0,0,0,0,49
flat,gls arawali homes,sohna road,0.27,4687.5,2,2,2,1.0,New Property,640.0,0,0,0,0,0,0,35
flat,ireo skyon,sector 60,3.6,12815.948736205057,4,5,3,24.0,Relatively New,2604.0,0,1,0,0,0,1,49
flat,chd avenue,sector 71,1.32,6019.151846785226,4,4,3,14.0,Moderately Old,1985.0,0,1,0,0,0,0,65
flat,sare crescent parc,sector 92,0.82,5384.110308601445,3,3,3+,12.0,Relatively New,1523.0,0,0,0,0,0,0,0
flat,tarc maceo,sector 91,0.89,6339.03133903134,2,2,3+,9.0,Relatively New,1302.0,0,0,0,0,1,1,13
flat,pareena mi casa,sector 68,1.1,9016.393442622952,2,2,3,13.0,New Property,1244.0,0,0,0,0,0,0,106
flat,emaar mgf palm hills,sector 77,1.25,8620.689655172413,3,4,3,1.0,Relatively New,1611.0,0,1,0,0,0,1,104
flat,green court,sector 90,0.4,6389.776357827476,2,2,1,8.0,New Property,575.0,0,0,0,0,0,0,20
flat,the close north,sector 50,3.0,11516.314779270631,3,3,3+,14.0,Old Property,2357.0,0,1,0,0,0,1,121
flat,la vida by tata housing,sector 113,1.35,13989.637305699482,2,2,3,10.0,New Property,1090.0,0,0,0,0,0,0,174
house,dlf city plots,sector 26,16.0,37780.40141676505,4,4,3,1.0,Relatively New,4235.0,1,0,1,1,0,0,7
flat,pareena coban residences,sector 99a,1.16,5808.713069604407,3,3,3,3.0,Relatively New,1790.0,0,1,0,0,1,0,49
flat,godrej nature plus,sector 33,1.27,9182.93564714389,2,2,3+,9.0,New Property,1252.0,0,0,0,0,0,0,38
flat,m3m golfestate,sector 65,6.15,18287.243532560213,3,3,3,23.0,Moderately Old,3027.0,1,1,0,0,0,1,60
flat,bptp terra,sector 37d,1.77,8078.50296668188,4,3,3,15.0,Relatively New,2025.0,1,1,0,1,1,0,49
house,independent,sector 25,4.45,32962.96296296296,4,3,3+,2.0,Moderately Old,1350.0,0,0,1,0,0,0,79
flat,signature global solera 2,sector 107,0.37,6678.70036101083,2,2,2,9.0,New Property,615.0,0,0,0,0,0,0,23
flat,experion windchants,sector 112,5.31,11204.89554758388,4,6,3+,15.0,Relatively New,3573.33,0,1,0,1,0,0,72
house,independent,sector 105,0.37,8222.222222222223,2,2,1,1.0,Moderately Old,450.0,0,0,0,0,1,0,0
flat,bestech park view grand spa,sector 81,2.2,8270.676691729323,3,4,3+,8.0,Relatively New,2481.0,0,1,0,0,0,1,165
house,independent,sector 26,4.6,12198.355873773537,4,4,3+,2.0,Old Property,3771.0,0,0,0,0,0,0,28
flat,shree vardhman flora,sector 90,0.8,5925.925925925926,2,3,2,0.0,Relatively New,1350.0,0,0,0,0,0,0,60
flat,bestech park view residency,sector 2,0.98,6960.227272727273,2,2,3,0.0,Moderately Old,1281.0,0,0,0,0,0,0,85
house,vatika india next,sector 83,1.7,7870.37037037037,3,3,3+,4.0,New Property,240.0,0,1,0,1,0,0,0
house,independent,sector 25,10.5,29021.55887230514,5,5,3,3.0,Moderately Old,3618.0,1,1,0,1,0,0,42
flat,mvn athens,sohna road,0.24,7058.823529411765,1,1,1,12.0,Relatively New,378.0,0,0,0,0,0,0,66
house,independent,sohna road road,0.5,5555.555555555556,2,1,2,1.0,Moderately Old,900.0,0,0,0,0,0,0,0
flat,ss the leaf,sector 85,2.05,7290.184921763869,4,4,3+,4.0,Relatively New,2500.0,0,1,0,0,0,1,49
house,international city by sobha phase 2,sector 109,9.5,26388.88888888889,5,5,3+,2.0,Relatively New,3600.0,1,1,1,1,0,0,133
house,independent,sector 25,10.0,37037.03703703704,5,6,3,3.0,Old Property,2700.0,0,1,1,0,0,1,64
flat,sare crescent parc,sector 92,0.7,5555.555555555556,3,3,2,14.0,Under Construction,140.0,0,0,0,0,0,0,38
flat,ireo skyon,sector 60,2.12,15531.135531135533,2,2,2,2.0,Relatively New,1350.0,0,0,0,1,0,1,174
house,huda plots,sector 56,2.95,20358.868184955143,2,2,2,1.0,Moderately Old,1449.0,0,0,0,0,0,0,31
house,independent,sector 26,20.0,44444.444444444445,5,7,3+,3.0,Relatively New,4500.0,0,1,0,1,0,2,97
flat,experion windchants,sector 112,3.0,11538.46153846154,3,3,2,2.0,Relatively New,2600.0,0,0,0,0,1,1,49
flat,signature global synera,sector 81,0.48,8026.755852842809,2,2,1,14.0,Relatively New,547.0,0,0,0,0,0,1,14
house,independent,sector 7,6.5,15046.296296296296,3,2,3+,2.0,Old Property,4320.0,0,0,0,0,0,0,9
flat,m3m golfestate,sector 65,6.1,18138.566755872733,3,3,3,19.0,Moderately Old,3027.0,1,1,0,0,0,1,174
flat,vatika the seven lamps,sector 82,1.28,6819.392647842302,3,3,3,3.0,Relatively New,1800.0,1,0,0,0,0,1,165
flat,godrej nature plus,sector 33,1.35,8670.520231213874,3,2,3+,17.0,New Property,1409.0,0,0,0,0,0,0,38
house,independent,sector 43,5.25,27131.782945736435,4,4,2,2.0,Old Property,1935.0,1,1,0,0,0,1,80
house,independent,sector 26,12.5,38580.246913580246,5,5,3+,2.0,Old Property,3240.0,1,1,1,1,0,1,79
flat,tulip ivory,sector 70,2.0,8333.333333333334,4,5,3+,7.0,Moderately Old,2169.0,0,1,0,0,0,1,174
house,sushant lok 1 builder floors,sector 43,13.0,48148.14814814815,3,3,3+,4.0,New Property,2700.0,0,0,0,1,0,1,7
house,emaar mgf marbella,sector 66,9.0,21251.475796930343,4,4,3+,2.0,Relatively New,5200.0,0,1,1,1,0,1,114
flat,central park flower valley,sector 33,1.55,11923.076923076924,3,3,3+,7.0,New Property,1444.0,0,0,0,0,0,1,28
flat,ireo the corridors,sector 67a,1.3,10030.864197530864,2,2,2,1.0,New Property,1296.0,0,0,0,0,0,0,55
flat,shree vardhman victoria,sector 70,1.65,8461.538461538461,3,5,3,6.0,Relatively New,1527.0,0,1,0,1,0,0,167
flat,emaar imperial gardens,sector 102,1.92,9600.0,3,3,3,12.0,Relatively New,2222.0,1,1,1,1,0,0,95
house,independent,sector 56,8.0,9653.674429829854,10,10,3+,4.0,Relatively New,8286.0,1,1,0,1,0,2,107
flat,emaar imperial gardens,sector 102,1.98,9900.0,3,3,3+,9.0,Relatively New,2222.0,0,1,0,0,0,1,72
house,project housing board colony,sector 28,2.58,17695.473251028805,4,2,2,2.0,Relatively New,1458.0,0,0,0,0,0,0,0
flat,pivotal devaan,sector 84,0.34,7039.337474120083,2,2,1,1.0,Relatively New,537.0,0,0,1,0,0,1,84
flat,dlf 76,sector 37,4.0,11428.57142857143,4,4,2,4.0,Relatively New,3889.0,1,1,0,0,0,1,101
house,anshul,sector 6,0.85,7727.272727272727,2,2,0,4.0,Moderately Old,1222.0,0,0,0,0,0,0,0
flat,emaar gurgaon greens,sector 102,1.45,8787.878787878788,3,3,2,7.0,Relatively New,1493.0,0,1,0,0,0,0,169
flat,ss the leaf,sector 85,2.1,7467.994310099573,4,4,3,7.0,Relatively New,2600.0,1,1,0,1,0,0,49
flat,apex builders,sector 37c,0.42,5600.0,2,2,2,4.0,Relatively New,833.0,0,0,0,0,0,0,42
house,unitech aspen greens,sector 50,6.8,31481.48148148148,4,5,3,3.0,Old Property,2160.0,1,1,0,0,0,1,111
flat,indiabulls centrum park,sector 103,2.45,8521.739130434782,4,4,3,11.0,Relatively New,2602.0,1,1,1,1,0,0,38
house,independent,sector 24,11.0,28901.73410404624,8,11,3+,3.0,Old Property,5000.0,1,1,0,1,1,1,39
flat,sare crescent parc,sector 92,1.44,7069.219440353461,4,4,3,8.0,Relatively New,2267.0,0,0,0,0,0,0,37
flat,emaar mgf emerald floors premier,sector 65,2.24,13575.757575757576,3,3,3,2.0,Relatively New,1833.0,1,1,0,0,0,0,46
flat,sidhivinayak apartments,sector 55,1.9,10555.555555555557,4,3,3+,9.0,Moderately Old,2000.0,0,0,0,1,0,2,35
flat,ramsons kshitij,sector 95,0.32,4500.7032348804505,2,2,1,8.0,Relatively New,563.0,0,0,0,0,1,2,28
house,international city by sobha phase 2,sector 109,12.5,26669.511414550885,5,6,3,3.0,Relatively New,4687.0,1,1,1,1,0,0,63
house,housing board colony,sector 28,3.5,25925.925925925927,2,6,3,3.0,Relatively New,1350.0,0,0,0,0,0,0,0
flat,dlf the ultima,sector 81,3.45,12356.7335243553,4,4,3+,25.0,Moderately Old,2527.0,0,1,0,0,0,0,67
flat,central park resorts,sector 48,3.65,15240.08350730689,3,3,3+,9.0,Relatively New,2395.0,0,0,0,0,1,1,157
flat,krrish provence estate,gwal pahari,7.5,7500.0,5,6,3+,23.0,Relatively New,9050.0,0,1,0,1,1,0,49
flat,signature global park,sohna road,0.83,7410.714285714285,3,2,2,1.0,New Property,1244.0,0,0,0,0,0,0,16
flat,shree vardhman flora,sector 90,1.25,4854.368932038835,4,4,3,10.0,Relatively New,2861.0,1,0,0,1,0,0,174
flat,corona optus,sector 37c,1.25,7175.660160734788,3,3,3,2.0,Relatively New,1563.0,1,0,0,0,0,0,49
flat,ats tourmaline,sector 109,1.45,6744.186046511628,3,4,3+,4.0,Relatively New,1797.0,0,1,0,0,0,0,71
house,unitech espace,sector 50,10.3,31790.123456790123,5,6,3+,3.0,Moderately Old,3240.0,1,1,1,1,0,1,160
house,independent,sohna road road,1.2,22304.832713754648,1,4,3+,4.0,Old Property,50.0,0,0,0,0,0,0,8
flat,la vida by tata housing,sector 113,1.9,18500.486854917235,3,2,2,10.0,Relatively New,1285.0,0,0,0,1,0,1,174
flat,gls avenue 51,sector 92,0.5,7812.5,3,3,1,12.0,New Property,711.0,0,0,0,0,0,2,95
house,independent,sector 2,1.0,8230.45267489712,3,7,3+,3.0,Moderately Old,135.0,0,0,0,1,0,0,0
flat,gls avenue 51,sector 92,0.5,7812.5,3,3,1,0.0,Relatively New,579.0,0,0,0,0,0,0,0
flat,dlf carlton estate,sector 43,2.1,15418.502202643172,3,3,1,2.0,Old Property,1233.0,0,0,1,0,0,1,88
flat,tulip violet,sector 69,1.8,8955.223880597016,4,4,2,9.0,Relatively New,1819.0,0,0,0,1,0,1,165
flat,tata primanti,sector 72,3.21,16050.0,3,4,3+,15.0,Relatively New,2140.0,0,1,0,0,0,1,174
flat,dlf the ultima,sector 81,2.4,11412.268188302423,3,3,3+,12.0,Relatively New,1650.0,0,1,0,0,0,2,49
flat,ashiana anmol,sohna road,0.88,11125.158027812897,2,2,2,13.0,Relatively New,1016.0,0,0,0,0,0,2,127
flat,ats triumph,sector 104,2.52,8000.0,4,4,3+,19.0,Relatively New,2800.0,0,1,1,0,0,1,156
flat,orchid petals,sector 49,1.9,10526.315789473683,3,3,3,9.0,Moderately Old,2006.0,0,1,0,0,0,0,95
flat,tata primanti,sector 72,6.5,15294.117647058823,4,4,3+,0.0,Relatively New,3846.0,1,1,0,1,0,0,67
flat,vatika emilia floors,sector 83,0.65,6190.476190476191,2,2,2,1.0,Relatively New,950.0,0,0,0,0,0,1,174
flat,palam vihar society,sector 2,0.4,8602.150537634408,1,1,1,5.0,Moderately Old,450.0,0,0,0,0,0,1,39
flat,corona optus,sector 37c,1.5,6361.323155216285,3,4,3+,14.0,New Property,2134.0,0,1,0,0,1,0,83
flat,paras irene,sector 70a,1.2,8450.704225352112,2,2,3,6.0,Moderately Old,1285.0,0,0,0,0,0,0,42
flat,orris carnation residency,sector 85,0.9,6428.571428571428,3,3,2,12.0,Relatively New,1402.0,0,0,0,0,0,0,120
flat,ats tourmaline,sector 109,2.3,8897.485493230173,3,4,3+,10.0,New Property,2339.0,0,1,0,0,1,0,74
flat,sidhartha ncr greens,sector 95,0.56,5656.565656565656,2,2,3,13.0,New Property,896.0,0,0,0,0,0,0,8
flat,hero homes,sector 104,1.4,15819.209039548025,3,2,2,4.0,Relatively New,1120.0,0,0,0,0,0,0,49
flat,imperia the esfera,sector 37c,0.99,5500.0,3,3,1,10.0,New Property,1643.0,0,1,0,0,0,0,49
flat,imperia aashiyara,sector 37c,0.4,5882.35294117647,2,2,3,3.0,Under Construction,756.0,0,0,0,0,0,0,126
flat,vatika the seven lamps,sector 82,0.78,5931.558935361217,2,2,2,0.0,Relatively New,1175.0,0,0,0,0,0,1,103
flat,tata primanti,sector 72,6.75,19285.714285714286,4,4,3+,0.0,New Property,4000.0,0,1,0,0,0,1,174
flat,dlf new town heights,sector 90,2.0,7334.066740007334,4,4,3+,20.0,Moderately Old,2468.0,0,1,0,0,1,0,49
flat,sunischit apartments,sector 54,1.75,7954.545454545455,3,3,3+,6.0,Moderately Old,2100.0,0,1,0,0,0,1,126
house,independent,sector 5,3.75,11029.411764705885,5,5,3+,3.0,Old Property,3400.0,0,0,0,0,0,0,0
house,independent,sector 6,1.25,11574.074074074077,2,5,1,2.0,New Property,120.0,0,0,0,1,0,0,0
house,independent,sector 12,1.0,8230.45267489712,3,7,3+,3.0,Moderately Old,3750.0,0,0,1,1,0,0,7
flat,signature global city 81,sector 81,0.96,9766.022380467955,2,2,2,1.0,Relatively New,1194.0,0,0,0,0,0,0,49
flat,dlf the primus,sector 82a,2.95,11451.863354037268,4,5,3+,10.0,Relatively New,2110.0,0,1,0,0,0,2,174
flat,corona gracieux,sector 76,1.08,5510.2040816326535,3,3,3,1.0,New Property,1774.0,0,1,0,0,0,0,58
flat,supertech araville,sector 79,1.35,9000.0,2,2,3,6.0,New Property,1350.0,1,0,0,0,1,1,88
flat,pareena coban residences,sector 99a,1.35,6760.140210315473,3,5,3,6.0,New Property,1807.0,0,1,0,0,1,0,60
flat,pivotal devaan,sector 84,0.35,7246.376811594203,2,2,2,4.0,Relatively New,537.0,0,0,0,0,0,0,37
flat,sare homes,sector 92,0.95,4750.0,4,3,2,17.0,New Property,1983.0,0,0,0,0,0,0,7
flat,alpha corp gurgaonone,sector 84,0.85,6692.913385826771,2,2,3,6.0,Relatively New,1158.0,0,0,0,0,0,1,28
flat,ss the leaf,sector 85,1.2,12371.134020618556,2,2,2,4.0,Relatively New,1190.0,0,1,1,0,0,0,81
house,rattan garden,sector 7,1.3,13499.480789200416,2,3,2,3.0,Old Property,963.0,0,0,0,0,0,0,0
flat,sare crescent parc,sector 92,0.49,4909.819639278557,2,2,2,2.0,Relatively New,1109.0,0,0,0,0,0,0,96
flat,godrej nature plus,sector 33,1.5,10197.144799456151,2,2,3+,2.0,New Property,1539.0,0,0,0,0,0,0,87
flat,smart world gems,sector 89,1.01,9156.84496826836,2,2,2,4.0,New Property,1226.0,1,0,0,0,0,0,38
flat,indiabulls centrum park,sector 103,2.4,8347.826086956522,4,6,3+,15.0,Relatively New,2456.0,0,1,0,0,0,0,156
flat,sidhartha ncr greens,sector 95,0.96,6201.550387596899,3,3,3,8.0,New Property,1720.0,0,0,1,1,0,0,8
flat,signature global solera,sector 107,0.35,6398.53747714808,2,2,2,8.0,Relatively New,608.0,0,0,0,0,0,0,45
house,independent,sector 43,1.9,3909.465020576132,3,3,3+,3.0,Old Property,60.0,0,0,0,0,0,2,0
flat,bestech park view ananda,sector 81,0.87,7952.468007312615,2,2,3,8.0,Relatively New,1300.0,0,0,0,0,0,0,95
flat,m3m heights,sector 65,3.67,17990.196078431374,3,3,2,27.0,Relatively New,2040.0,0,1,0,0,0,0,43
house,independent,sector 26,5.8,12837.538733953075,4,4,3+,4.0,Old Property,4518.0,0,0,0,0,0,0,38
flat,godrej aria,sector 79,0.95,6551.724137931034,2,2,3,5.0,Relatively New,1611.0,0,0,0,0,0,1,174
flat,ambience creacions,sector 22,4.63,14983.818770226537,3,5,3+,5.0,New Property,2796.0,0,1,0,0,1,0,120
flat,conscient heritage max,sector 102,2.0,9306.654257794324,3,4,3+,13.0,Relatively New,1900.0,1,1,0,0,0,1,174
flat,eldeco accolade,sohna road,0.78,5420.43085476025,2,2,2,7.0,Relatively New,1319.0,1,0,0,0,0,1,137
house,independent,sector 25,4.31,31925.925925925927,5,4,3,3.0,Old Property,1350.0,0,0,0,0,0,0,40
flat,whiteland blissville,sector 76,1.9,11363.636363636364,3,3,2,0.0,Under Construction,1513.0,0,0,0,0,0,0,61
flat,bestech park view grand spa,sector 81,2.3,8646.616541353384,3,4,3+,7.0,Relatively New,2280.0,0,1,0,0,0,1,49
flat,siddhartha apartment,sector 95,0.72,3664.122137404581,3,3,2,4.0,Relatively New,1800.0,0,0,0,0,1,0,21
flat,ss,sector 85,1.2,7151.370679380215,2,2,3,15.0,Relatively New,1660.0,0,0,0,0,0,0,49
flat,smart world orchard,sector 61,1.6,13913.04347826087,2,2,2,4.0,New Property,1278.0,1,0,0,0,1,0,29
flat,gls arawali homes,sohna road,0.3,5291.005291005291,2,2,0,10.0,Relatively New,567.0,0,0,0,0,0,0,0
flat,signature andour heights,sector 71,0.65,10172.143974960876,2,2,1,10.0,Relatively New,590.0,0,0,0,0,0,1,23
flat,the close north,sector 50,2.35,11227.902532250358,3,3,3,8.0,Moderately Old,2000.0,0,0,1,0,0,1,149
flat,pyramid urban homes 2,sector 86,0.5,8319.467554076538,2,2,1,2.0,Relatively New,668.0,0,0,0,0,0,0,35
flat,tulip violet,sector 69,1.7,8432.539682539682,4,4,2,10.0,New Property,1819.0,0,0,0,0,0,0,125
flat,ss the leaf,sector 85,1.18,10727.272727272728,2,2,3,9.0,Relatively New,1700.0,1,0,0,0,0,1,150
flat,microtek greenburg,sector 86,1.25,8445.945945945947,2,2,3,13.0,Moderately Old,1339.0,1,0,0,0,0,0,6
flat,mapsko royale ville,sector 82,1.12,6256.983240223463,3,3,2,12.0,Relatively New,1588.0,0,0,0,1,0,0,49
flat,paras dews,sector 106,1.5,6369.426751592357,4,6,3+,11.0,Relatively New,1535.0,0,1,0,0,0,0,174
flat,dlf regal gardens,sector 90,1.25,7339.988256018791,3,3,3,28.0,Moderately Old,1541.0,0,1,0,0,0,0,38
flat,ats triumph,sector 104,2.0,8733.624454148472,3,4,3+,4.0,Relatively New,2072.0,0,1,0,0,0,0,60
flat,vatika lifestyle homes,sector 83,1.1,6267.806267806268,3,3,2,8.0,Relatively New,1588.0,1,0,1,1,0,1,174
flat,emaar gurgaon greens,sector 102,1.39,8424.242424242424,3,3,3,7.0,Relatively New,1493.0,0,1,0,0,0,1,21
house,dlf new town heights,sector 86,2.5,7827.175954915467,4,5,3+,4.0,Moderately Old,3194.0,0,1,0,1,1,1,49
house,independent,sector 50,10.45,38703.7037037037,4,5,2,3.0,Moderately Old,4000.0,1,1,0,1,0,1,142
house,independent,sector 7,0.45,5000.0,3,2,1,2.0,Old Property,900.0,0,0,0,0,1,0,12
flat,cancon enclave,sector 4,1.05,7777.777777777777,3,2,2,2.0,New Property,1500.0,0,0,0,0,0,1,0
flat,bptp astaire gardens,sector 70a,1.8,9350.64935064935,3,3,3,3.0,Relatively New,1925.0,1,0,0,0,0,0,135
flat,prime habitat,sector 99a,0.32,4657.933042212519,2,2,1,7.0,Relatively New,601.0,0,0,0,0,0,0,44
flat,sidhartha ncr one phase,sector 95,0.56,4105.571847507332,2,2,2,10.0,Relatively New,1234.0,0,0,0,0,0,1,60
flat,sunischit apartments,sector 54,1.75,7954.545454545455,3,4,3+,5.0,Moderately Old,1900.0,0,1,0,0,0,1,83
flat,adani brahma samsara vilasa,sector 63,3.0,16666.666666666668,3,3,3,3.0,New Property,2000.0,0,0,0,0,0,0,24
flat,tulip violet,sector 69,1.55,9822.56020278834,3,3,2,0.0,Relatively New,1428.0,0,0,0,1,0,1,129
flat,emaar mgf emerald floors premier,sector 65,3.5,17721.518987341773,4,4,3,4.0,Relatively New,1975.0,0,1,0,0,0,0,114
house,independent,sector 26,4.5,33333.333333333336,5,5,3+,2.0,Old Property,1350.0,0,0,0,0,0,0,7
flat,hero homes,sector 104,1.9,11249.259917110716,3,3,3,16.0,Relatively New,1365.0,0,0,0,1,0,1,103
flat,godrej summit,sector 104,0.75,5910.16548463357,2,2,3,6.0,Relatively New,1148.0,0,0,0,0,1,0,79
flat,today callidora,sector 73,0.9,5548.705302096178,3,3,3,3.0,Under Construction,1622.0,0,1,0,0,0,0,63
flat,m3m skywalk,sector 74,1.5,10714.285714285714,2,2,1,8.0,New Property,1556.0,0,0,0,0,0,0,16
flat,aipl peaceful homes,sector 70a,2.75,12790.697674418603,3,3,3+,14.0,Relatively New,2150.0,0,0,0,0,0,0,0
flat,imperia the esfera,sector 37c,0.95,5702.280912364946,2,2,0,17.0,Under Construction,1578.0,0,1,0,0,0,0,66
house,independent,sector 26,18.0,39840.6374501992,5,4,3+,4.0,Moderately Old,4518.0,1,1,1,1,0,1,113
flat,m3m woodshire,sector 107,0.94,6881.405563689605,2,2,3+,1.0,Moderately Old,1236.0,0,0,0,0,0,0,113
flat,godrej oasis,sector 88a,2.65,16750.94816687737,3,3,3+,10.0,New Property,1582.0,0,0,0,0,0,0,110
house,independent,sector 26,9.0,33333.333333333336,5,5,2,3.0,Old Property,2700.0,1,1,1,1,0,2,110
house,independent,sector 26,18.9,41832.66932270916,6,8,2,3.0,Relatively New,4518.0,1,1,1,1,0,1,120
flat,the lions cghs,sector 56,2.0,8333.333333333334,4,4,3,8.0,Relatively New,2253.0,0,0,0,0,1,1,49
flat,tulip ivory,sector 70,2.35,9791.666666666666,4,4,3+,10.0,Moderately Old,2667.0,0,1,0,0,0,1,65
flat,ramprastha the edge towers,sector 37d,0.8,8888.888888888889,2,2,3,10.0,Relatively New,1310.0,0,0,0,0,1,0,166
flat,bestech park view ananda,sector 81,0.9,6617.64705882353,2,2,3,8.0,New Property,1231.0,0,0,0,0,1,0,60
flat,smart world gems,sector 89,1.0,9033.423667570009,2,2,2,1.0,Under Construction,1230.0,1,0,0,0,0,0,38
flat,ats triumph,sector 104,2.3,10000.0,3,4,3+,15.0,New Property,2544.0,0,1,0,0,0,0,117
flat,imperia the esfera,sector 37c,0.87,5513.307984790875,2,3,3+,5.0,Relatively New,1300.0,1,0,0,0,0,0,109
flat,conscient heritage max,sector 102,2.22,13875.0,3,4,3+,15.0,Relatively New,2000.0,1,1,0,0,0,0,82
flat,indiabulls centrum park,sector 103,2.36,9182.879377431907,4,6,3+,8.0,Relatively New,2729.0,0,1,0,0,0,1,159
house,independent,sector 38,3.5,24305.555555555555,3,3,2,1.0,Relatively New,1440.0,0,0,0,0,0,0,0
flat,tulip violet,sector 69,1.76,8756.218905472637,4,4,2,6.0,Relatively New,1819.0,0,0,0,0,0,0,108
flat,tulip yellow,sector 69,1.8,10563.38028169014,3,3,3,14.0,Relatively New,1893.0,0,0,0,0,0,0,49
flat,ansal housing highland park,sector 103,1.1,6242.905788876277,3,3,3+,7.0,New Property,1500.0,0,0,0,0,0,0,87
flat,unitech the residences,sector 33,1.55,9872.611464968151,3,4,1,1.0,Relatively New,1421.0,0,1,0,0,0,0,37
house,unitech aspen greens,sector 50,7.0,32407.40740740741,4,4,2,2.0,Old Property,2160.0,0,1,0,0,0,0,29
house,unitech escape,sector 50,12.0,37037.03703703704,5,6,3+,3.0,Moderately Old,3240.0,0,0,0,0,0,0,66
flat,conscient heritage max,sector 102,1.75,9011.328527291453,3,4,3+,13.0,Relatively New,1757.0,0,1,0,0,0,1,94
flat,dlf park place,sector 54,6.75,24963.01775147929,4,4,2,8.0,Moderately Old,2076.0,0,1,0,0,0,2,135
flat,godrej nature plus,sector 33,1.08,13122.721749696231,2,2,3,8.0,New Property,85.0,0,0,0,0,0,0,56
flat,bestech park view ananda,sector 81,1.45,8011.049723756906,3,3,3,8.0,Relatively New,1650.0,0,0,0,0,1,1,128
flat,tulip lemon,sector 69,0.6,11406.84410646388,2,1,1,11.0,Relatively New,584.0,0,0,0,0,0,0,0
flat,dlf the arbour,sector 63,8.5,21518.98734177215,4,4,0,27.0,New Property,3950.0,0,0,0,0,0,0,61
flat,lavanya apartments,sector 81,0.9,5056.179775280899,3,3,0,7.0,Relatively New,1780.0,0,0,0,0,0,0,0
flat,central park flower valley,sector 33,1.4,21538.46153846154,3,3,3,2.0,Under Construction,588.0,0,0,0,0,0,0,54
flat,dlf the skycourt,sector 86,1.6,8294.45308449974,3,3,1,14.0,Relatively New,1746.0,0,0,0,1,0,0,72
house,eros rosewood villas,sector 49,2.5,13513.513513513511,3,3,2,2.0,Moderately Old,1900.0,0,0,1,1,0,0,59
flat,rof ananda,sector 95,0.38,5900.621118012423,2,2,2,5.0,Relatively New,716.0,1,0,0,0,0,0,83
flat,emaar imperial gardens,sector 102,2.05,9874.7591522158,3,4,3+,14.0,Relatively New,2250.0,0,1,0,0,0,0,116
flat,pioneer araya,sector 62,9.95,20995.990715340788,4,6,3,12.0,Relatively New,3933.0,0,1,0,1,0,1,138
flat,vatika gurgaon,sector 83,1.33,5564.853556485356,4,4,3,3.0,Relatively New,2193.0,0,1,0,0,0,0,26
flat,shapoorji pallonji joyville gurugram,sector 102,1.1,12181.616832779624,2,2,1,8.0,Relatively New,817.0,0,0,0,0,0,0,105
flat,mvn athens,sohna road,0.26,5394.190871369295,2,2,1,2.0,Relatively New,535.0,0,0,0,0,0,0,37
flat,puri diplomatic greens,sector 111,5.25,11666.666666666666,4,6,3+,7.0,Relatively New,4072.0,0,1,0,0,0,1,134
house,independent,sector 3 phase 3 extension,1.0,6666.666666666667,1,1,0,1.0,Moderately Old,1500.0,0,0,0,0,0,0,0
flat,sonata group housing gh 24,manesar,1.65,5892.857142857143,4,3,3,8.0,New Property,3111.0,0,1,0,0,0,0,20
flat,takshila heights sector 37 c,sector 92,0.67,5583.333333333333,2,2,2,3.0,Relatively New,1086.0,0,0,0,0,0,0,23
flat,godrej habitat,sector 3,1.1,10406.811731315043,2,2,2,14.0,Under Construction,956.0,0,0,0,0,0,0,60
flat,godrej aria,sector 79,0.96,13296.39889196676,2,2,3,8.0,Relatively New,1012.0,0,0,0,0,0,0,49
flat,project krishna colony,sector 7,0.36,5142.857142857143,2,2,1,0.0,Relatively New,700.0,0,0,0,0,0,0,0
flat,lotus homz,sector 111,0.5,14836.79525222552,1,1,1,2.0,Relatively New,374.0,0,0,0,0,0,2,72
flat,ss the leaf,sector 85,1.84,7641.196013289036,3,4,3,8.0,Relatively New,2026.0,0,0,0,1,0,0,158
house,independent,sector 40,5.0,21123.78538234052,9,9,3+,3.0,Relatively New,2367.0,0,0,0,1,0,1,66
flat,pyramid urban,sector 67a,0.55,10516.25239005736,2,2,2,3.0,Relatively New,581.0,0,0,0,0,0,0,73
flat,la vida by tata housing,sector 113,2.35,13352.272727272728,3,4,3,3.0,Relatively New,1930.0,0,1,0,0,0,0,174
flat,shree vardhman victoria,sector 70,1.1,8461.538461538461,2,2,2,0.0,New Property,1026.0,1,0,0,0,0,0,49
flat,orris aster court premier,sector 85,1.45,6839.622641509434,3,4,2,3.0,New Property,1616.0,0,1,0,0,0,0,16
flat,ss the leaf,sector 85,1.11,6851.851851851852,2,2,3,8.0,Relatively New,1630.0,0,0,1,0,0,0,174
flat,ramprastha city,dwarka expressway,1.3,9027.777777777776,3,3,2,3.0,Under Construction,1303.0,0,0,0,0,0,0,0
flat,shree vardhman victoria,sector 70,1.62,13953.488372093025,3,3,3,9.0,Relatively New,1527.0,0,1,0,0,0,0,96
flat,bhawna cghs,sector 43,3.25,10156.25,4,4,3+,12.0,Moderately Old,3115.0,0,0,0,1,0,1,119
flat,m3m woodshire,sector 107,1.35,5717.916137229988,3,4,3+,8.0,Relatively New,1950.0,0,1,0,0,0,1,74
flat,central park resort belgravia residences,sector 48,6.25,24300.155520995333,3,5,3+,5.0,Moderately Old,3200.0,0,1,0,0,0,1,49
flat,emaar mgf emerald floors premier,sector 65,2.35,14242.424242424242,3,3,3,2.0,Relatively New,1493.0,1,1,0,0,0,1,168
flat,signature the roselia,sector 95,0.41,6193.353474320242,2,2,2,12.0,New Property,670.0,1,0,0,0,0,1,90
flat,dlf belvedere towers,sector 25,3.4,13765.182186234815,4,4,3,1.0,Old Property,2744.0,0,1,0,0,0,0,26
flat,apartment,sector 92,0.75,4687.5,3,4,3,2.0,Moderately Old,1778.0,1,0,0,0,0,0,113
flat,sare homes,sector 92,0.65,4587.155963302752,3,3,2,3.0,Relatively New,1574.0,0,0,0,0,0,0,6
flat,shapoorji pallonji joyville gurugram,sector 102,2.04,14068.96551724138,3,3,3+,1.0,Relatively New,1644.0,0,0,0,0,0,0,72
flat,the penthouses at the hibiscus,sector 50,8.5,8500.0,4,4,3,9.0,Moderately Old,11111.0,0,1,0,0,0,0,35
flat,sare crescent parc,sector 92,0.8,4210.526315789473,4,3,2,10.0,Relatively New,1719.0,0,0,0,0,1,0,37
flat,vatika lifestyle homes,sector 83,1.15,6552.706552706552,3,2,3,15.0,Relatively New,1588.0,0,0,0,0,0,0,37
flat,bestech park view residency,sector 2,1.51,7868.681605002605,3,4,3+,7.0,Moderately Old,1738.0,0,1,0,0,0,1,84
flat,tulip orange,sector 70,1.0,10309.278350515464,3,2,2,3.0,Moderately Old,1078.0,0,0,0,0,0,0,58
flat,puri diplomatic greens,sector 111,2.58,11727.272727272728,3,4,2,9.0,Relatively New,2200.0,0,1,0,0,0,0,101
flat,signature andour heights,sector 71,0.39,9848.484848484848,1,1,2,1.0,New Property,294.0,0,0,0,0,0,0,0
flat,dlf regency park,sector 28,2.3,11819.116135662898,3,3,3,7.0,Moderately Old,1777.0,0,1,0,0,0,0,117
house,ss aaron ville,sector 49,6.75,15000.0,5,4,2,2.0,New Property,4500.0,0,0,0,0,1,0,49
flat,ansal heights,sector 92,0.72,4500.0,3,3,3,9.0,Relatively New,1700.0,0,1,0,0,0,0,49
flat,suncity avenue 76,sector 76,0.75,10204.081632653062,2,2,2,11.0,Under Construction,665.0,0,0,0,0,0,0,57
flat,pioneer urban presidia,sector 62,7.15,16486.050265160247,4,5,3+,7.0,Relatively New,3925.0,1,1,1,0,0,1,158
house,ansal heights,sector 92,2.75,9793.447293447294,4,4,3+,3.0,Relatively New,5000.0,1,0,0,1,0,0,0
flat,tulip violet,sector 69,1.2,10909.09090909091,2,3,0,0.0,Relatively New,1100.0,0,0,0,0,0,0,54
flat,godrej,sector 79,1.91,8511.586452762924,3,4,3+,7.0,Relatively New,2031.0,0,1,0,0,0,0,158
flat,kendriya vihar,sector 56,0.47,7768.595041322314,1,1,1,3.0,Old Property,672.0,0,0,0,0,0,1,52
flat,corona gracieux,sector 76,0.75,5660.377358490566,2,2,3,13.0,Relatively New,1199.0,0,0,0,0,0,1,0
house,independent,sector 3,0.8,8154.943934760448,2,4,1,2.0,Moderately Old,109.0,0,0,0,0,0,0,0
flat,ats kocoon,sector 109,2.22,10596.658711217184,3,4,3,14.0,Relatively New,1860.0,1,1,1,1,0,0,45
flat,bptp freedom park life,sector 57,2.5,11111.111111111111,3,3,3,9.0,Moderately Old,2036.0,0,0,0,0,0,0,55
house,independent,sector 55,4.6,21296.296296296296,3,3,3+,2.0,Old Property,2160.0,0,1,1,1,0,1,37
flat,the lions cghs,sector 56,1.99,11055.555555555557,4,4,3+,4.0,Old Property,2000.0,0,0,0,1,1,1,105
house,my home,sector 110,0.34,12592.592592592591,2,2,2,3.0,Moderately Old,270.0,0,0,0,0,0,0,22
house,independent,sector 105,0.35,7777.777777777777,2,2,1,2.0,Moderately Old,556.0,0,0,0,0,0,0,0
flat,emaar mgf emerald estate,sector 65,1.7,21013.59703337453,3,3,3,7.0,Relatively New,1081.0,1,0,0,0,0,1,116
house,sheetla enclave,sector 5,0.96,10000.0,2,4,2,3.0,Moderately Old,945.0,0,0,1,1,0,1,0
flat,orchid petals,sector 49,2.51,12178.55409995148,3,3,3+,7.0,Old Property,2061.0,1,0,0,0,0,1,72
flat,vatika lifestyle homes,sector 83,1.3,4545.454545454545,3,3,1,6.0,Relatively New,2588.0,0,0,0,0,0,0,79
flat,sobha city,sector 108,3.35,13267.326732673268,3,4,2,19.0,New Property,2525.0,0,0,0,0,0,0,102
house,independent,sector 2,5.6,17283.95061728395,8,6,3+,2.0,Moderately Old,3240.0,1,1,1,1,0,0,0
house,palam vihar extension west zone rwa,sector 2,0.65,5777.777777777777,2,2,1,1.0,Moderately Old,1125.0,0,0,1,0,0,0,23
flat,ansal heights 86,sector 86,0.78,5735.294117647059,2,2,2,8.0,New Property,1360.0,0,0,0,0,0,0,72
flat,dlf the skycourt,sector 86,1.5,7776.049766718507,3,3,1,15.0,Relatively New,1550.0,0,0,0,0,0,0,159
flat,tulip violet,sector 69,2.05,9951.456310679612,4,4,2,0.0,Relatively New,1889.0,0,0,0,0,0,0,157
flat,bestech park view spa next,sector 67,2.85,12127.659574468084,4,4,3+,5.0,Moderately Old,2127.0,0,1,0,1,0,1,149
flat,signature global park,sohna road,0.79,7308.048103607771,3,2,3+,4.0,Under Construction,978.0,0,0,0,0,0,0,109
house,independent,sector 105,0.7,5833.333333333333,3,2,2,1.0,Moderately Old,1200.0,0,0,0,0,0,0,0
flat,ss,sector 85,1.18,7168.894289185905,2,2,3,4.0,Relatively New,1630.0,0,0,0,0,0,0,49
flat,ansal heights 86,sector 86,0.9,5325.443786982249,3,3,2,10.0,New Property,1690.0,0,0,0,0,0,0,29
house,independent,sector 82,7.5,23148.14814814815,5,5,3+,2.0,Relatively New,3240.0,0,1,0,1,0,1,135
flat,ireo victory valley,sector 67,4.55,14536.741214057509,4,4,3+,19.0,Relatively New,2833.0,0,1,0,0,0,1,156
house,independent,sector 43,3.35,26972.62479871176,1,1,0,1.0,Old Property,1242.0,0,0,0,0,0,0,9
flat,sare green parc phase 3,sector 92,0.7,5279.034690799396,3,2,2,4.0,Relatively New,1325.0,0,0,0,0,0,0,56
house,independent,sector 4,3.2,14222.222222222224,3,3,2,2.0,Old Property,2250.0,0,0,0,0,0,0,13
flat,signature global synera,sector 81,0.49,6666.666666666667,2,2,3,5.0,Relatively New,700.0,0,0,0,0,0,0,117
flat,ss the leaf,sector 85,2.2,6933.501418216199,4,5,3+,4.0,Relatively New,2545.0,0,0,0,0,0,0,106
flat,the close north,sector 50,2.92,11209.213051823415,3,3,3,10.0,Moderately Old,2600.0,0,1,0,0,0,1,174
flat,orris aster court premier,sector 85,1.25,5896.226415094339,3,4,2,5.0,Relatively New,1900.0,0,1,0,0,0,1,174
flat,pioneer araya,sector 62,7.56,18000.0,4,4,3+,23.0,Relatively New,4200.0,0,1,0,1,0,1,87
house,satya the legend,sector 57,9.25,16577.060931899643,5,5,3+,4.0,Relatively New,5580.0,1,1,1,1,0,1,160
flat,ild greens,sector 37c,1.0,4319.654427645788,3,3,3+,5.0,Under Construction,1697.0,0,0,0,0,0,0,51
flat,corona optus,sector 37c,1.27,7232.346241457859,3,3,3,2.0,Relatively New,1595.0,0,0,0,0,1,0,49
flat,signature global orchard avenue,sector 93,0.85,14237.85594639866,2,2,0,10.0,Relatively New,597.0,0,0,0,0,0,0,0
flat,smart world gems,sector 89,1.71,12000.0,3,2,0,3.0,New Property,1423.0,0,0,0,0,0,0,45
flat,signature global park,sohna road,0.54,7200.0,2,2,2,4.0,Under Construction,833.0,0,0,0,0,0,0,111
house,dlf city plots phase 2,sector 25,10.5,29021.55887230514,4,4,2,2.0,Old Property,3618.0,0,1,0,1,0,1,91
flat,sare crescent parc,sector 92,0.5,5000.0,2,2,3,2.0,Moderately Old,905.0,0,0,0,0,0,0,38
house,dlf city phase 1,sector 26,5.5,30555.555555555555,4,4,3+,2.0,Moderately Old,1800.0,0,0,1,1,0,0,49
flat,pivotal devaan,sector 84,0.34,5831.903945111492,2,2,1,3.0,Relatively New,533.0,0,0,1,0,0,0,75
flat,adani brahma samsara vilasa,sector 63,3.35,16470.00983284169,3,3,3+,3.0,New Property,2034.0,0,0,0,0,0,1,16
flat,dlf express greens,manesar,1.6,6808.510638297872,4,6,3+,4.0,Relatively New,2611.0,1,1,0,1,0,0,49
flat,smart world orchard,sector 61,2.0,12911.555842479018,3,3,2,3.0,New Property,1721.0,0,0,0,0,1,0,61
flat,emaar mgf palm hills,sector 77,1.9,9500.0,3,4,3+,6.0,New Property,1582.0,0,1,0,0,0,1,42
flat,puri emerald bay,sector 104,1.5,9677.41935483871,2,2,2,7.0,Under Construction,1403.0,0,0,0,0,1,0,43
house,unitech uniworld resorts,sector 33,9.5,23335.78973225252,5,7,3+,2.0,Relatively New,4071.0,1,1,1,1,0,0,57
flat,czar mahira homes 63a,sector 63a,0.42,7407.407407407408,3,2,2,1.0,Relatively New,630.0,0,0,0,0,0,0,0
flat,bestech park view residency,sector 2,1.55,8072.916666666667,3,4,3+,10.0,Moderately Old,1738.0,0,1,0,0,0,0,100
house,independent,sector 2,4.95,20370.37037037037,6,5,3+,3.0,Relatively New,2430.0,0,1,0,0,0,0,91
flat,ss the leaf,sector 85,1.14,6951.219512195122,2,2,3,4.0,Relatively New,1484.0,0,0,0,0,0,0,109
flat,emaar palm gardens,sector 83,1.76,9263.157894736842,3,3,3,6.0,Relatively New,1500.0,0,1,0,0,0,1,165
house,independent,sector 31,3.5,24154.58937198068,4,4,3,2.0,Old Property,1449.0,0,0,1,0,0,1,70
house,bptp visionnaire,sector 70a,4.02,7309.090909090909,4,4,3+,3.0,Relatively New,5500.0,1,1,1,1,0,0,138
flat,la vida by tata housing,sector 113,1.55,11654.135338345865,2,2,3,2.0,New Property,1276.0,0,0,0,0,0,0,174
flat,avl 36 gurgaon,sector 36a,0.45,9000.0,1,1,1,9.0,Relatively New,452.0,0,0,0,0,0,0,0
flat,paras dews,sector 106,1.1,9734.513274336285,3,4,3+,8.0,Relatively New,1186.0,0,1,0,0,0,1,174
flat,m3m heights,sector 65,2.0,13956.734124214934,2,2,2,32.0,Relatively New,1433.0,0,0,0,0,0,0,48
flat,experion the heartsong,sector 108,0.98,13351.49863760218,2,3,3,4.0,Relatively New,978.23,1,0,0,0,0,0,135
flat,ansal api esencia,sector 67,1.0,6435.006435006435,3,3,3+,2.0,Moderately Old,1406.0,0,0,0,0,0,0,9
flat,laxmi apartment sector 99a gurgaon,sector 99a,0.3,4615.384615384615,2,2,1,4.0,New Property,600.0,0,0,0,0,0,0,44
flat,umang winter hills,sector 77,1.0,7501.875468867217,2,2,2,3.0,New Property,1489.0,0,0,0,0,0,0,74
flat,ss the leaf,sector 85,1.98,8256.880733944954,3,4,3,12.0,Relatively New,2399.0,0,0,1,0,0,0,174
flat,umang monsoon breeze,sector 78,1.25,5000.0,4,4,3,2.0,Relatively New,2300.0,0,1,0,1,1,0,57
flat,sare homes,sector 92,0.68,5238.828967642527,3,3,2,11.0,Relatively New,1442.0,0,0,0,1,0,0,100
flat,signature global city 92,sector 92,0.99,6622.0735785953175,3,2,3,1.0,New Property,1661.0,0,0,0,0,1,0,37
flat,shapoorji pallonji joyville gurugram,sector 102,1.42,10380.116959064328,2,2,3,14.0,Relatively New,1368.0,0,0,0,0,0,0,0
flat,m3m skywalk,sector 74,1.54,10814.606741573034,2,2,3+,15.0,Relatively New,1200.0,0,0,0,0,1,0,137
flat,m3m merlin,sector 67,2.65,12945.774303859307,3,3,3,0.0,Relatively New,2047.0,0,0,0,0,1,1,174
house,dlf city plots phase 2,sector 25,4.5,33333.333333333336,5,3,2,3.0,Old Property,1350.0,0,0,1,1,0,0,25
flat,godrej aria,sector 79,1.95,8519.003931847968,3,4,3+,10.0,New Property,1659.0,0,1,0,0,0,0,32
flat,dlf regal gardens,sector 90,1.13,6647.058823529412,3,3,3+,8.0,Relatively New,1566.0,0,0,0,0,1,0,72
house,bptp pedestal,sector 70a,0.9,7582.139848357203,2,2,3+,3.0,New Property,1319.0,0,1,0,0,1,0,153
flat,vatika the seven lamps,sector 82,0.85,6538.461538461538,2,2,2,0.0,Relatively New,1176.0,0,0,0,0,0,1,49
flat,rof ananda,sector 95,0.33,60.0,2,2,1,13.0,Relatively New,61019.0,0,0,0,0,0,0,37
flat,la vida by tata housing,sector 113,2.85,12855.209742895806,3,3,3+,10.0,New Property,2006.0,0,1,0,0,0,0,72
flat,dlf new town heights,sector 90,1.9,5683.517798384684,4,4,3+,7.0,Relatively New,2468.0,0,1,0,1,0,0,88
flat,kw royal court,sector 39,2.0,6250.0,5,4,3,9.0,Old Property,3556.0,0,1,0,0,0,2,49
house,sare crescent parc royal greens phase 1,sector 92,0.85,4876.649454962708,4,4,3,4.0,Relatively New,1743.0,0,0,0,0,0,0,0
house,independent,sector 26,18.25,18250.0,7,9,3+,4.0,Relatively New,11111.0,1,1,1,1,0,1,77
flat,shree vardhman flora,sector 90,0.95,6333.333333333333,3,3,3,9.0,Relatively New,1667.0,0,1,0,0,0,0,90
flat,shree vardhman victoria,sector 70,1.55,7948.717948717948,3,3,3,6.0,Relatively New,1527.0,1,1,0,1,1,0,49
flat,emaar mgf palm studios,sector 66,1.45,14795.918367346938,2,2,3,3.0,Relatively New,1082.0,0,0,0,0,0,0,92
flat,vatika xpressions,sector 88b,0.92,7360.0,2,2,2,3.0,Relatively New,1300.0,0,0,0,1,0,0,174
flat,pivotal devaan,sector 84,0.35,6003.430531732419,2,2,1,4.0,Relatively New,528.0,0,0,0,0,0,0,37
flat,ats tourmaline,sector 109,1.5,6976.744186046512,3,4,3+,4.0,Relatively New,1797.0,0,1,0,0,0,0,39
flat,ambience creacions,sector 22,2.0,14492.753623188406,2,2,2,9.0,Relatively New,1533.0,0,0,0,0,0,0,49
flat,emaar mgf emerald floors premier,sector 65,2.35,14242.424242424242,3,3,3,3.0,Relatively New,1833.0,1,1,0,0,0,1,124
flat,shapoorji pallonji joyville gurugram,sector 102,1.95,17287.23404255319,3,3,3,12.0,New Property,1465.0,0,0,1,0,0,0,72
flat,godrej summit,sector 104,0.82,9855.76923076923,2,2,3,12.0,Relatively New,86.0,1,0,0,0,0,0,120
flat,chd avenue,sector 71,1.25,6596.306068601583,3,4,2,14.0,Relatively New,1577.0,1,1,0,1,1,2,128
flat,pareena coban residences,sector 99a,1.23,6159.238858287431,3,5,3,5.0,Relatively New,1807.0,0,1,0,0,0,0,99
flat,raheja atlantis,sector 31,5.5,18688.41318382603,4,5,3+,1.0,Relatively New,2663.0,1,1,0,1,0,0,81
flat,la vida by tata housing,sector 113,2.7,16363.636363636364,3,4,3+,4.0,Relatively New,2217.0,0,1,0,0,0,1,49
house,vatika india next,sector 82,7.0,21604.938271604937,4,4,3+,3.0,Relatively New,3900.0,0,1,0,0,0,2,105
flat,capital residences 360,sector 70a,1.69,8552.631578947368,3,3,3+,8.0,New Property,1900.0,0,1,0,0,0,0,165
flat,emaar gurgaon greens,sector 102,1.35,8181.818181818182,3,3,3,9.0,Relatively New,1315.0,0,1,0,0,0,0,100
flat,raheja vanya,sector 99a,0.85,6789.137380191693,2,2,2,3.0,New Property,1133.0,0,0,0,0,0,0,43
house,ansals florence villa,sector 57,6.0,22222.222222222223,4,5,2,2.0,Old Property,2700.0,0,1,0,1,0,1,20
flat,signature global park,sohna road,0.95,7844.7563996696945,3,2,3+,1.0,Relatively New,1210.723472,0,0,0,0,0,0,46
flat,signature global park 4,sector 36,1.0,9900.9900990099,3,2,3,2.0,New Property,1122.0,0,0,0,0,0,0,128
house,unitech espace,sector 50,11.5,35493.82716049383,5,6,0,1.0,Moderately Old,3240.0,0,0,0,0,0,0,0
flat,microtek greenburg,sector 86,1.45,9797.297297297297,3,2,3,8.0,Relatively New,1480.0,0,0,0,0,0,2,72
flat,the close north,sector 50,2.35,11358.144030932815,3,3,3,8.0,Moderately Old,1900.0,0,0,0,0,0,1,49
flat,rof aalayas,sector 102,0.45,8411.214953271028,2,2,1,14.0,Relatively New,568.0,0,0,0,0,0,2,57
house,independent,sector 2,3.65,23442.51766217084,3,9,3+,3.0,New Property,1557.0,0,1,0,1,0,1,116
flat,zara aavaas,sector 104,0.22,7308.970099667774,1,2,2,2.0,New Property,335.0,0,0,0,0,0,0,60
flat,shree vardhman victoria,sector 70,1.9,9743.589743589744,3,3,3,10.0,New Property,1765.0,0,1,1,1,1,0,36
flat,emaar digihomes,sector 62,4.25,26562.5,3,3,3,8.0,Under Construction,1600.0,1,0,0,0,0,0,16
flat,beverley park 1,sector 43,8.44,16230.76923076923,4,5,3,9.0,Moderately Old,5000.0,0,1,0,0,0,2,117
flat,dlf regal gardens,sector 90,1.17,6708.715596330275,3,3,3,15.0,Relatively New,1630.0,0,0,0,0,0,1,136
house,unitech uniworld resorts,sector 33,10.0,20202.0202020202,5,6,3,4.0,New Property,4950.0,1,1,0,0,0,0,26
flat,dlf the ultima,sector 81,2.25,10553.470919324578,3,3,3+,15.0,Relatively New,1929.0,0,1,0,0,0,2,165
flat,paras dews,sector 106,1.42,6029.723991507431,4,6,3+,11.0,Relatively New,2131.0,0,1,0,0,0,0,143
flat,emaar digihomes,sector 62,4.0,14869.888475836431,3,3,3,18.0,New Property,2343.0,0,1,0,0,0,1,38
flat,dlf the icon,sector 43,6.0,26086.95652173913,4,4,3+,18.0,Old Property,2556.0,0,1,0,0,0,1,150
house,ansals florence villa,sector 57,3.3,19819.81981981982,4,3,3+,2.0,Moderately Old,1665.0,1,1,1,1,0,0,151
house,independent,sector 43,5.75,29715.762273901808,4,4,2,2.0,Old Property,1935.0,0,1,1,1,0,0,34
flat,krrish florence estate,sector 70,1.65,7764.705882352941,3,4,3+,27.0,New Property,1923.0,1,1,0,0,0,0,81
flat,imperia the esfera,sector 37c,1.1,5405.405405405405,3,4,3,9.0,Relatively New,1899.0,1,1,0,0,0,0,49
house,suncity essel towers,sector 28,6.0,22222.222222222223,4,4,3+,3.0,Old Property,2700.0,1,0,0,0,0,1,89
flat,dlf new town heights,sector 90,1.65,5683.775404753703,4,4,3+,7.0,Moderately Old,2468.0,0,0,0,0,0,0,117
flat,vipul world floors,sector 48,4.3,13870.967741935485,4,5,3+,4.0,New Property,3444.0,1,1,0,1,0,0,88
flat,dlf regal gardens,sector 90,1.75,7900.677200902935,4,4,3+,3.0,Relatively New,2005.0,0,0,0,0,1,0,6
house,independent,sector 39,5.15,14071.03825136612,5,5,0,1.0,Relatively New,3660.0,0,0,0,0,0,0,0
flat,vatika the seven lamps,sector 82,1.0,6968.641114982578,2,2,2,14.0,Relatively New,1299.0,1,0,0,0,1,0,69
flat,hcbs sports ville,sohna road,0.32,4301.075268817204,2,2,1,3.0,Relatively New,744.000768,0,0,0,0,0,0,109
house,independent,sector 13,2.25,6944.444444444444,10,10,2,1.0,Old Property,400.0,0,0,0,0,0,0,0
flat,tulip violet,sector 69,1.52,9632.446134347276,3,3,2,4.0,Relatively New,1428.0,0,0,0,1,0,1,156
flat,dlf regal gardens,sector 90,1.76,7945.823927765237,4,4,3+,8.0,Relatively New,2020.0,0,0,0,0,0,1,135
house,independent,sector 7,1.0,8818.342151675484,2,2,0,0.0,Old Property,126.0,1,0,0,0,0,0,7
house,independent,sector 12,1.2,14184.397163120568,2,4,2,2.0,Relatively New,846.0,0,0,0,1,0,1,7
flat,dlf new town heights,sector 90,1.25,6476.683937823835,3,3,3+,6.0,Relatively New,1929.0,0,1,0,1,0,0,136
flat,sare petioles,sector 92,1.3,6372.549019607844,4,4,0,7.0,Relatively New,2040.0,0,0,0,0,0,0,0
house,independent,sector 31,3.5,24154.58937198068,4,3,3,2.0,Moderately Old,1449.0,0,0,1,0,0,1,81
flat,satya the hermitage,sector 103,0.8,5517.241379310345,2,2,0,10.0,Relatively New,1450.0,0,0,0,0,0,0,61
flat,emaar mgf the palm drive,sector 66,3.5,15901.862789641073,3,3,2,4.0,Relatively New,2200.0,1,0,0,0,0,0,89
flat,m3m skywalk,sector 74,1.5,12500.0,2,2,3,17.0,Relatively New,1300.0,0,0,1,0,0,0,174
flat,mvn athens,sohna road,0.25,4258.943781942078,2,2,1,0.0,Relatively New,587.0,0,0,0,0,0,0,38
flat,mvn athens,sohna road,0.26,5394.190871369295,2,2,1,5.0,Relatively New,535.0,0,0,0,0,0,0,95
flat,ramsons kshitij,sector 95,0.33,3909.952606635071,2,2,1,14.0,New Property,694.0,0,0,0,0,1,1,79
flat,la vida by tata housing,sector 113,1.32,10344.827586206897,2,2,2,3.0,Relatively New,1199.0,0,0,0,0,0,0,49
flat,umang monsoon breeze,sector 78,1.15,5284.926470588235,3,3,3,9.0,Moderately Old,1969.0,0,1,0,0,1,0,22
flat,shree arihant apartment,sector 54,1.55,7380.952380952381,3,3,3+,3.0,Moderately Old,2000.0,0,0,0,1,1,1,125
flat,experion the heartsong,sector 108,2.08,9904.761904761905,4,4,3+,3.0,Relatively New,2631.0,0,1,0,0,0,0,126
house,independent,sector 9,0.22,7407.407407407408,2,2,2,1.0,Old Property,37.0,0,0,0,0,0,0,0
flat,shree vardhman victoria,sector 70,1.1,8461.538461538461,2,2,2,8.0,Relatively New,1444.0,0,0,0,0,0,0,101
flat,sidhartha ncr one,sector 95,0.57,4178.885630498534,2,2,2,10.0,New Property,1364.0,0,0,0,0,0,0,0
flat,dlf new town heights,sector 90,1.65,6979.6954314720815,4,4,3+,15.0,Moderately Old,2139.0,0,1,0,0,0,1,137
flat,sare homes,sector 92,0.8,5252.790544977019,3,3,3,7.0,Relatively New,1692.0,1,0,0,0,0,1,80
flat,radhakrishna society,sector 23,0.55,5000.0,2,2,1,1.0,Moderately Old,995.0,0,0,0,0,0,1,29
flat,emaar palm gardens,sector 83,1.4,8139.53488372093,3,3,3,2.0,Relatively New,1387.0,1,1,1,1,0,1,174
flat,dlf garden city floors,sector 92,1.7,8585.858585858587,3,4,2,1.0,Relatively New,1475.0,0,0,0,0,0,0,63
flat,pareena laxmi apartments,sector 99a,0.32,5786.618444846293,2,2,2,11.0,New Property,502.0,0,0,0,0,0,0,66
house,jacob pura,sector 12,0.35,9722.222222222224,2,1,0,2.0,Old Property,360.0,0,0,0,0,0,0,0
flat,ardee city,sector 52,1.5,9146.341463414634,4,4,3,3.0,Old Property,1484.0,0,0,0,0,0,0,65
flat,gls avenue 51,sector 92,0.42,6562.5,3,3,1,2.0,Relatively New,711.0,0,0,0,0,0,0,20
flat,ats tourmaline,sector 109,1.5,8571.42857142857,3,3,3+,7.0,Relatively New,1466.0,0,0,0,0,0,0,165
flat,ansal heights 86,sector 86,1.3,4666.188083273511,4,6,2,11.0,New Property,2521.0,0,1,0,0,1,0,86
flat,puri emerald bay,sector 104,1.32,8516.129032258064,2,2,2,10.0,Relatively New,1403.0,0,0,0,0,0,0,128
flat,supertech araville,sector 79,1.0,6535.9477124183,2,2,3,4.0,Relatively New,1700.0,1,0,0,0,0,0,24
flat,signature andour heights,sector 71,0.6,10000.0,2,2,1,5.0,Relatively New,557.0,0,0,0,1,0,0,59
flat,sbtl caladium,sector 109,1.8,7072.691552062868,3,3,3+,10.0,Relatively New,2000.0,0,0,0,0,0,0,174
flat,breez global heights,sector 36,0.24,5825.242718446602,1,1,1,8.0,New Property,458.0,0,0,0,0,0,0,57
flat,ireo skyon,sector 60,3.75,13392.857142857143,4,4,3,12.0,Relatively New,2650.0,0,1,0,0,0,1,49
flat,sobha city,sector 108,4.1,23401.826484018264,4,5,3,25.0,New Property,2343.0,1,1,0,0,0,2,97
house,independent,sector 4,1.1,11111.111111111111,3,4,1,2.0,Moderately Old,990.0,0,0,0,0,0,0,0
house,independent,sector 104,0.6,5128.205128205128,4,3,1,2.0,Moderately Old,130.0,0,0,0,0,0,0,0
flat,sare homes,sector 90,0.85,4786.036036036036,4,4,3,3.0,Moderately Old,1607.0,0,0,0,0,0,0,0
house,independent,sector 50,13.2,27154.906397860523,6,6,0,2.0,Moderately Old,4861.0,0,0,0,0,0,0,0
flat,central park 2 bellevue,sector 48,2.75,10754.790770434103,3,4,3+,3.0,Moderately Old,2574.0,0,0,0,0,0,0,32
flat,dlf the icon,sector 43,5.25,20388.349514563102,4,4,3,9.0,Old Property,2570.0,0,1,0,1,1,0,135
house,independent,sector 25,7.3,12586.206896551725,9,9,2,3.0,Relatively New,5800.0,0,1,1,0,0,1,109
flat,jammu and kashmir bank employees cghs,sector 9a,0.94,6064.5161290322585,3,3,2,5.0,Moderately Old,1722.0,0,0,0,0,0,1,85
flat,signature global city 63a,sector 63a,1.65,15263.644773358004,2,2,2,1.0,Relatively New,978.0,0,0,0,0,0,0,0
house,dlf city plots phase 3,sector 24,1.6,3292.181069958848,8,5,3+,4.0,Old Property,540.0,0,0,0,0,0,0,8
flat,vipul lavanya,sector 81,0.6,6666.666666666667,2,2,1,0.0,Relatively New,1000.0,0,0,0,0,0,0,49
house,independent,sector 41,7.0,28282.828282828283,7,7,3+,3.0,Moderately Old,2475.0,1,1,1,1,0,2,151
flat,emaar gurgaon greens,sector 102,1.35,10800.0,3,4,3+,9.0,Relatively New,1400.0,0,1,0,1,0,1,174
flat,orchid petals,sector 49,4.21,11835.816699465842,5,6,3+,14.0,Relatively New,3219.0,0,1,0,1,0,0,35
house,bptp astaire gardens,sector 70a,1.04,7172.413793103448,3,3,3+,2.0,Relatively New,1611.0,0,0,0,0,1,1,145
flat,puri diplomatic greens,sector 111,3.65,12372.881355932202,4,5,3+,17.0,Moderately Old,2670.0,0,1,0,0,0,0,132
flat,guru gram haryana cghs,sector 56,1.38,7225.130890052356,3,3,3,5.0,Moderately Old,1910.0,1,0,0,0,0,1,134
flat,emaar mgf emerald floors premier,sector 65,2.4,14545.454545454546,3,3,3,3.0,Relatively New,1600.0,1,1,0,0,0,1,49
flat,capital residences 360,sector 70a,1.15,11500.0,2,2,3,4.0,New Property,1400.0,0,0,0,1,0,0,132
flat,ats triumph,sector 104,1.85,8078.602620087337,3,4,3+,14.0,Relatively New,2072.0,1,1,1,1,0,0,117
flat,green campus chs,manesar,0.92,4022.737210319196,3,3,3+,8.0,Moderately Old,1924.0,0,1,0,0,0,0,5
flat,m3m woodshire,sector 107,1.8,7623.888182973316,3,4,3+,2.0,Relatively New,1837.0,0,1,0,0,0,0,129
house,vatika india next,sector 82,6.5,20061.728395061727,4,3,0,2.0,Relatively New,3240.0,0,0,0,0,0,0,0
flat,eldeco accolade,sohna road,0.87,5962.988348183688,2,2,3+,10.0,Relatively New,1131.0,1,0,0,0,0,0,72
flat,bestech park view residency,sector 2,1.59,8281.25,3,4,3+,11.0,Moderately Old,1738.0,0,1,0,0,0,0,100
flat,aipl zen residences,sector 70a,1.25,9904.912836767036,2,2,2,19.0,New Property,1402.0,0,0,0,0,0,0,42
house,ansal sushant lok plots,sector 43,5.8,29974.160206718345,6,6,3,2.0,Relatively New,1935.0,0,1,0,0,1,1,49
flat,m3m heights,sector 65,1.9,14996.05367008682,2,2,3,4.0,Under Construction,1141.0,0,0,0,0,0,0,54
flat,tulip violet,sector 69,3.25,10105.721393034826,4,5,3+,14.0,Relatively New,2910.0,0,0,0,1,1,0,20
flat,sare crescent parc,sector 92,0.66,4977.37556561086,3,2,2,15.0,Relatively New,1473.0,0,0,0,0,0,2,44
flat,eldeco accolade,sector 33,1.2,8042.8954423592495,2,2,2,0.0,New Property,1492.0,0,0,0,0,0,0,56
house,independent,sector 27,4.25,31481.48148148148,5,5,3+,3.0,Relatively New,1350.0,0,1,0,1,0,1,49
house,unitech espace,sector 50,11.29,34845.67901234568,5,5,3+,2.0,Moderately Old,3240.0,1,0,0,1,0,0,21
flat,silverglades the melia,sohna road,0.75,5555.555555555556,2,2,2,4.0,Moderately Old,1350.0,0,0,0,0,0,0,70
flat,palam vihar society,sector 2,3.35,7444.444444444444,4,4,3+,2.0,New Property,5000.0,1,0,0,0,0,0,66
flat,dlf regal gardens,sector 90,1.29,9020.97902097902,3,3,3,7.0,Relatively New,1540.0,1,0,0,0,0,0,174
house,vatika sovereign next,sector 82a,3.85,7500.487044613286,5,6,3+,6.0,Relatively New,5140.0,0,0,0,0,0,0,53
flat,raheja atharva,sector 109,1.6,5319.148936170212,4,1,0,0.0,New Property,3008.0,0,0,0,0,0,0,0
flat,signature the serenas,sohna road,0.42,7909.604519774011,2,2,1,12.0,New Property,590.0,0,0,0,0,0,0,54
flat,eden landmark,manesar,0.5,3846.153846153846,2,2,0,7.0,Under Construction,1300.0,0,0,0,0,0,0,0
flat,woodstock floors,sector 50,1.05,10627.53036437247,2,2,2,2.0,Moderately Old,1098.0,0,0,0,0,0,0,53
flat,ashiana anmol,sohna road,0.9,9463.72239747634,2,2,2,13.0,Relatively New,1105.0,0,0,0,0,0,2,120
house,dlf city plots phase 2,sector 25,10.55,39074.07407407407,5,6,3+,3.0,Moderately Old,2700.0,1,1,1,1,0,0,131
flat,trisara our homes 3,sohna road,0.4,4479.283314669653,2,2,2,1.0,Relatively New,900.0,0,0,0,0,0,0,0
house,independent,sector 56,7.25,29340.348037231888,8,8,3+,0.0,Moderately Old,2471.0,0,0,0,0,0,1,24
house,vipul tatvam villa,sector 48,7.69,24068.85758998435,4,5,3,2.0,Moderately Old,3195.0,1,1,1,1,0,1,110
house,independent,sector 50,10.55,32561.728395061727,5,5,3,2.0,Moderately Old,3240.0,1,1,0,0,0,0,42
house,independent,sector 57,8.31,24171.029668411866,5,6,3+,4.0,Old Property,3438.0,1,1,1,1,0,0,34
flat,suncity platinum towers,sector 28,7.0,22222.222222222223,4,3,2,10.0,Moderately Old,2488.0,0,1,0,0,0,0,31
flat,smart world orchard,sector 61,2.2,13496.932515337425,3,3,2,1.0,New Property,1778.0,0,0,0,0,0,0,49
flat,ramsons kshitij,sector 95,0.45,4591.836734693878,2,2,1,2.0,Relatively New,887.0,1,0,0,0,0,0,89
house,independent,sector 2,2.55,16377.649325626204,3,3,2,2.0,Old Property,1557.0,0,0,0,0,0,0,8
flat,gls arawali homes,sohna road,0.3,5291.005291005291,2,2,2,10.0,Relatively New,516.0,0,0,0,0,0,0,42
flat,guru gram haryana cghs,sector 56,1.39,7228.289131565262,3,3,3,4.0,Moderately Old,1738.0,1,0,0,0,0,1,134
flat,the penthouses at the hibiscus,sector 50,8.0,8887.901344295078,4,3,3,7.0,Moderately Old,10000.0,0,1,0,0,0,0,35
house,independent,sector 4,0.61,11111.111111111111,2,2,2,2.0,Moderately Old,61.0,0,0,0,0,1,0,14
flat,bptp terra,sector 37d,1.55,7074.395253308991,4,3,3+,19.0,Relatively New,2100.0,0,0,0,0,1,1,131
flat,uphar lakshya homes,sector 105,0.42,4200.0,3,2,1,1.0,Relatively New,1111.0,0,0,0,0,0,0,7
flat,emaar mgf palm terraces,sector 66,4.5,10598.210080075363,5,5,3+,11.0,New Property,3321.0,0,1,0,0,0,0,105
flat,supertech hilltown,sector 2,0.8,5555.555555555556,3,2,3,8.0,Moderately Old,1440.0,0,0,0,0,0,0,0
flat,la vida by tata housing,sector 113,3.72,13984.962406015038,5,4,3+,0.0,New Property,2956.0,0,0,0,1,0,2,44
house,not applicable,sector 4,0.75,11718.75,2,4,3,2.0,Moderately Old,640.0,0,0,0,0,0,0,0
house,bptp visionnaire,sector 70a,4.7,18007.66283524904,4,4,3+,3.0,New Property,2610.0,0,0,0,0,1,0,35
flat,central park flower valley cerise floors,sector 33,1.3,10743.801652892562,2,2,2,3.0,New Property,1095.0,1,0,0,0,0,0,22
house,independent,sector 3,0.55,6707.317073170731,2,2,1,2.0,Moderately Old,810.0,0,0,0,0,0,0,0
flat,dlf new town heights,sector 90,1.95,7150.715071507151,4,4,3+,24.0,Relatively New,2456.0,0,1,1,0,0,0,174
flat,zara aavaas,sector 104,0.2,6644.518272425249,1,2,2,3.0,New Property,334.0,0,0,0,0,0,0,67
flat,emaar mgf palm hills,sector 77,1.25,8620.689655172413,3,4,3,3.0,Relatively New,1310.0,1,1,0,0,0,0,49
flat,ss,sector 85,2.09,7432.432432432432,4,4,3,8.0,Relatively New,2600.0,1,1,0,1,0,0,49
flat,imperia the esfera,sector 37c,0.87,5513.307984790875,2,3,3+,9.0,New Property,1428.0,1,0,0,0,0,0,49
flat,godrej summit,sector 104,1.35,5014.858841010401,4,5,3+,0.0,Relatively New,2991.0,1,1,1,1,0,0,88
flat,awho shanti vihar,sector 95,0.8,8888.888888888889,2,2,3,9.0,New Property,713.0,1,0,0,0,0,0,67
house,independent,sector 7,1.55,13888.888888888889,2,2,2,1.0,Moderately Old,120.0,0,0,0,0,0,1,52
flat,vatika gurgaon,sector 83,0.98,8166.666666666667,2,2,3,5.0,Relatively New,1300.0,0,0,0,0,0,1,96
house,independent,sector 46,5.5,23060.796645702307,8,8,3+,3.0,Moderately Old,2385.0,1,0,0,0,1,1,32
flat,new sathi apartments,sector 54,1.59,7066.666666666667,3,3,3+,3.0,Moderately Old,2250.0,1,0,0,0,0,1,127
flat,emaar gurgaon greens,sector 102,1.45,14173.998044965789,3,3,3,10.0,Relatively New,1315.0,0,1,0,0,0,0,165
house,rattan vihar rajendra park,dwarka expressway,0.85,14166.666666666666,1,5,3+,4.0,New Property,600.0,0,0,0,0,0,0,0
house,independent,sector 56,7.5,23148.14814814815,8,8,3+,3.0,Relatively New,3240.0,1,1,0,1,0,2,42
flat,gls arawali homes,sohna road,0.35,6076.388888888889,2,2,2,11.0,Relatively New,528.0,0,0,0,0,0,0,64
flat,bptp pedestal,sector 70a,1.9,9500.0,4,3,3,2.0,New Property,2111.0,0,0,1,0,0,0,133
flat,raheja navodaya,sector 92,0.85,5407.124681933842,3,3,0,0.0,Relatively New,1423.0,0,0,0,0,0,0,88
flat,ats triumph,sector 104,1.95,8515.283842794759,3,3,3+,3.0,New Property,2544.0,0,1,0,0,0,0,69
flat,shree vardhman victoria,sector 70,1.8,9230.76923076923,3,4,3,2.0,New Property,1527.0,0,1,0,0,1,0,45
house,independent,sector 45,4.49,24455.337690631808,3,9,3+,3.0,Moderately Old,1836.0,0,0,0,0,1,1,90
flat,bestech park view sanskruti,sector 92,1.6,8020.050125313283,3,4,3+,10.0,Relatively New,1615.0,0,1,0,0,1,1,174
flat,sare green parc phase 3,sector 92,1.08,5150.214592274678,4,4,2,16.0,New Property,1891.0,0,1,0,0,0,0,107
flat,hcbs sports ville,sohna road,0.22,4602.510460251046,1,1,1,9.0,Relatively New,477.809521,0,0,0,0,0,1,44
house,dlf city plots,sector 26,12.5,38580.246913580246,4,5,2,2.0,Moderately Old,3240.0,1,1,0,0,0,1,121
flat,ansal heights 86,sector 86,0.95,5621.301775147929,3,2,1,6.0,New Property,1878.0,0,0,0,0,0,0,15
flat,eldeco accolade,sector 33,1.2,8042.8954423592495,2,2,2,0.0,New Property,1492.0,1,0,0,0,0,0,55
flat,emaar mgf palm hills,sector 77,1.64,8410.25641025641,4,3,3,9.0,Relatively New,1765.0,0,1,0,0,0,0,102
house,emaar mgf marbella,sector 66,9.01,16066.333808844509,4,4,3+,3.0,Relatively New,5608.0,0,1,1,0,0,0,122
flat,la vida by tata housing,sector 113,3.0,14285.714285714286,3,3,3+,3.0,Relatively New,2460.0,0,1,0,0,0,0,167
house,independent,sector 49,4.5,15625.0,8,8,3,3.0,Moderately Old,2880.0,1,1,1,1,0,2,151
flat,emaar mgf emerald floors premier,sector 65,2.85,14430.379746835442,4,4,3+,0.0,Relatively New,1975.0,1,1,0,0,0,1,151
flat,kamroon court,sector 43,2.75,13750.0,3,4,3+,5.0,Moderately Old,2222.0,0,1,0,0,1,1,49
house,landmark house,sector 43,2.75,25462.962962962964,3,3,1,2.0,Moderately Old,1080.0,0,0,0,1,0,0,21
flat,bptp terra,sector 37d,1.75,7987.220447284345,4,4,3,7.0,Relatively New,2100.0,0,0,0,0,1,1,120
flat,dlf the skycourt,sector 86,1.56,8087.091757387247,3,4,3+,17.0,Relatively New,1580.0,0,0,1,0,0,0,174
flat,adani aangan galleria,sector 89,0.42,4941.176470588235,2,2,2,3.0,Relatively New,769.0,0,0,0,0,0,0,0
house,independent,sector 25,9.0,33333.333333333336,5,5,3,3.0,Old Property,2700.0,1,1,1,1,0,0,56
flat,smart world gems,sector 89,0.88,7978.241160471442,2,2,0,2.0,New Property,1103.0,0,0,0,0,0,0,45
flat,ramprastha the edge towers,sector 37d,1.0,5649.717514124294,3,3,3+,13.0,Moderately Old,1602.0,0,0,0,0,0,0,38
house,independent,sector 36,0.75,6938.020351526365,3,1,0,1.0,New Property,1081.0,0,0,0,0,0,0,0
flat,ashiana anmol,sector 33,1.1,8627.450980392157,2,2,2,4.0,New Property,1275.0,0,0,0,0,0,0,0
house,dlf city plots phase 2,sector 25,15.5,34307.21558211598,5,6,3+,3.0,Moderately Old,4518.0,1,1,1,1,0,0,144
flat,antriksh heights,sector 84,0.85,5555.555555555556,2,2,3,10.0,New Property,1222.0,1,0,0,0,1,0,24
flat,whiteland  the aspen,sector 76,3.5,11916.92202928158,3,4,3,8.0,Under Construction,2937.0,0,0,0,0,0,0,0
flat,ansal sushant residency,sector 57,1.5,6775.067750677506,3,2,3+,1.0,Moderately Old,273.0,0,0,0,0,0,0,87
flat,dlf the ultima,sector 81,2.35,11174.512601046124,3,3,3+,14.0,Relatively New,1550.0,1,1,0,1,1,2,49
flat,pioneer araya,sector 62,9.2,19943.637546065467,4,6,3,5.0,Relatively New,3867.0,0,1,0,1,0,1,156
flat,emaar mgf emerald floors premier,sector 65,2.65,16060.60606060606,3,3,3,5.0,Relatively New,1650.0,1,1,0,0,0,0,37
flat,shree vardhman victoria,sector 70,1.07,7925.925925925926,2,2,3,8.0,Relatively New,1222.0,1,0,0,0,0,0,108
flat,dlf park place,sector 54,4.85,30180.46048537648,3,4,3+,6.0,Moderately Old,1607.0,0,1,0,0,0,2,158
house,dlf city plots phase 2,sector 25,7.5,31685.67807351077,9,9,3+,4.0,Relatively New,2367.0,1,1,0,1,0,1,160
flat,shapoorji pallonji joyville gurugram,sector 102,1.35,14754.098360655738,2,2,2,10.0,Relatively New,828.0,0,0,0,0,0,0,22
flat,adani m2k oyster grande,sector 102,1.9,14074.074074074077,3,4,3,21.0,Relatively New,1605.0,0,1,0,0,0,0,60
house,international city by sobha phase 1,sector 109,6.75,10838.15028901734,4,4,3+,2.0,New Property,6228.0,0,1,0,1,0,0,130
house,ansals palam vihar,sector 2,2.75,17662.170841361592,3,3,3,2.0,Moderately Old,1557.0,1,0,0,1,0,1,15
house,ss hibiscus,sector 50,12.5,40849.67320261438,4,4,3+,2.0,Relatively New,3060.0,1,1,0,0,0,2,160
flat,bptp mansions park prime,sector 66,2.7,9768.451519536902,4,4,3,6.0,Relatively New,2501.0,0,1,0,0,1,0,13
flat,smart world orchard,sector 61,1.65,13750.0,2,2,2,1.0,Under Construction,1333.0,1,0,0,0,0,0,16
flat,conscient elevate,sector 59,4.25,18518.51851851852,3,4,3,3.0,Under Construction,2077.0,0,0,0,0,0,0,0
flat,pareena coban residences,sector 99a,1.05,6774.193548387097,2,2,3,2.0,Relatively New,1390.0,1,0,0,0,0,0,49
flat,indiabulls enigma,sector 110,4.0,9849.790691947795,4,4,3,17.0,New Property,3350.0,0,0,0,0,0,0,59
flat,tulip ivory,sector 70,2.35,9791.666666666666,4,4,3+,8.0,Moderately Old,2667.0,0,1,0,0,0,0,108
house,independent,sector 24,2.6,24074.074074074077,4,4,3+,4.0,Relatively New,1080.0,1,0,1,1,0,2,0
flat,om appartments,sector 3 phase 2,0.4,4444.444444444444,3,2,1,3.0,Relatively New,1000.0,0,0,0,0,0,0,7
house,independent,sector 13,4.5,9090.90909090909,4,5,2,2.0,Old Property,4950.0,0,0,0,0,0,0,0
flat,dlf new town heights,sector 86,1.3,6735.751295336788,3,3,3,12.0,Moderately Old,1747.0,0,1,0,1,0,0,106
flat,godrej frontier,sector 80,1.6,6999.12510936133,3,3,3,5.0,Moderately Old,2047.0,0,1,0,0,0,0,53
flat,shree vardhman victoria,sector 70,1.66,14248.927038626607,3,5,3,8.0,Relatively New,1527.0,0,1,0,0,0,0,108
flat,adani m2k oyster grande,sector 102,2.35,8468.468468468469,3,3,3,14.0,Relatively New,2351.0,1,1,0,0,0,1,165
flat,m3m ikonic,sector 68,1.78,9128.205128205129,3,3,3+,27.0,Relatively New,1845.0,0,0,0,0,0,1,126
house,independent,sector 25,13.5,19285.714285714286,9,9,0,1.0,Relatively New,7000.0,0,0,0,0,0,0,0
flat,gls arawali homes,sohna road,0.35,7000.0,2,2,2,5.0,Relatively New,556.0,0,0,0,0,0,0,30
flat,bestech park view residency,sector 2,0.95,6709.039548022599,2,2,3,10.0,Old Property,1573.0,0,0,0,0,0,1,88
flat,dlf new town heights,sector 91,2.0,6966.213862765587,4,4,3+,16.0,Moderately Old,2468.0,1,1,0,1,0,0,65
flat,emaar mgf emerald floors premier,sector 65,2.9,14683.54430379747,4,4,3+,4.0,Relatively New,1975.0,1,1,0,0,0,1,152
flat,assotech blith,sector 99,1.15,6594.036697247707,2,2,2,2.0,New Property,1235.0,0,0,0,0,1,1,72
flat,tata primanti,sector 72,4.0,13769.363166953528,4,5,3+,9.0,Relatively New,2800.0,0,1,0,0,0,1,165
flat,pareena coban residences,sector 99a,1.1,7096.774193548387,2,2,3,9.0,New Property,1368.0,1,0,0,0,0,0,88
flat,satya the hermitage,sector 103,1.12,5625.31391260673,3,4,3+,9.0,New Property,1734.0,0,1,0,0,0,0,49
house,independent,sector 9,0.35,9722.222222222224,2,2,1,2.0,Old Property,40.0,0,0,0,0,0,0,0
flat,sbtl caladium,sector 109,1.3,6914.893617021276,3,2,3,16.0,Moderately Old,1701.0,0,0,0,0,0,0,134
flat,godrej summit,sector 104,1.35,5000.0,4,5,3+,0.0,Relatively New,3000.0,1,1,1,1,0,0,112
flat,paras dews,sector 106,1.13,6405.895691609977,3,4,3+,18.0,Relatively New,1186.0,1,1,0,0,0,0,49
house,international city by sobha phase 2,sector 109,11.3,25111.11111111111,7,5,3+,4.0,Relatively New,4500.0,1,1,0,1,1,0,49
flat,pyramid urban homes 2,sector 86,0.5,9689.922480620156,2,2,2,6.0,Old Property,573.0,0,0,0,0,0,0,15
flat,m3m golfestate,sector 65,6.15,15998.959417273672,3,5,3+,1.0,Relatively New,4271.0,0,1,0,0,0,2,49
flat,smart world one dxp,sector 113,3.45,13269.23076923077,4,4,3,11.0,New Property,2353.0,1,1,0,0,0,0,156
flat,hsiidc sidco aravali,manesar,0.81,3128.6210892236386,3,3,3+,2.0,Moderately Old,1900.0,0,1,0,0,0,0,74
flat,mrg skyline,sector 106,1.82,13392.200147167034,3,2,2,4.0,Relatively New,1359.0,0,0,0,0,0,0,0
house,independent,sector 24,4.5,33333.333333333336,2,8,3+,4.0,Relatively New,1350.0,0,1,1,0,0,1,56
house,independent,sector 25,7.6,38755.73686894442,2,9,3,4.0,Relatively New,1961.0,1,0,1,1,0,1,84
flat,signature global superbia,sector 95,0.4,6722.689075630252,2,2,3,2.0,New Property,661.0,0,0,0,0,0,0,0
flat,sobha city,sector 108,2.6,15195.791934541205,3,3,2,11.0,New Property,1711.0,0,0,0,0,0,0,49
flat,m3m skywalk,sector 74,2.7,13379.58374628345,3,3,3,13.0,New Property,2018.0,0,0,1,0,0,0,92
flat,smart world orchard,sector 61,2.55,15644.171779141105,3,3,2,4.0,New Property,1630.0,0,0,0,0,1,0,30
flat,dlf the skycourt,sector 86,1.54,9221.556886227543,3,3,3+,15.0,Relatively New,1780.0,0,1,0,0,0,0,174
flat,vatika city,sector 49,1.98,9074.243813015582,3,4,3,9.0,Moderately Old,1750.75,0,1,0,0,0,1,101
flat,bestech park view residency,sector 2,0.56,8628.659476117104,1,2,2,7.0,Moderately Old,723.0,0,0,0,0,0,0,92
flat,m3m soulitude,sector 89,1.33,16985.95146871009,3,3,3,4.0,New Property,1423.0,1,0,0,0,0,0,125
flat,ireo the grand arch,sector 58,3.8,17560.07393715342,3,4,1,19.0,Moderately Old,2164.0,0,1,0,0,0,1,167
flat,m3m capital,sector 113,2.51,14799.528301886792,3,3,3+,2.0,New Property,1696.0,1,0,0,0,0,0,49
flat,m3m merlin,sector 67,2.78,13580.850024425989,3,3,3+,4.0,Relatively New,2047.0,0,0,0,1,0,1,157
flat,ireo the corridors,sector 67a,2.08,12044.006948465549,3,3,2,6.0,Under Construction,1563.0,0,0,0,0,1,0,55
house,international city by sobha phase 1,sector 109,5.7,10555.555555555557,4,4,3+,4.0,Relatively New,5400.0,1,1,0,0,0,0,98
flat,emaar gurgaon greens,sector 102,1.45,8787.878787878788,3,3,3,8.0,Relatively New,1300.0,0,1,0,0,0,0,49
flat,signature global park,sohna road,0.85,7863.089731729879,3,2,2,4.0,New Property,1080.0,0,0,0,0,0,0,23
flat,whiteland blissville,sector 76,1.92,11497.005988023951,3,3,2,2.0,Under Construction,1672.0,0,0,0,0,0,0,61
flat,ild grand centra,sector 37c,0.95,5219.780219780219,3,1,0,0.0,Relatively New,1820.0,0,0,0,0,0,0,0
house,shivaji nagar residential,sector 11,3.08,11407.407407407409,6,4,2,1.0,Moderately Old,2700.0,0,0,0,0,0,0,0
flat,conscient habitat,sector 99a,0.35,6422.018348623853,2,2,1,3.0,Relatively New,606.0,0,0,0,0,0,0,62
flat,chd avenue,sector 71,1.0,6734.006734006734,3,3,3+,3.0,Relatively New,1344.0,0,0,0,0,0,1,7
flat,rof ananda,sector 95,0.32,5734.767025089605,2,2,1,10.0,Relatively New,610.0,0,0,0,1,0,1,50
flat,bestech park view residency,sector 2,0.55,8461.538461538461,1,1,2,7.0,Moderately Old,588.0,0,0,0,0,0,0,31
house,central park flower valley cerise floors,sector 33,1.35,11157.02479338843,2,2,2,4.0,New Property,1210.0,1,0,0,0,0,2,107
house,adani brahma samsara,sector 60,18.02,28200.312989045386,9,12,3+,3.0,Relatively New,6390.0,0,1,0,0,0,1,146
flat,my home,sector 110,0.28,3167.420814479638,2,1,1,2.0,Relatively New,1000.0,0,0,0,0,1,0,15
flat,dlf the ultima,sector 81,2.25,10553.470919324578,3,3,3+,6.0,New Property,1929.0,0,1,0,0,0,2,168
flat,the close north,sector 50,2.7,10364.68330134357,3,3,3+,6.0,Moderately Old,2400.0,0,1,0,0,0,0,174
flat,m3m golfestate,sector 65,4.95,15906.169665809768,3,3,3,10.0,Relatively New,2816.0,0,1,0,0,0,1,82
house,independent,sector 2,2.5,16056.518946692357,4,4,2,4.0,Old Property,173.0,0,0,0,0,0,0,17
flat,ats triumph,sector 104,1.83,7991.266375545852,3,4,3+,10.0,Relatively New,2000.0,0,1,0,0,0,0,165
flat,conscient heritage max,sector 102,2.5,11633.317822242903,3,4,3+,25.0,New Property,1945.0,1,1,0,0,0,1,56
flat,railway officers rpf society,sector 9a,1.25,6921.373200442968,4,3,3,1.0,Old Property,2007.0,0,1,0,0,0,1,12
flat,smart world gems,sector 89,0.9,8159.564823209429,2,2,2,2.0,New Property,998.0,1,0,0,0,1,0,44
flat,dlf regal gardens,sector 90,1.21,6926.159129937035,3,3,3+,29.0,Relatively New,1581.0,0,0,0,0,1,0,95
flat,experion the heartsong,sector 108,1.7,8487.269096355467,3,4,3+,14.0,Relatively New,1500.29,0,1,0,0,0,0,119
house,ansal celebrity homes,sector 2,5.2,10000.0,4,5,2,1.0,Moderately Old,5200.0,0,0,0,0,0,0,0
flat,spaze privy at,sector 84,1.35,9642.857142857143,3,3,3,7.0,Relatively New,1750.0,0,0,0,1,0,0,90
flat,dlf the skycourt,sector 86,1.59,8242.612752721618,3,3,3,17.0,Relatively New,1700.0,0,0,0,0,1,1,165
flat,dlf regal gardens,sector 90,1.24,7065.527065527065,3,3,3+,9.0,Relatively New,1600.0,0,0,0,0,1,0,72
flat,tulip violet,sector 69,1.28,8111.533586818758,3,3,2,12.0,Relatively New,1428.0,0,0,0,1,0,1,49
flat,m3m sierra 68,sector 68,1.08,8674.698795180722,2,2,3,1.0,Relatively New,1130.0,0,0,0,0,0,1,149
flat,smart world orchard,sector 61,2.2,14202.71142672692,3,3,2,4.0,New Property,1721.0,0,0,0,0,0,0,152
house,dlf city plots,sector 26,13.5,29880.478087649404,5,5,3,2.0,Old Property,4518.0,1,1,1,1,0,1,110
flat,indiabulls centrum park,sector 103,1.15,8679.245283018869,2,2,3,10.0,Relatively New,1080.0,1,0,0,0,0,1,174
flat,bptp terra,sector 37d,1.72,7850.296668188042,3,3,3+,10.0,Relatively New,1983.0,0,1,0,0,0,0,31
flat,dlf new town heights,sector 90,1.25,8638.562543192813,3,4,3+,0.0,Old Property,1608.0,0,1,0,0,0,2,31
house,independent,sector 4,0.5,9259.25925925926,2,3,2,3.0,Old Property,540.0,0,0,0,0,0,0,0
flat,sobha city,sector 108,2.5,14611.338398597312,3,3,2,19.0,New Property,1480.0,0,0,0,0,0,0,166
flat,sbtl caladium,sector 109,1.68,6601.178781925344,3,3,3+,7.0,Moderately Old,2303.0,0,1,0,0,0,0,134
flat,eldeco accolade,sohna road,1.3,7424.328954882924,3,3,3+,10.0,Relatively New,1509.0,0,0,0,0,0,0,49
flat,my home,sector 110,0.22,4400.0,2,2,1,1.0,New Property,556.0,0,0,0,0,0,1,0
flat,tashee capital gateway,sector 111,0.96,6499.661475964794,2,2,1,4.0,Relatively New,1338.0,1,0,0,0,0,0,53
house,independent,sector 7,0.69,9102.902374670184,1,1,1,2.0,Old Property,758.0,0,0,0,0,0,0,0
flat,suncity platinum towers,sector 28,6.2,23091.24767225326,3,4,3+,21.0,Relatively New,2000.0,0,1,0,0,0,1,160
flat,supertech hues,sector 68,0.82,6949.152542372882,2,2,3+,21.0,Under Construction,1068.0,0,0,0,0,1,0,72
flat,ireo skyon,sector 60,2.05,15185.185185185184,2,3,2,2.0,Relatively New,1520.0,0,0,1,0,0,1,174
flat,mapsko mount ville,sector 79,1.3,8024.691358024691,3,3,3+,1.0,Relatively New,1213.0,0,0,0,0,0,1,140
flat,breez global heights,sohna road,0.46,4842.105263157895,2,2,2,4.0,Relatively New,800.0,0,0,0,0,0,2,93
flat,birla navya,sector 63a,3.3,15348.837209302326,3,3,3,4.0,Relatively New,2150.0,0,1,0,0,0,0,52
house,vipul tatvam villa,sector 48,22.0,26666.666666666668,5,6,3,3.0,Moderately Old,8250.0,0,1,0,0,0,0,54
flat,godrej icon,sector 88a,1.65,9041.09589041096,3,3,3,12.0,New Property,1652.0,0,0,0,0,0,0,60
flat,unitech fresco,sector 50,1.88,10479.375696767002,3,3,3+,14.0,Moderately Old,1790.0,0,0,0,0,1,1,174
flat,bestech altura,sector 79,2.55,9532.710280373833,4,5,2,4.0,New Property,2675.0,0,1,0,0,0,0,44
house,independent,sector 4,0.65,11111.111111111111,4,2,2,2.0,Moderately Old,65.0,0,0,0,0,0,0,0
flat,pyramid urban homes 2,sector 86,0.43,8582.834331337326,2,2,1,6.0,New Property,557.0,1,0,0,0,0,0,92
flat,aipl club residences,sector 70a,0.95,10215.05376344086,2,2,1,11.0,New Property,930.0,0,0,0,0,0,1,103
flat,umang monsoon breeze,sector 78,0.69,5390.625,2,2,2,11.0,Moderately Old,1422.0,0,0,0,0,0,0,60
house,project mianwali colony,sector 12,1.7,9444.444444444443,1,1,2,1.0,Old Property,2000.0,0,0,0,0,0,0,0
house,international city by sobha phase 1,sector 109,6.3,9000.0,4,5,3+,2.0,Relatively New,7000.0,0,0,0,0,0,1,122
flat,emaar mgf emerald floors,sector 65,2.6,15757.575757575758,3,3,3+,3.0,Relatively New,1650.0,0,0,0,0,0,0,0
flat,bestech park view residency,sector 2,0.56,8549.618320610687,1,1,2,7.0,Moderately Old,722.0,0,0,0,0,0,0,92
flat,smart world orchard,sector 61,1.9,22700.11947431302,3,3,3,1.0,New Property,1137.0,0,0,0,0,0,0,30
flat,aipl zen residences,sector 70a,1.75,10257.91324736225,3,4,3+,20.0,Relatively New,1706.0,0,0,0,0,1,2,49
flat,sobha city,sector 108,3.75,14940.239043824702,3,3,2,16.0,New Property,2120.0,0,1,0,0,0,0,77
house,suncity essel towers,sector 28,8.95,17900.0,5,6,3+,4.0,Moderately Old,5000.0,0,0,0,0,0,0,0
flat,kendriya vihar,sector 56,0.65,8609.271523178808,1,1,1,0.0,Moderately Old,839.0,0,0,0,0,0,0,143
flat,shree vardhman flora,sector 90,0.65,5000.0,2,2,2,12.0,Old Property,1176.0,1,0,0,0,0,0,103
flat,microtek greenburg,sector 86,1.23,8310.81081081081,2,2,3,13.0,Relatively New,1339.0,1,0,0,0,0,0,6
house,independent,sector 8,0.82,10224.438902743144,2,4,0,2.0,Moderately Old,891.0,0,0,0,0,0,0,0
flat,central park flower valley aqua front towers,sector 33,1.7,9502.515371716045,3,3,3,12.0,Under Construction,1619.0,0,0,0,0,0,0,24
house,vipul tatvam villa,sector 48,7.25,27970.67901234568,3,4,2,2.0,Moderately Old,2592.0,1,1,1,1,0,1,115
flat,ramsons kshitij,sector 95,0.17,544.0,1,1,1,12.0,Relatively New,3569.0,0,0,0,0,0,0,56
flat,godrej summit,sector 104,1.05,5833.333333333333,3,4,3+,7.0,Relatively New,2000.0,0,1,0,0,0,1,96
flat,kendriya vihar,sector 56,0.58,9586.776859504133,1,1,1,1.0,Old Property,672.0,0,0,0,0,0,0,77
flat,ss the leaf,sector 85,1.1,9565.217391304348,2,2,3,10.0,Relatively New,1600.0,0,0,0,1,0,0,150
flat,the close north,sector 50,2.65,11276.595744680852,3,3,3+,3.0,Moderately Old,2491.0,0,1,0,0,0,0,174
flat,pivotal devaan apartments,sector 84,0.39,6500.0,2,2,0,5.0,Relatively New,549.0,0,0,0,0,0,0,0
flat,signature the serenas,sohna road,0.5,9398.496240601504,2,2,2,6.0,New Property,591.0,0,0,0,0,0,0,37
house,independent,sector 3 phase 3 extension,0.55,5000.0,2,1,0,1.0,Moderately Old,1100.0,0,0,0,0,0,0,0
flat,signature global solera,sector 107,0.3,6134.969325153375,2,2,1,5.0,Relatively New,544.0,0,0,0,0,0,0,57
house,independent,sector 43,15.5,28233.15118397085,5,6,3,3.0,Moderately Old,5490.0,1,1,1,1,0,0,76
flat,orchid island,sector 51,0.71,7888.888888888889,2,2,1,4.0,Relatively New,1007.0,0,0,0,0,0,0,23
house,"nirmal enclave, maruti kunj road",sector 11,0.24,5333.333333333333,2,2,0,2.0,Relatively New,450.0,0,0,0,0,0,0,0
house,independent,sector 46,2.4,2962.962962962963,4,4,3,3.0,Moderately Old,100.0,0,0,1,0,0,1,44
flat,emaar palm gardens,sector 83,1.8,9473.684210526317,3,3,3+,9.0,Relatively New,1719.0,0,0,0,0,0,0,55
flat,sare crescent parc,sector 92,0.51,4080.0,3,2,2,2.0,Relatively New,1131.0,0,0,0,0,0,0,72
flat,dlf new town heights,sector 90,1.51,6387.478849407784,4,4,3+,6.0,Relatively New,2362.0,0,1,0,1,0,1,142
flat,spaze privvy the address,sector 93,1.45,8033.2409972299165,3,4,2,12.0,Relatively New,1350.0,0,0,0,0,0,1,96
flat,godrej nature plus,sector 33,1.2,14371.25748502994,2,2,3,1.0,New Property,86.0,0,0,0,0,0,0,65
flat,adani m2k oyster grande,sector 102,2.6,10007.698229407237,3,3,3,2.0,Relatively New,2351.0,1,1,1,0,0,0,118
house,unitech espace,sector 50,11.0,40740.74074074074,4,4,3+,2.0,Moderately Old,2700.0,0,1,0,0,0,1,88
flat,dlf regency park,sector 28,1.6,14545.454545454546,2,2,2,3.0,Relatively New,1222.0,0,0,0,0,0,0,52
flat,bestech park view sanskruti,sector 92,1.68,11052.631578947368,3,4,3+,15.0,Relatively New,1804.0,0,1,0,0,0,1,174
flat,sare green parc phase 3,sector 92,0.95,4856.850715746421,4,3,3,4.0,Moderately Old,1770.0,0,0,0,0,0,0,67
house,ansals palam vihar,sector 2,9.0,19230.76923076923,5,5,2,2.0,Old Property,4680.0,1,1,1,1,0,2,110
house,independent,sector 40,2.1,23333.33333333333,3,3,2,3.0,Moderately Old,900.0,0,0,0,0,1,1,35
flat,ss the leaf,sector 85,2.1,7467.994310099573,4,5,3+,9.0,Relatively New,2545.0,0,0,0,0,0,1,67
flat,dlf regal gardens,sector 90,1.25,6459.948320413437,3,3,3,10.0,Relatively New,1650.0,0,0,0,0,1,1,38
house,dlf city plots phase 2,sector 25,10.75,29861.11111111111,9,9,3+,3.0,Old Property,3600.0,0,1,1,1,0,0,73
flat,m3m skywalk,sector 74,1.6,11379.800853485063,2,2,2,28.0,New Property,1272.0,0,0,0,0,0,0,15
house,spaze privy,sector 72,3.1,8486.175745962222,5,5,3+,21.0,Relatively New,3653.0,0,0,0,0,0,0,0
flat,shapoorji pallonji joyville gurugram,sector 102,0.97,10601.092896174863,2,2,2,12.0,New Property,747.0,0,0,0,0,0,0,57
flat,signature signum 95a,sector 95,0.4,7782.101167315175,2,2,2,3.0,New Property,571.0,0,0,0,0,0,0,44
flat,m3m skywalk,sector 74,2.25,13636.363636363636,3,3,2,9.0,Relatively New,1938.0,0,1,0,0,0,1,174
house,independent,sector 3 phase 2,0.4,8000.0,2,1,0,1.0,Relatively New,500.0,0,0,0,0,0,0,0
flat,paras dews,sector 106,0.95,6859.205776173285,2,2,3+,2.0,Relatively New,940.0,0,0,0,0,0,0,49
house,sushant lok 1 builder floors,sector 43,10.85,28841.041998936736,8,8,3,3.0,Moderately Old,3762.0,1,1,1,1,0,2,160
house,project mianwali colony,sector 12,2.0,14814.814814814816,5,5,2,3.0,Old Property,1350.0,0,0,0,0,0,0,0
flat,shapoorji pallonji joyville gurugram,sector 102,1.8,10638.297872340425,3,3,3,1.0,Relatively New,1531.0,0,0,0,0,0,0,141
flat,conscient elevate,sector 59,6.75,19882.17967599411,4,4,2,10.0,New Property,2567.0,0,1,0,0,0,0,31
flat,ireo victory valley,sector 67,3.5,14583.333333333334,3,4,3,24.0,Relatively New,2490.0,0,1,0,1,0,1,149
house,rwa sector 46,sector 46,4.5,24390.243902439022,6,6,3+,3.0,Moderately Old,1845.0,0,0,1,0,0,1,80
flat,imperia the esfera,sector 37c,0.86,4886.363636363636,3,3,2,0.0,New Property,1593.0,0,0,0,0,1,0,35
flat,sare crescent parc royal greens phase 1,sector 92,0.75,4325.259515570934,4,4,3+,3.0,Relatively New,1734.0,0,0,0,0,0,0,93
flat,dlf regency park,sector 28,2.35,13224.535734383791,3,3,2,18.0,Old Property,1608.0,0,1,0,0,0,0,120
flat,paras dews,sector 106,1.2,6818.181818181818,3,4,3+,9.0,Relatively New,1186.0,0,1,0,0,0,0,174
flat,orchid petals,sector 49,2.45,11887.433284813198,3,3,3,0.0,Relatively New,1865.0,1,0,0,0,0,0,49
house,vatika independent floors,sector 82,1.4,8235.29411764706,3,3,2,3.0,New Property,1700.0,0,0,0,1,0,0,61
flat,emaar palm gardens,sector 83,1.75,9210.526315789471,3,3,3,6.0,Relatively New,1549.0,0,1,0,0,0,1,105
flat,umang monsoon breeze,sector 78,0.8,4836.759371221282,3,2,2,7.0,Moderately Old,1472.0,0,0,0,1,0,0,102
flat,earth copia,sector 112,0.7,4672.897196261682,2,2,2,4.0,Relatively New,1498.0,0,0,0,0,0,0,65
flat,dlf regal gardens,sector 90,1.65,7449.209932279909,4,4,3+,8.0,Relatively New,1900.0,0,0,0,0,1,0,79
flat,umang winter hills,sector 77,0.71,5306.427503736921,2,2,2,6.0,Relatively New,1057.0,1,0,0,0,0,0,108
house,unitech palms south city 1,sector 41,9.25,28549.382716049386,9,9,3+,4.0,Moderately Old,5000.0,1,1,1,1,0,1,65
flat,m3m skywalk,sector 74,1.57,11002.1023125438,2,2,3+,10.0,Relatively New,1300.0,0,0,0,0,1,0,137
flat,godrej nature plus,sector 33,1.1,7971.014492753623,2,2,2,14.0,New Property,1533.0,0,0,0,0,0,0,56
flat,ats marigold,sector 89,1.5,8498.583569405098,3,3,3,5.0,Under Construction,1480.0,0,0,0,0,0,0,96
flat,ss the leaf,sector 85,1.31,7987.804878048781,2,2,2,5.0,Relatively New,1822.0,0,1,0,0,0,0,89
flat,godrej oasis,sector 88a,1.45,8366.993652625504,2,2,3+,9.0,Relatively New,133.0,1,0,0,0,0,2,85
flat,hsiidc sidco shivalik apartments,manesar,0.6,4000.0,3,2,2,5.0,Moderately Old,1277.0,0,0,0,0,0,0,80
house,independent,sector 25,13.5,37313.432835820895,5,6,3+,4.0,Old Property,3618.0,0,0,0,0,1,1,79
flat,ats kocoon,sector 109,2.22,10596.658711217184,3,3,3,20.0,Relatively New,1896.0,0,1,0,0,1,0,79
flat,bestech park view ananda,sector 81,0.95,6985.294117647059,2,2,2,13.0,Relatively New,1150.0,0,0,0,0,0,1,167
flat,signature global park,sohna road,0.72,5990.016638935108,2,2,3,3.0,Relatively New,1095.0,0,0,0,1,0,0,158
house,independent,sector 7,2.43,14889.70588235294,4,4,2,3.0,Old Property,345.0,1,0,1,1,0,0,38
flat,ireo the corridors,sector 67a,1.5,11111.111111111111,2,2,2,10.0,Relatively New,1500.0,0,0,1,0,0,1,38
house,independent,sector 3 phase 3 extension,1.5,5000.0,6,1,0,1.0,New Property,3000.0,0,0,0,0,0,0,0
flat,conscient one,sector 109,1.7,17616.58031088083,1,1,2,9.0,Relatively New,965.0,0,0,0,0,0,0,0
flat,orchid petals,sector 49,2.35,11559.272011805217,3,3,3,15.0,Relatively New,2030.0,0,0,0,0,1,0,49
flat,emaar imperial gardens,sector 102,1.85,9135.802469135802,3,3,3+,0.0,Relatively New,2250.0,0,1,0,0,0,1,95
house,independent,sector 41,9.0,27777.777777777777,8,5,3+,3.0,Old Property,3240.0,0,1,1,1,0,1,26
house,independent,sector 105,1.15,3284.775778349044,3,2,1,1.0,Moderately Old,3889.0,0,0,0,0,0,0,0
flat,breez global heights,sohna road,0.4,6420.545746388443,2,2,1,4.0,New Property,615.0,0,0,0,0,0,0,49
flat,signature global synera,sector 81,0.4,6319.11532385466,2,2,1,12.0,Relatively New,586.0,0,0,0,0,0,0,23
flat,ats triumph,sector 104,1.75,7641.921397379912,3,4,3+,11.0,Relatively New,2072.0,0,1,0,0,0,0,110
flat,experion the heartsong,sector 108,0.87,11852.861035422344,2,3,3,2.0,Relatively New,978.23,0,1,0,0,0,1,123
flat,raheja atharva,sector 109,2.2,9490.940465918897,3,3,2,7.0,Moderately Old,2576.0,0,1,0,0,0,1,111
flat,m3m skycity,sector 65,3.5,17039.92210321324,3,3,3,15.0,New Property,2282.0,1,1,0,1,0,1,166
flat,ambience creacions,sector 22,3.5,19444.444444444445,3,4,3+,8.0,New Property,2000.0,0,1,0,0,0,1,57
flat,pyramid urban homes 2,sector 86,0.5,9615.384615384615,2,2,1,10.0,Relatively New,578.0,0,0,0,0,0,0,15
flat,bptp terra,sector 37d,1.65,7530.807850296668,4,3,3+,6.0,Relatively New,2091.0,0,0,0,0,0,1,149
flat,unitech uniworld city,sector 30,3.55,14991.554054054051,3,5,3+,16.0,Old Property,2367.0,0,1,0,0,0,1,141
flat,mapsko mount ville,sector 79,1.2,13840.83044982699,3,3,3,18.0,Relatively New,1165.0,1,0,0,1,0,1,160
flat,vatika inxt floors,sector 82a,1.25,8333.333333333334,3,2,3,2.0,Relatively New,1667.0,1,0,0,1,0,1,94
flat,central park flower valley,sector 33,1.79,11250.78566939032,3,3,3,3.0,Old Property,1619.0,0,0,0,0,0,0,71
house,independent,sector 105,1.2,13333.333333333334,4,4,1,2.0,Moderately Old,900.0,0,0,0,0,1,0,14
flat,signature global city 92,sector 92,0.99,9074.243813015582,3,2,3,1.0,Relatively New,1091.0,0,0,0,0,0,0,24
flat,emaar imperial gardens,sector 102,1.7,8395.061728395061,3,4,3+,8.0,Relatively New,1750.0,0,1,0,1,0,1,174
flat,antriksh heights,sector 84,1.02,4868.73508353222,4,4,3+,11.0,Relatively New,1896.0,0,1,0,1,0,0,99
house,suncity avenue 76,sector 76,0.75,10067.114093959732,2,2,2,11.0,New Property,745.0,0,0,0,0,0,0,40
flat,shapoorji pallonji joyville gurugram,sector 102,2.0,17730.49645390071,3,3,3+,1.0,Relatively New,1456.0,0,0,1,0,0,0,139
flat,paras dews,sector 106,0.92,6642.599277978339,2,2,3+,2.0,Relatively New,940.0,0,0,0,0,0,0,174
flat,tulip violet,sector 69,1.85,9203.980099502489,4,4,2,14.0,Relatively New,1819.0,0,0,0,0,0,1,157
flat,bestech altura,sector 79,1.72,8000.0,3,4,3+,5.0,Relatively New,1695.0,0,1,0,0,0,0,174
flat,dlf new town heights,sector 90,1.2,6217.616580310881,3,3,3+,8.0,Moderately Old,2144.0,0,1,0,1,0,0,59
flat,dlf regal gardens,sector 90,1.25,8116.883116883117,3,3,3,8.0,Relatively New,1640.0,0,0,0,1,0,0,158
flat,ompee k s residency,sector 110,1.6,2992.8918817807707,2,2,2,1.0,Relatively New,73.0,0,0,0,0,0,0,0
house,dlf the grove,sector 54,5.7,23456.79012345679,4,4,0,1.0,Moderately Old,2430.0,0,0,0,0,0,0,46
flat,supertech araville,sector 79,0.71,5520.99533437014,2,2,0,9.0,Under Construction,1295.0,0,0,0,0,0,0,0
flat,ats kocoon,sector 109,1.6,9169.054441260743,3,3,3,10.0,Relatively New,1550.0,0,0,0,0,0,0,86
flat,smart world gems,sector 89,0.9,8159.564823209429,2,2,2,3.0,New Property,998.0,1,0,0,0,1,0,95
house,independent,sector 25,10.0,37037.03703703704,5,5,3+,3.0,Moderately Old,9500.0,0,1,0,1,0,2,29
flat,capital residences 360,sector 70a,1.51,7641.700404858299,3,3,3,7.0,Relatively New,1788.0,0,1,0,0,0,0,49
flat,emaar gurgaon greens,sector 102,1.52,9212.121212121212,3,3,3,7.0,Relatively New,1315.0,0,1,0,0,0,1,137
flat,breez global heights,sohna road,0.46,6478.87323943662,2,2,2,6.0,Relatively New,789.0,0,0,0,0,0,2,49
house,sushant lok 1 builder floors,sector 43,1.95,10077.519379844962,3,4,3+,4.0,New Property,215.0,0,1,0,0,0,1,78
flat,paras dews,sector 106,1.28,7272.727272727273,3,4,3+,24.0,Relatively New,1186.0,0,1,0,0,0,0,49
flat,emaar the palm drive,sector 66,3.9,18633.540372670806,3,4,3,2.0,Relatively New,2200.0,0,0,0,0,0,0,0
flat,indiabulls enigma,sector 110,4.25,10953.60824742268,5,5,3+,4.0,Relatively New,3511.0,0,1,0,0,0,0,101
flat,godrej air,sector 85,1.8,13138.68613138686,3,3,3,30.0,Under Construction,141.0,0,0,0,0,0,0,45
flat,vatika independent floors,sector 82,1.45,8055.555555555556,4,3,0,1.0,Relatively New,1800.0,0,0,0,0,0,0,50
flat,smart world orchard,sector 61,2.54,15497.25442342892,3,3,3,2.0,New Property,1639.0,0,0,1,0,0,0,16
flat,sare homes,sector 92,1.25,6200.396825396825,4,3,0,16.0,Relatively New,2040.0,0,0,0,0,0,0,49
flat,apna enclave,sector 3,0.8,6153.846153846154,3,3,1,0.0,Old Property,1000.0,0,0,0,0,0,0,0
flat,ss the leaf,sector 85,2.1,8720.93023255814,3,4,3+,6.0,Relatively New,2026.0,0,1,0,0,0,0,156
flat,dlf new town heights,sector 90,1.6,6768.18950930626,4,4,3+,10.0,Relatively New,2139.0,0,1,0,1,0,0,88
flat,signature global orchard avenue,sector 93,0.4,7352.941176470588,2,2,2,11.0,New Property,604.0,0,0,0,0,0,0,37
house,independent,sector 47,0.99,17187.5,1,4,3,4.0,Relatively New,64.0,0,0,0,0,0,0,13
house,independent,sector 8,0.59,10085.470085470086,2,2,2,2.0,Moderately Old,585.0,0,0,0,0,1,0,7
flat,valley view estate,gwal pahari,0.38,6089.74358974359,1,1,1,11.0,Moderately Old,565.0,0,0,0,0,0,0,42
flat,ambience creacions,sector 22,2.55,13709.67741935484,3,3,3,5.0,Relatively New,1860.0,0,0,0,0,0,2,49
flat,essel towers,sector 14,2.75,12500.0,4,5,3+,8.0,Old Property,2200.0,1,1,0,0,0,2,128
flat,the serenas,sector 36,0.42,7909.604519774011,2,2,1,3.0,New Property,590.0,0,0,0,0,0,0,0
flat,orris aster court premier,sector 85,1.5,5859.375,4,5,3+,6.0,New Property,2017.0,0,1,0,0,0,1,28
flat,tata primanti,sector 72,3.2,12190.47619047619,4,4,3+,8.0,Moderately Old,2600.0,0,1,0,0,0,1,168
flat,rwa,sector 7,0.48,6000.0,3,2,1,1.0,New Property,889.0,0,0,0,0,0,0,21
flat,godrej habitat,sector 3,1.35,12784.09090909091,2,2,0,4.0,Old Property,1056.0,0,0,0,0,0,0,60
flat,vatika sovereign next sector-82 a gurgaon,sector 82a,2.91,6700.437485609026,4,4,3,6.0,Under Construction,3902.0,1,1,1,0,0,1,79
flat,central park resorts,sector 48,9.3,24926.293218976145,4,4,3+,10.0,Moderately Old,3831.0,1,1,1,1,0,1,67
flat,breez global hill view,sohna road,0.42,7179.48717948718,2,2,1,18.0,Relatively New,650.0,0,0,0,0,0,0,44
flat,suncity platinum towers,sector 28,6.0,22346.3687150838,3,3,2,8.0,Moderately Old,2983.0,0,1,0,0,0,0,31
flat,ireo the corridors,sector 67a,1.8,14657.980456026058,3,3,3,6.0,New Property,1551.0,0,1,1,0,0,1,150
flat,vatika the seven lamps,sector 82,0.81,6192.660550458716,2,2,2,15.0,Relatively New,1176.0,0,0,0,0,0,1,117
house,dlf city phase 1,sector 26,4.5,33333.333333333336,3,3,2,2.0,Moderately Old,1350.0,1,1,0,0,0,0,70
house,independent,sector 4,0.58,9618.573797678277,2,2,1,2.0,Moderately Old,67.0,0,0,0,1,1,0,7
flat,m3m heights,sector 65,2.78,15199.562602515036,3,3,3,44.0,Relatively New,1829.0,0,0,0,0,0,0,56
flat,supertech araville,sector 79,0.9,5882.35294117647,2,2,3,5.0,Relatively New,1450.0,1,0,0,0,0,0,53
flat,dlf regal gardens,sector 90,2.05,8999.12203687445,4,4,3+,5.0,Relatively New,2005.0,0,0,0,0,0,1,49
flat,tulip ivory,sector 70,2.0,8333.333333333334,4,5,3+,2.0,Relatively New,2172.0,0,1,0,0,0,1,49
flat,vatika city,sector 49,1.85,10577.472841623783,3,3,1,7.0,Moderately Old,1471.12,0,0,1,1,0,0,158
flat,m3m woodshire,sector 107,0.88,6442.166910688141,2,2,3+,3.0,Relatively New,1236.0,0,0,0,0,0,0,99
house,unitech aspen greens,sector 50,12.0,37037.03703703704,3,4,2,1.0,Moderately Old,3240.0,1,1,0,0,0,1,101
flat,dlf regal gardens,sector 90,1.65,7449.209932279909,4,4,3+,15.0,Relatively New,2214.0,0,0,0,0,0,0,158
flat,bestech park view residency,sector 2,1.51,7889.237199582027,3,4,3+,8.0,Moderately Old,1738.0,0,1,0,0,0,0,92
house,independent,sector 3,3.5,9210.526315789471,1,1,0,1.0,Old Property,3800.0,0,0,0,0,0,0,0
flat,microtek greenburg,sector 86,1.3,15294.117647058823,2,3,3,5.0,Relatively New,944.0,1,0,0,0,0,1,45
flat,assotech blith,sector 99,1.9,6701.940035273368,4,4,3+,2.0,New Property,2835.0,0,0,0,0,0,0,51
flat,huda ashok vihar phase,sector 4,0.43,6615.384615384615,2,2,1,2.0,Relatively New,722.0,0,0,0,0,0,0,7
house,ansals florence villa,sector 57,3.65,10579.710144927536,6,6,2,3.0,Moderately Old,3450.0,1,1,1,1,0,2,152
house,unitech espace,sector 50,9.8,30246.913580246917,4,4,3,2.0,Moderately Old,3240.0,0,1,0,0,0,0,22
flat,vatika city homes,sector 83,1.0,5747.126436781609,3,3,2,2.0,Relatively New,1575.0,0,0,1,0,0,1,174
flat,ss the leaf,sector 85,2.15,8928.57142857143,3,5,3,2.0,New Property,2179.0,0,0,0,0,0,0,53
flat,sare homes,sector 92,1.12,5358.851674641149,4,4,2,12.0,Relatively New,2322.0,0,1,0,0,0,0,85
flat,chd avenue,sector 71,1.3,5531.914893617021,4,4,3,5.0,Moderately Old,2127.0,0,1,0,0,0,0,126
flat,shri ram apartments,sector 4,0.32,3368.4210526315787,2,2,1,4.0,Relatively New,1056.0,0,0,0,0,0,1,7
house,independent,sector 55,1.45,26851.85185185185,1,4,3+,4.0,Relatively New,60.0,0,0,1,0,0,0,70
flat,shreeram apartment ii,sector 4,0.21,4666.666666666667,1,1,1,2.0,Relatively New,500.0,0,0,0,0,0,0,7
house,independent,sector 7,1.15,8518.518518518518,5,3,2,2.0,Old Property,150.0,0,0,0,1,0,0,15
flat,tulip violet,sector 69,2.0,10167.768174885612,4,4,1,12.0,Relatively New,2186.0,0,0,0,0,0,0,79
house,independent,sector 47,4.3,29311.52010906612,3,4,2,2.0,Moderately Old,1467.0,0,0,0,0,1,0,0
flat,signature global solera,sector 107,0.6,8000.0,3,2,2,8.0,Relatively New,750.0,0,0,0,0,0,0,55
flat,hsiidc sidco aravali,manesar,0.86,3323.029366306028,3,3,3+,3.0,Moderately Old,1900.0,0,1,0,0,0,0,81
house,independent,manesar,2.0,14958.863126402392,3,1,0,3.0,Moderately Old,1337.4,0,0,0,0,0,0,16
flat,oriental valley chs,sector 9a,1.5,8108.108108108108,4,3,3+,8.0,Moderately Old,2056.0,0,0,0,0,0,0,35
house,vipul tatvam villa,sector 48,6.4,24691.35802469136,3,4,3,2.0,Relatively New,2592.0,1,1,1,0,0,1,148
flat,parsvnath green ville,sector 48,2.0,7763.975155279503,3,3,0,15.0,Relatively New,1923.0,0,1,0,0,0,0,74
flat,central park flower valley aqua front towers,sector 33,2.1,11738.401341531582,3,3,2,6.0,Under Construction,1619.0,0,0,0,0,0,0,24
house,independent,sector 12,0.9,13333.333333333334,2,4,0,2.0,Old Property,675.0,0,0,0,0,0,0,0
flat,ss the leaf,sector 85,2.13,7574.679943100996,4,4,3,6.0,Relatively New,2600.0,0,0,0,0,0,0,49
flat,m3m merlin,sector 67,3.4,14418.99915182358,3,4,3,16.0,Relatively New,2016.0,0,1,0,0,0,1,174
house,independent,sector 7,3.0,11494.25287356322,7,7,0,3.0,Old Property,2610.0,0,0,0,0,0,0,0
flat,vatika city,sector 49,3.6,11920.529801324505,4,5,3,7.0,Moderately Old,3356.0,0,1,0,1,0,2,15
flat,paras dews,sector 106,0.97,8818.181818181818,2,2,3,6.0,New Property,1200.0,0,0,0,1,0,1,174
house,independent,sector 41,7.25,29292.929292929293,9,8,3,4.0,Old Property,2475.0,0,1,0,0,0,1,94
flat,mvn athens,sohna road,0.27,5895.196506550218,2,2,1,4.0,Relatively New,509.0,0,0,0,0,1,1,35
house,independent,sector 57,8.0,29629.62962962963,5,4,3,2.0,Relatively New,2700.0,1,1,0,1,0,0,21
flat,sobha city,sector 108,2.1,13972.055888223553,2,2,2,3.0,Relatively New,1250.0,0,0,0,0,0,0,74
flat,umang winter hills,sector 77,0.99,7857.142857142857,2,2,2,1.0,Relatively New,1126.0,0,0,0,0,0,0,97
house,independent,sector 23,5.0,16244.314489928523,4,4,2,2.0,Old Property,3078.0,0,0,0,0,0,0,7
flat,signature global park,sohna road,0.68,8252.42718446602,2,2,2,3.0,New Property,916.0,0,0,0,0,0,0,113
flat,signature global park,sohna road,0.54,6390.532544378698,2,2,3,4.0,New Property,676.0,0,0,0,0,0,0,44
flat,satya element one,sector 49,0.94,14008.941877794336,1,2,2,2.0,Moderately Old,746.0,0,0,0,0,0,0,0
flat,central park flower valley,sector 33,2.5,13269.63906581741,3,3,2,1.0,New Property,2093.0,0,0,0,0,0,0,66
flat,railway officers rpf society,sector 9a,1.3,5038.759689922481,4,4,3+,9.0,Old Property,2580.0,0,0,0,0,0,0,0
flat,rof ananda,sector 95,0.25,6578.9473684210525,1,1,1,4.0,New Property,344.0,0,0,0,0,0,0,0
house,dlf alameda,sector 73,17.0,35109.458901280464,5,8,3,3.0,Relatively New,9000.0,1,1,1,1,0,2,87
flat,birla navya,sector 63a,3.7,15416.666666666666,3,3,3+,1.0,Under Construction,2667.0,0,0,0,0,0,0,72
flat,corona optus,sector 37c,1.25,7090.187180941577,3,3,3,4.0,Relatively New,1350.0,0,0,0,0,1,0,49
flat,puri emerald bay,sector 104,2.3,9387.755102040815,3,4,3+,10.0,Moderately Old,2217.0,0,1,0,0,0,0,101
house,international city by sobha phase 1,sector 109,5.9,24279.8353909465,4,5,2,2.0,Relatively New,2430.0,0,1,0,0,0,1,111
flat,signature global city,sector 37d,1.1,9838.998211091235,2,2,2,4.0,Relatively New,1242.0,0,0,0,0,0,0,59
flat,tulip leaf,sector 69,2.06,11387.50690989497,3,3,3,16.0,Relatively New,1640.0,0,0,0,0,0,0,49
house,independent,sector 7,0.9,10000.0,2,4,3,3.0,Old Property,100.0,0,1,0,0,1,1,44
flat,dlf new town heights,sector 86,1.3,6735.751295336788,3,3,3,15.0,Relatively New,1715.0,0,1,0,1,0,1,49
flat,m3m woodshire,sector 107,0.75,5490.4831625183015,2,2,3+,14.0,Relatively New,1201.0,0,0,0,1,0,0,174
flat,shapoorji pallonji joyville gurugram,sector 102,1.95,10529.15766738661,3,3,3,10.0,Relatively New,1676.0,0,0,0,0,0,0,59
flat,orchid petals,sector 49,4.52,10984.204131227218,5,5,3+,14.0,Moderately Old,3724.0,1,1,0,1,0,0,49
flat,spire woods now ananda by alpha corp,sector 103,1.25,6902.263942573164,3,4,3,11.0,Under Construction,2012.0,1,1,0,0,0,0,105
flat,valley view estate,gwal pahari,1.5,7488.766849725412,4,4,3+,10.0,Moderately Old,1850.0,0,0,0,0,0,0,58
flat,prasha apartments,manesar,0.75,3308.337009263344,3,3,3+,3.0,Moderately Old,1914.0,0,1,0,0,0,0,31
flat,m3m woodshire,sector 107,0.8,5856.515373352855,2,2,3+,6.0,Relatively New,1204.0,0,0,0,1,0,1,174
flat,m3m sierra 68,sector 68,1.25,10245.901639344262,2,2,3,4.0,New Property,938.0,0,0,0,0,0,0,44
flat,vatika sovereign park,sector 99,3.25,9672.619047619048,4,4,3+,2.0,New Property,3041.0,0,1,0,0,0,0,123
flat,emaar palm premier,sector 77,2.1,10500.0,3,4,3+,11.0,New Property,1600.0,0,1,0,0,0,1,129
flat,ats tourmaline,sector 109,1.75,8139.53488372093,3,4,3+,7.0,Relatively New,1797.0,0,1,0,0,0,0,165
flat,emaar digihomes,sector 62,3.95,15262.75115919629,3,3,3,33.0,New Property,2876.0,0,1,0,0,0,1,49
flat,indiabulls centrum park,sector 103,2.14,7443.478260869565,4,6,3+,7.0,Relatively New,2718.0,0,1,0,0,0,0,142
flat,aipl zen residences,sector 70a,1.82,10996.978851963746,3,3,3,12.0,Relatively New,1600.0,0,0,0,0,0,0,108
flat,denso haryana housing society,manesar,0.9,4308.28147438966,3,3,3+,5.0,Moderately Old,2321.0,0,1,0,0,0,0,7
house,sector 14 rwa,sector 14,5.51,16990.4409497379,3,3,2,4.0,Moderately Old,3243.0,0,0,0,0,0,0,14
flat,mahindra luminare,sector 59,5.8,19173.553719008265,3,4,3,16.0,New Property,3361.0,0,1,0,0,0,1,49
flat,orchid petals,sector 49,1.95,9974.424552429668,3,3,3,2.0,Old Property,1633.0,0,0,0,0,0,1,90
flat,m3m woodshire,sector 107,1.4,5929.690808979246,3,4,0,1.0,New Property,2137.0,0,0,0,0,0,0,67
flat,signature global city,sector 37d,1.1,8494.208494208495,3,3,2,2.0,Relatively New,1439.0,0,0,0,0,0,0,36
flat,hcbs sports ville,sohna road,0.32,5517.241379310345,2,2,1,7.0,New Property,644.0,0,0,0,0,0,0,37
flat,ild greens,sector 37c,0.95,9223.300970873786,2,2,3+,11.0,Relatively New,1179.0,0,0,1,1,0,1,119
flat,tulip violet,sector 69,1.43,8887.507768800497,3,3,2,1.0,Relatively New,1305.0,0,0,0,1,0,0,86
flat,godrej nature plus,sector 33,1.67,10503.14465408805,3,2,2,18.0,New Property,1857.0,0,0,0,0,0,0,67
flat,signature global synera,sector 81,0.38,9500.0,1,1,2,3.0,Relatively New,444.0,0,0,0,0,0,0,43
house,satya the hermitage,sector 103,3.15,6702.127659574468,4,5,0,12.0,Relatively New,4700.0,0,0,0,0,0,0,61
flat,ats kocoon,sector 109,1.7,9742.120343839542,3,3,3,21.0,Moderately Old,1550.0,0,0,0,0,0,0,49
flat,experion the heartsong,sector 108,1.68,8387.418871692462,3,3,3+,4.0,Relatively New,1338.29,1,1,0,0,0,1,86
flat,the castle society,sector 56,2.0,8695.652173913044,4,4,2,4.0,Under Construction,2081.0,0,0,0,0,0,0,0
flat,shapoorji pallonji joyville gurugram,sector 102,0.96,10491.803278688523,2,2,2,10.0,Relatively New,828.0,0,0,0,0,0,0,132
flat,m3m woodshire,sector 107,1.3,8922.443376801648,3,3,3+,4.0,Relatively New,1554.0,0,0,0,1,0,1,174
flat,umang winter hills,sector 77,1.1,5296.100144439095,3,4,3+,9.0,Relatively New,1829.0,0,1,0,0,0,0,49
house,independent,sector 5,3.5,14786.64976763836,5,4,2,2.0,Old Property,2367.0,0,0,0,1,1,0,36
flat,emaar palm heights,sector 77,1.79,8839.506172839507,3,3,3,1.0,New Property,1600.0,0,1,0,0,0,1,49
flat,smart world orchard,sector 61,2.5,16139.444803098771,3,3,1,1.0,New Property,1549.0,0,0,0,0,0,0,61
flat,hsiidc sidco shivalik apartments,manesar,0.48,3840.0,2,2,3,7.0,Moderately Old,993.0,0,0,0,0,0,0,88
flat,signature global orchard avenue,sector 93,0.38,6386.55462184874,2,2,2,7.0,Relatively New,661.0,0,0,0,0,0,0,16
flat,shapoorji pallonji joyville gurugram,sector 102,1.76,10226.612434631028,3,3,3,1.0,Relatively New,1531.0,0,0,0,0,0,0,100
flat,adani aangan galleria,sector 89,0.25,5000.0,1,1,1,6.0,New Property,430.0,0,0,0,0,0,0,74
house,independent,sector 14,5.5,16975.30864197531,5,4,2,2.0,Old Property,3240.0,1,0,0,0,0,0,27
flat,the lions cghs,sector 56,2.05,7884.615384615385,4,4,3+,6.0,Relatively New,2500.0,0,0,0,0,1,1,101
flat,raheja vedaanta,sector 108,0.95,5214.050493962678,3,3,3,3.0,Relatively New,1649.0,0,0,0,0,1,0,95
flat,smart world gems,sector 89,0.95,8903.467666354265,2,2,2,1.0,New Property,804.0,1,0,0,0,0,0,122
flat,signature global solera,sector 107,0.5,7692.307692307692,2,2,1,11.0,Relatively New,494.0,0,0,0,0,0,0,55
flat,hcbs sports ville,sohna road,0.27,4347.826086956522,2,2,2,10.0,Relatively New,619.0,0,0,0,0,0,0,43
house,independent,sector 17a,1.52,19869.281045751635,2,2,1,1.0,Old Property,105.0,0,0,0,0,0,0,22
flat,tata primanti,sector 72,3.85,13253.012048192772,4,5,3+,13.0,Relatively New,2629.0,0,1,0,0,0,1,174
flat,railway officers rpf society,sector 9a,1.25,6921.373200442968,4,3,3,1.0,Old Property,2007.0,0,1,0,0,0,0,40
house,huda sector-56 gurgaon,sector 56,3.6,24844.72049689441,5,5,3+,3.0,Moderately Old,1449.0,0,0,0,0,1,0,47
flat,breez global hill view,sohna road,0.3,5128.205128205128,2,2,1,11.0,New Property,650.0,0,0,0,0,0,0,91
house,independent,sector 25,16.0,26666.666666666668,6,5,2,3.0,Relatively New,6000.0,0,0,0,0,0,0,0
flat,breez global heights,sohna road,0.28,7142.857142857143,1,1,1,4.0,New Property,443.0,0,0,0,0,0,2,26
flat,rof ananda,sector 95,0.37,5745.341614906833,3,2,1,6.0,Relatively New,716.0,0,0,0,1,0,1,72
house,independent,sector 50,12.5,40610.78622482131,6,5,3,4.0,Moderately Old,3078.0,1,1,0,1,0,1,23
flat,emaar mgf emerald floors premier,sector 65,2.55,15454.545454545454,3,3,3,3.0,Relatively New,1650.0,1,1,0,0,0,0,21
flat,the lions cghs,sector 56,2.05,8541.666666666666,4,4,3+,8.0,Moderately Old,2667.0,0,0,0,0,0,1,49
flat,sare green parc phase 3,sector 92,0.79,6086.286594761171,3,2,2,15.0,New Property,1175.0,0,0,0,0,0,0,29
flat,adani m2k oyster grande,sector 102,1.9,9103.977000479155,3,4,3,8.0,Relatively New,1710.0,0,1,0,0,0,0,165
house,u block dlf phase 3 road no 21,sector 24,1.6,3292.181069958848,7,5,3+,4.0,Old Property,60.0,0,0,0,0,0,0,0
flat,vipul lavanya,sector 81,0.65,5263.1578947368425,2,2,2,14.0,Moderately Old,985.0,0,0,0,0,0,0,96
flat,ireo victory valley,sector 67,3.05,16266.666666666666,3,4,2,35.0,Relatively New,2200.0,1,1,0,0,0,1,165
flat,m3m woodshire,sector 107,0.9,5867.014341590613,2,2,3,8.0,Relatively New,1281.0,1,0,0,0,0,1,74
flat,bestech park view grand spa,sector 81,2.4,9022.556390977445,3,4,3+,8.0,New Property,2407.0,1,1,0,0,0,1,167
flat,ireo skyon,sector 60,2.5,16129.032258064515,2,3,2,4.0,Relatively New,1403.0,1,0,0,0,0,0,100
house,dlf south city 1,sector 41,2.65,18928.571428571428,3,3,3,4.0,New Property,1400.0,0,1,0,0,0,1,22
flat,dlf regal gardens,sector 90,1.3,7150.715071507151,3,3,3+,7.0,Relatively New,1700.0,0,0,0,0,0,0,141
house,palam vihar extension west zone rwa,sector 2,0.4,4444.444444444444,3,4,2,2.0,Moderately Old,900.0,0,0,0,0,0,0,36
flat,bestech park view residency,sector 2,0.98,6930.693069306931,2,2,3,11.0,Moderately Old,1281.0,0,0,0,0,0,0,83
house,independent,sector 4,0.47,8006.814310051107,2,1,1,1.0,Moderately Old,624.0,0,0,1,0,0,0,0
flat,parsvnath exotica,sector 53,4.8,14678.899082568809,3,4,3+,12.0,New Property,2895.0,0,0,0,0,0,0,69
flat,deepak minda,manesar,1.25,4715.201810637495,3,3,3+,6.0,Moderately Old,2944.0,0,1,0,0,0,0,44
house,sector 14 rwa,sector 14,6.5,26000.0,5,5,0,4.0,Moderately Old,2500.0,0,0,0,0,0,0,0
house,independent,sector 4,0.55,4074.074074074074,3,3,2,2.0,Relatively New,1350.0,0,0,0,0,1,0,7
flat,umang monsoon breeze,sector 78,1.1,5055.14705882353,3,3,3+,9.0,Old Property,2176.0,0,1,0,0,0,0,80
flat,m3m the marina,sector 68,1.0,12500.0,2,2,3,21.0,Relatively New,889.0,0,0,0,0,0,0,31
flat,experion the heartsong,sector 108,0.97,9238.09523809524,2,2,3,10.0,Relatively New,1167.0,0,1,0,0,0,0,165
house,independent,sector 12,1.35,12217.194570135747,2,5,1,3.0,Old Property,2052.0,0,0,0,0,0,0,31
flat,emaar gurgaon greens,sector 102,1.5,9090.90909090909,3,3,3,7.0,Relatively New,1315.0,0,0,0,1,0,1,174
house,independent,sector 2,6.0,24691.35802469136,5,6,3+,3.0,Old Property,2430.0,1,0,0,1,1,1,43
flat,godrej,sector 79,1.34,8524.173027989822,2,2,3,2.0,Relatively New,1423.0,1,0,0,0,0,0,158
house,vipul tatvam villa,sector 48,8.2,25308.64197530864,3,3,2,2.0,Moderately Old,3240.0,1,1,0,1,0,2,160
flat,the close north,sector 50,2.75,12500.0,3,3,3,3.0,Moderately Old,2400.0,0,1,0,0,0,0,110
flat,emaar gurgaon greens,sector 102,1.42,8606.060606060606,3,3,3,4.0,Relatively New,1314.0,0,0,0,0,1,0,49
house,independent,sector 54,3.51,12341.772151898736,4,4,3,4.0,New Property,2844.0,0,1,0,0,0,0,73
flat,godrej nature plus,sector 33,1.4,9333.333333333334,2,2,3,14.0,Under Construction,1448.0,0,0,0,0,0,0,67
flat,chd avenue,sector 71,0.98,6049.382716049383,3,3,3,0.0,Moderately Old,1466.0,1,0,0,0,0,0,65
house,international city by sobha phase 2,sector 109,7.0,12962.962962962964,4,4,3+,2.0,Relatively New,5400.0,0,0,0,0,0,1,102
flat,conscient heritage max,sector 102,2.65,10375.88097102584,4,5,3+,17.0,Moderately Old,2311.0,0,1,0,0,0,0,125
flat,belgravia resort residences,sector 48,3.45,18459.069020866773,3,3,3,14.0,Moderately Old,1869.0,0,0,0,0,0,0,0
flat,orris aster court,sector 85,0.69,5219.364599092284,2,2,2,5.0,Relatively New,1075.0,0,0,0,0,0,0,37
flat,sanskriti apartments,sector 43,2.5,13513.513513513511,3,2,3,5.0,Old Property,1674.0,1,0,0,0,0,0,0
flat,godrej summit,sector 104,1.2,8298.755186721992,3,2,3+,16.0,Relatively New,1607.0,1,0,0,1,0,1,142
flat,emaar gurgaon greens,sector 102,1.4,8484.848484848484,3,3,3,4.0,Relatively New,1493.0,0,1,0,0,0,1,83
flat,la vida by tata housing,sector 113,2.33,12533.620225927918,3,3,3,3.0,New Property,2098.0,0,1,0,0,0,0,174
flat,dlf regency park,sector 28,2.26,13696.969696969696,3,3,2,19.0,Old Property,1700.0,0,1,0,0,0,0,158
flat,m3m sierra 68,sector 68,1.05,8536.585365853658,2,2,2,11.0,New Property,1200.0,0,0,0,0,0,1,127
flat,breez global hill view,sohna road,0.35,6317.6895306859205,2,2,2,14.0,New Property,616.0,0,0,0,0,0,0,53
house,independent,sector 23,4.0,16006.40256102441,3,3,2,2.0,Moderately Old,2499.0,0,1,0,0,0,1,115
house,ninex city,sector 76,1.75,6250.0,4,4,0,14.0,New Property,3111.0,0,0,0,0,0,0,0
house,dlf city plots phase 2,sector 25,6.5,33591.73126614987,3,9,3+,3.0,Old Property,1935.0,1,1,1,1,0,1,142
flat,emaar mgf emerald floors premier,sector 65,2.7,16363.636363636364,3,3,3,5.0,Relatively New,1650.0,0,1,1,0,0,1,108
flat,rof ananda,sector 95,0.2,5464.48087431694,1,1,1,9.0,Relatively New,407.0,0,0,0,1,0,0,52
flat,sare homes,sector 92,0.56,4729.72972972973,3,1,3,1.0,Moderately Old,1316.0,0,0,0,0,0,1,75
flat,sare green parc,sector 92,0.85,6538.461538461538,3,2,2,20.0,Relatively New,1300.0,0,0,0,0,0,0,0
flat,sukhshanti apartment,sector 56,1.65,7006.369426751592,3,3,3+,5.0,Moderately Old,2131.0,1,0,0,0,0,1,134
flat,vatika city homes,sector 83,0.75,5660.377358490566,2,2,2,3.0,Relatively New,1199.0,0,0,0,0,0,1,49
flat,bestech park view ananda,sector 81,1.4,7734.806629834254,3,3,3+,6.0,Relatively New,1475.0,0,0,0,0,0,0,95
flat,suncity vatsal valley,gwal pahari,1.0,13333.333333333334,2,2,2,3.0,New Property,833.0,0,0,0,0,0,1,13
flat,m3m heights,sector 65,2.29,15980.4605722261,2,2,3,8.0,Under Construction,1592.0,1,0,0,0,0,0,15
house,unitech uniworld resorts,sector 33,9.55,19292.929292929293,6,7,3+,2.0,Relatively New,4950.0,1,1,1,1,0,1,126
flat,dlf the ultima,sector 81,2.4,11412.268188302423,3,4,3+,19.0,Relatively New,1903.0,0,1,0,0,0,2,174
flat,bestech park view ananda,sector 81,1.1,6686.930091185411,3,2,3+,5.0,Relatively New,1319.0,0,0,0,0,0,0,150
house,independent,sector 12,0.7,6034.482758620689,3,3,0,1.0,Relatively New,1160.0,0,0,0,0,0,0,23
flat,la vida by tata housing,sector 113,2.48,14090.90909090909,3,3,3+,8.0,New Property,1980.0,0,1,0,0,0,0,79
flat,m3m merlin,sector 67,3.4,14418.99915182358,3,4,3,15.0,Relatively New,2123.0,0,1,0,0,0,1,110
flat,m3m heights,sector 65,3.0,17996.40071985603,3,3,3,20.0,Under Construction,1667.0,0,0,0,0,0,0,60
flat,paras dews,sector 106,1.25,7102.272727272727,3,4,3+,5.0,Relatively New,1186.0,0,1,0,0,0,0,165
flat,tulip violet,sector 69,1.51,9569.074778200253,3,3,2,0.0,Relatively New,1325.0,0,0,0,1,0,2,165
flat,umang monsoon breeze,sector 78,0.75,6053.268765133172,2,2,1,5.0,Moderately Old,1239.0,0,0,0,0,0,0,0
flat,smart world gems,sector 89,1.25,8784.258608573437,3,3,3,2.0,New Property,1288.0,0,0,0,1,0,0,12
flat,shree vardhman flora,sector 90,0.7,4614.370468029005,2,2,3,9.0,New Property,1224.0,1,0,0,0,1,0,51
flat,mapsko casa bella,sector 82,1.75,6903.353057199211,4,5,3+,1.0,Relatively New,2535.0,0,0,0,0,0,0,54
flat,la vida by tata housing,sector 113,3.35,12444.279346210997,4,4,3+,11.0,Relatively New,2991.0,1,1,0,0,0,0,174
house,emaar emerald hills,sector 65,12.5,34722.22222222222,4,4,3+,2.0,Relatively New,3600.0,1,1,0,0,0,0,56
flat,m3m soulitude,sector 89,1.42,9978.917779339425,3,3,2,3.0,New Property,1581.0,0,0,0,0,0,0,15
house,malibu towne,sector 47,8.81,27191.35802469136,8,6,3+,3.0,Moderately Old,3240.0,1,1,0,0,1,1,27
flat,emaar mgf emerald floors premier,sector 65,2.35,16206.896551724138,3,3,3,2.0,Relatively New,1500.0,1,1,0,0,0,1,64
flat,ambience lagoon,sector 24,5.8,12500.0,3,4,3+,9.0,Old Property,3700.0,1,1,0,1,1,2,68
flat,krisumi waterfall residences,sector 36a,2.3,15551.04800540906,2,2,2,23.0,Relatively New,1479.0,0,0,0,0,0,0,58
flat,ss,sector 85,2.14,7610.241820768137,4,4,3,6.0,Relatively New,2300.0,1,1,0,1,0,0,49
flat,emaar palm gardens,sector 83,1.8,9473.684210526317,3,4,0,9.0,Relatively New,1900.0,0,0,0,0,0,0,55
house,nirvana cedar crest,sector 50,3.99,8866.666666666666,4,5,3+,4.0,New Property,4500.0,0,1,0,1,0,1,112
flat,parsvnath exotica,sector 53,5.0,17241.379310344826,3,4,3,7.0,Old Property,3222.0,0,1,0,0,0,1,24
flat,unitech harmony,sector 50,2.6,9590.556990040575,3,4,2,15.0,Relatively New,2700.0,0,1,0,0,1,1,174
house,independent,sector 3 phase 3 extension,0.7,7007.007007007007,2,3,1,1.0,Relatively New,111.0,0,0,1,1,0,0,29
flat,housing board colony,sector 51,0.3,7317.073170731707,1,1,2,0.0,Old Property,459.0,0,0,0,0,0,0,0
flat,adani brahma samsara vilasa,sector 63,4.49,14253.968253968254,4,4,3+,3.0,New Property,3150.0,0,0,0,0,0,1,96
flat,shree vardhman flora,sector 90,0.9,4615.384615384615,3,4,3,4.0,Relatively New,1765.0,0,1,0,0,0,0,165
house,independent,sector 57,3.15,20348.837209302324,5,4,3+,2.0,Moderately Old,1548.0,0,0,1,0,0,1,60
flat,m3m heights,sector 65,2.44,13297.00272479564,3,3,2,7.0,Relatively New,1654.0,0,0,0,0,0,0,31
flat,emaar mgf emerald floors premier,sector 65,2.75,13924.050632911392,4,4,3,3.0,Relatively New,1975.0,1,1,0,0,0,1,113
flat,sanskriti apartment,sector 10a,1.1,6666.666666666667,3,3,3,2.0,Moderately Old,1833.0,0,0,0,0,0,0,22
flat,experion windchants,sector 112,2.5,13888.888888888889,2,2,3,10.0,Relatively New,1939.03,1,0,0,1,0,1,174
flat,signature global city 37d ph 2,sector 37d,1.1,8148.148148148148,3,3,1,2.0,Relatively New,1500.0,0,0,0,1,0,0,30
flat,pareena coban residences,sector 99a,1.08,6625.766871165644,3,5,3,2.0,Relatively New,1750.0,0,1,0,0,1,0,49
flat,ss almeria,sector 84,1.5,7500.0,3,3,3,2.0,New Property,1849.0,0,1,0,0,0,0,108
flat,eldeco accolade,sohna road,0.95,6556.24568668047,2,2,3,8.0,Relatively New,1131.0,1,0,0,0,0,0,42
flat,eros wembley estate,sector 50,1.4,10174.418604651162,3,3,2,9.0,Relatively New,1245.0,0,0,1,0,0,1,117
flat,m3m woodshire,sector 107,1.2,6176.016469377251,3,3,3,7.0,Relatively New,1750.0,0,0,0,0,0,1,49
flat,malibu towers,sector 47,2.45,10698.689956331878,3,4,2,1.0,Old Property,2544.0,1,0,0,0,0,1,42
house,independent,sector 50,10.56,32592.59259259259,5,5,3,3.0,Moderately Old,3240.0,0,1,0,0,0,0,20
flat,signature global grand iva,sector 103,0.23,6534.090909090909,1,1,1,4.0,Relatively New,400.0,0,0,0,0,0,0,23
flat,ats kocoon,sector 109,1.7,9742.120343839542,3,3,3,22.0,Relatively New,1550.0,0,0,0,0,0,0,74
flat,parsvnath green ville,sector 48,1.6,8376.96335078534,3,3,3,13.0,Old Property,1700.0,0,0,0,0,1,1,119
house,independent,sector 103,2.25,6366.723259762309,3,5,3+,10.0,Relatively New,3534.0,0,0,0,0,0,0,0
flat,paras dews,sector 106,1.4,9978.617248752673,4,6,3+,10.0,Relatively New,1535.0,0,1,0,0,0,0,174
flat,maa bhagwati residency,sector 7,0.45,5000.0,2,2,1,4.0,Relatively New,1000.0,0,0,0,0,0,0,28
house,bptp visionnaire,sector 70a,5.4,20689.655172413797,4,5,3+,3.0,Relatively New,2610.0,1,1,1,1,0,1,136
flat,godrej icon,sector 88a,1.62,10018.552875695734,3,2,3+,10.0,Relatively New,1463.0,1,0,0,0,0,2,49
flat,m3m heights,sector 65,2.8,14997.321906802355,3,3,3,20.0,Relatively New,1867.0,0,0,0,0,0,0,91
flat,m3m one key resiments,sector 67,0.8,13114.754098360656,1,1,0,0.0,Relatively New,610.0,0,0,0,0,0,0,0
house,independent,sector 12,2.9,10740.74074074074,7,7,3,2.0,Old Property,2700.0,0,0,0,0,0,0,7
flat,vatika gurgaon,sector 83,1.19,7437.5,3,3,2,10.0,Relatively New,1778.0,0,1,0,0,0,1,35
flat,ramprastha the atrium,sector 37d,0.9,6224.066390041494,3,3,2,13.0,Relatively New,1185.0,0,0,0,0,0,2,37
flat,tulip violet,sector 69,3.05,9664.131812420786,4,5,3+,14.0,Relatively New,2856.0,0,1,0,0,1,0,49
flat,hcbs sports ville,sector 2,0.35,4375.0,2,2,2,8.0,Relatively New,800.0,0,0,0,0,0,0,37
flat,essel tower,sector 28,2.2,12500.0,3,4,3+,3.0,Moderately Old,1956.0,0,1,0,0,0,2,0
flat,sbtl caladium,sector 109,1.26,6542.056074766355,3,2,3,8.0,Relatively New,1701.0,0,0,0,0,0,0,103
flat,dlf carlton estate,sector 43,2.0,14214.641080312722,3,3,2,5.0,Moderately Old,1273.0,0,0,0,0,0,0,65
flat,ats marigold,sector 89,1.85,8604.651162790698,3,3,3+,12.0,New Property,1946.0,0,1,0,0,0,0,37
house,independent,sector 21,0.45,8411.214953271028,3,2,1,1.0,Old Property,594.0,0,0,0,0,0,0,0
flat,raheja atharva,sector 109,0.79,7931.726907630522,3,2,2,3.0,Relatively New,1213.0,0,0,0,0,0,1,44
flat,supertech araville,sector 79,1.35,6940.874035989717,3,3,3,4.0,Relatively New,2161.0,0,0,0,0,0,0,0
flat,godrej oasis,sector 88a,1.19,10162.254483347566,2,2,3,15.0,Relatively New,1387.0,1,0,0,1,0,1,174
flat,professors enclave cghs,sector 56,1.55,7750.0,3,3,3+,6.0,Moderately Old,1810.0,0,1,0,0,0,1,49
flat,godrej,sector 79,1.29,8206.106870229007,2,2,3,4.0,New Property,1423.0,0,0,0,0,0,0,0
flat,spectrum centre,sector 82a,0.62,9538.46153846154,1,1,0,6.0,Relatively New,650.0,0,0,0,0,0,0,0
house,independent,sector 7,3.85,14649.923896499238,4,4,3,3.0,Old Property,2628.0,0,0,0,0,0,0,27
flat,dlf regal gardens,sector 90,1.25,5929.791271347249,3,3,3,18.0,Relatively New,1557.0,0,0,0,0,1,0,72
flat,chd avenue,sector 71,1.2,7407.407407407408,3,3,3,4.0,Relatively New,1466.0,0,0,0,0,1,1,49
house,sneh vihar,sohna road road,1.35,10000.0,5,5,3+,4.0,Relatively New,1350.0,0,0,0,0,0,0,0
flat,ats kocoon,sector 109,2.2,10501.193317422434,3,4,3,13.0,Relatively New,1860.0,0,1,0,0,0,0,165
flat,dnha group housing society,manesar,0.75,4518.0722891566265,3,2,2,5.0,Moderately Old,1502.0,0,0,0,0,0,0,0
flat,bestech park view residency,sector 2,1.4,7865.168539325843,3,3,3+,8.0,Moderately Old,1611.0,0,0,0,0,0,0,92
flat,tulip lemon,sector 69,0.6,10000.0,2,1,1,12.0,Relatively New,667.0,0,0,0,0,0,0,23
flat,madhur jeevan apartments,sector 56,1.59,8594.594594594595,4,3,3+,3.0,Old Property,1900.0,0,0,0,0,1,1,33
flat,capital residences 360,sector 70a,1.18,8137.931034482759,2,2,3,7.0,New Property,1400.0,0,0,0,1,0,0,140
flat,smart world orchard,sector 61,1.7,15004.41306266549,2,2,2,4.0,Under Construction,1278.0,0,0,0,0,0,0,24
flat,pyramid urban,sector 67a,0.53,8967.851099830796,2,2,1,6.0,Relatively New,657.0,0,0,0,0,1,1,49
flat,dlf regal gardens,sector 90,1.27,5497.835497835498,3,3,3+,2.0,Relatively New,1500.0,0,0,0,0,1,0,72
flat,silverglades hightown residences,sector 43,4.2,19764.70588235294,3,4,2,7.0,Old Property,2125.0,0,0,0,0,0,0,42
house,independent,sector 57,3.49,20196.75925925926,4,4,2,3.0,Moderately Old,1728.0,1,1,0,1,0,1,49
house,independent,sector 4,0.55,6815.365551425031,2,1,1,1.0,Moderately Old,75.0,0,0,0,0,0,0,0
flat,pareena laxmi apartments,sector 99a,0.3,5424.9547920434,2,1,2,5.0,New Property,511.0,0,0,0,0,0,0,66
flat,shapoorji pallonji joyville gurugram,sector 102,1.25,9873.617693522909,2,2,2,0.0,Relatively New,1100.0,0,0,0,0,0,0,79
flat,sahara grace,sector 28,4.3,12420.566146735991,3,4,3,5.0,Old Property,3133.0,0,1,1,0,0,0,24
flat,511 sarahah tower,sector 12,0.6,8333.333333333334,2,2,1,0.0,New Property,800.0,0,0,0,1,0,2,0
flat,hector trimurti heights,sector 39,1.5,6382.978723404255,4,3,3,10.0,Old Property,2611.0,0,1,0,0,0,2,49
house,independent,sector 13,0.9,11464.968152866242,2,4,3,3.0,Moderately Old,785.0,1,1,0,1,1,0,0
house,independent,sector 3,0.55,7333.333333333333,1,1,0,1.0,Old Property,750.0,0,0,0,0,0,0,0
flat,godrej oasis,sector 88a,1.5,8108.108108108108,3,3,3+,11.0,New Property,1674.0,0,0,0,0,0,0,39
flat,shyamkunj ashok vihar pahse 2,sector 3 phase 2,0.3,4444.444444444444,2,2,1,1.0,Relatively New,750.0,0,0,0,0,0,0,21
flat,m3m merlin,sector 67,3.39,14376.590330788804,3,4,3,14.0,Relatively New,2100.0,0,1,0,0,0,1,26
flat,supertech hues,sector 68,0.93,8611.111111111111,2,2,2,11.0,New Property,1200.0,0,0,0,0,0,0,0
flat,godrej oasis,sector 88a,1.3,7258.514796203239,3,3,3+,4.0,Relatively New,1990.0,0,0,0,0,0,0,79
flat,imperia the esfera,sector 37c,0.85,5386.565272496831,2,3,3,9.0,Relatively New,1442.0,1,0,0,0,0,0,49
house,independent,sector 4,0.6,11695.906432748538,3,3,1,2.0,Old Property,57.0,0,0,0,0,1,0,0
flat,puri diplomatic greens,sector 111,3.45,11694.915254237289,4,5,3+,10.0,Relatively New,2670.0,0,1,0,0,0,0,101
flat,parkwood westend,sector 92,0.7,5204.460966542751,2,2,3,5.0,Under Construction,1217.0,1,0,0,0,0,0,0
flat,shree vardhman victoria,sector 70,1.6,8205.128205128205,3,3,3,10.0,Relatively New,1527.0,1,1,0,1,1,0,43
flat,signature global solera 2,sector 107,0.5,8928.57142857143,2,2,2,13.0,New Property,622.0,0,0,0,0,0,0,8
flat,shree vardhman victoria,sector 70,1.65,8461.538461538461,3,4,3,1.0,Relatively New,1586.0,0,1,0,0,0,2,167
house,the laburnum,sector 43,11.0,27160.49382716049,5,6,3+,3.0,New Property,4050.0,0,1,0,1,0,1,160
flat,m3m heights,sector 65,2.33,18477.398889770026,2,2,3,35.0,Under Construction,1141.0,0,0,0,0,0,1,49
flat,greenopolis,sector 89,1.3,6806.282722513089,3,3,3+,1.0,New Property,2122.0,0,1,0,0,0,0,35
flat,dlf new town heights,sector 86,1.26,6113.53711790393,3,3,3,5.0,Moderately Old,1747.0,0,1,0,0,1,0,113
flat,hcbs sports ville,sohna road,0.38,5066.666666666667,2,2,2,9.0,Relatively New,750.0,0,0,0,0,0,0,0
house,vatika india next,sector 82,6.8,20987.65432098765,4,4,3+,3.0,Relatively New,3240.0,0,1,0,0,0,2,110
house,international city by sobha phase 2,sector 109,6.8,12592.592592592591,4,5,3,2.0,Relatively New,5400.0,0,1,0,0,0,0,49
flat,mittal surya vihar,sector 21,1.4,5833.333333333333,5,4,2,2.0,Moderately Old,2172.0,0,0,0,0,0,0,0
flat,emaar mgf emerald floors,sector 65,3.2,10158.73015873016,4,3,2,1.0,Relatively New,3150.0,0,1,0,0,0,0,0
flat,experion windchants,sector 112,3.75,13383.297644539614,3,3,2,21.0,Relatively New,2225.56,0,1,0,0,0,1,159
flat,supertech hues,sector 68,1.0,8474.57627118644,2,2,2,12.0,New Property,1311.0,0,0,0,0,0,0,54
flat,ireo skyon,sector 60,3.05,12788.25995807128,3,3,3,9.0,Relatively New,2300.0,0,1,0,0,0,1,165
flat,awho sispal vihar,sector 49,2.0,7262.164124909223,4,3,3+,4.0,Old Property,2492.0,0,0,0,0,0,0,65
flat,m3m woodshire,sector 107,0.98,6422.018348623853,2,2,3,7.0,Relatively New,1281.0,1,0,0,0,0,1,174
house,independent,sector 6,1.0,4629.62962962963,6,4,0,3.0,Moderately Old,240.0,0,0,0,0,0,0,0
flat,dlf new town heights,sector 90,1.88,6894.022735606895,4,4,3+,20.0,Relatively New,2726.0,0,1,0,1,0,0,145
flat,shree vardhman flora,sector 90,0.65,4961.832061068702,2,2,3,11.0,Relatively New,1225.0,1,0,0,0,0,1,49
house,independent,sector 110,1.0,8795.074758135444,3,2,2,1.0,Old Property,120.0,0,0,0,1,0,0,0
flat,orchid petals,sector 49,4.16,11698.53768278965,5,4,3+,14.0,Relatively New,3219.0,1,1,0,0,0,0,40
flat,shree vardhman flora,sector 90,0.65,4814.814814814815,2,2,3,6.0,Relatively New,1222.0,1,0,0,0,0,0,174
flat,vatika the seven lamps,sector 82,0.86,6022.408963585434,2,2,2,12.0,Relatively New,1294.0,1,0,0,0,0,1,135
flat,sapphire eighty three,sector 83,0.65,9285.714285714286,1,1,0,6.0,Relatively New,700.0,0,0,0,0,0,0,0
flat,conscient heritage max,sector 102,3.0,10489.510489510489,4,4,3+,7.0,Relatively New,3178.0,0,0,0,0,1,1,65
flat,hcbs sports ville,sohna road,0.24,7407.407407407408,1,1,2,1.0,New Property,360.0,0,0,0,0,0,0,68
flat,shree vardhman flora,sector 90,0.64,4923.076923076923,2,2,3,6.0,Old Property,1199.0,1,0,0,0,0,0,103
flat,m3m capital,sector 113,2.0,12012.012012012012,3,3,2,24.0,Under Construction,1507.0,0,0,0,0,0,0,47
flat,aditya apartment,manesar,1.0,4032.258064516129,3,4,0,3.0,New Property,2480.0,0,0,0,0,0,0,0
flat,tulip violet,sector 69,1.75,9459.45945945946,3,4,2,0.0,Relatively New,2056.0,0,0,0,0,0,1,174
house,dlf city plots,sector 26,17.0,37627.26870296592,5,6,3,2.0,Old Property,4518.0,0,1,1,1,0,1,87
flat,sobha city,sector 108,3.95,16858.72812633376,3,5,2,15.0,New Property,2343.0,0,1,0,0,0,0,118
house,independent,sector 37d,1.16,7537.3619233268355,1,1,0,1.0,Relatively New,1535.0,0,0,0,0,0,0,0
flat,paras dews,sector 106,0.88,6353.790613718412,2,2,3+,1.0,Relatively New,940.0,0,0,0,0,0,0,49
flat,emaar digihomes,sector 62,2.45,16002.612671456563,2,2,2,7.0,New Property,1200.0,1,0,0,0,0,2,174
flat,ireo skyon,sector 60,2.82,12818.181818181818,3,3,3,2.0,Relatively New,2400.0,0,1,0,0,0,1,174
house,independent,sector 2,6.0,20000.0,4,4,1,2.0,Relatively New,3000.0,0,0,0,0,0,0,0
flat,supertech araville,sector 79,0.71,6063.1938514090525,2,2,3+,17.0,New Property,1280.0,0,0,0,0,1,0,53
house,independent,sector 25,13.0,45710.26722925457,6,8,3+,2.0,Relatively New,2844.0,1,1,1,1,0,2,0
flat,ss the leaf,sector 83,1.19,7225.258044930176,2,2,3,4.0,Relatively New,1630.0,0,0,0,0,0,0,49
flat,ireo skyon,sector 60,3.75,13392.857142857143,4,5,3,15.0,Relatively New,2534.0,0,1,0,0,0,0,167
flat,the khushboo cooperative housing society ltd,sector 9a,0.88,4888.888888888889,3,3,2,2.0,Old Property,1438.0,0,0,0,0,0,1,31
flat,ild grand,sector 37c,1.35,7142.857142857143,3,3,0,1.0,New Property,1820.0,0,0,0,0,0,0,60
flat,smart world orchard,sector 61,1.41,12250.217202432666,2,2,2,2.0,New Property,1150.0,1,0,0,0,0,0,76
house,madan puri,sector 7,0.75,12500.0,3,5,3,3.0,Moderately Old,600.0,0,0,0,0,0,0,0
flat,tulip violet,sector 69,1.19,8814.814814814816,2,3,1,0.0,Relatively New,1500.0,1,0,0,0,0,0,174
house,nitin vihar,sector 33,0.85,9444.444444444443,3,2,0,1.0,Relatively New,900.0,0,0,0,0,0,0,15
flat,dlf the ultima,sector 81,2.12,10080.836899667142,3,3,3+,9.0,Relatively New,1650.0,1,1,0,1,1,2,49
flat,dlf new town heights,sector 86,1.3,6735.751295336788,3,3,3,12.0,Moderately Old,1747.0,0,1,0,0,0,1,165
flat,godrej summit premia towers,sector 104,0.9,7148.530579825258,2,2,0,16.0,Relatively New,1259.0,0,0,0,0,0,0,0
flat,orchid petals,sector 49,2.38,11497.584541062804,3,4,3,1.0,Relatively New,2061.0,1,0,0,0,0,0,49
flat,"m m residency, krishna colony, gurgaon",sector 7,0.54,5888.76772082879,2,2,1,3.0,Relatively New,1000.0,0,0,0,0,0,0,70
house,independent,sector 9,3.5,13409.961685823757,9,9,3+,3.0,Relatively New,2610.0,1,0,0,0,0,0,23
flat,emaar mgf emerald floors premier,sector 65,2.9,14683.54430379747,4,4,0,0.0,Relatively New,2194.0,0,0,1,0,0,0,50
flat,m3m skywalk,sector 74,2.25,12500.0,3,3,3,5.0,Relatively New,1900.0,1,0,0,0,0,0,174
flat,bestech park view sanskruti,sector 92,1.42,7759.562841530054,3,3,2,10.0,Relatively New,1738.0,0,0,0,0,0,0,117
flat,ashiana anmol,sohna road,0.99,8215.767634854772,2,2,2,6.0,Relatively New,1045.0,0,0,0,0,0,0,49
flat,ss the leaf,sector 85,2.7,7754.164273406089,4,4,3+,23.0,New Property,3151.0,0,0,0,0,0,0,21
flat,pareena mi casa,sector 68,1.7,8500.0,4,4,3+,23.0,New Property,1809.0,0,0,0,0,0,0,88
flat,tulip violet,sector 69,1.55,9822.56020278834,3,3,2,9.0,Relatively New,1428.0,0,0,0,1,0,1,165
flat,signature global solera,sector 107,0.52,8062.015503875969,3,2,2,5.0,Relatively New,717.0,0,0,0,0,1,0,15
flat,m3m skywalk,sector 74,1.4,9831.460674157302,2,2,2,17.0,New Property,1289.0,0,0,0,0,0,1,167
house,eros rosewood city,sector 49,1.6,3499.562554680665,4,4,3,4.0,New Property,60.0,0,0,0,0,0,1,27
house,independent,sector 23,5.5,13095.238095238095,9,9,3+,3.0,Moderately Old,4200.0,0,1,0,0,1,1,0
flat,supertech araville,sector 79,0.78,6023.166023166024,2,2,3+,0.0,New Property,1172.0,0,0,0,0,1,0,74
house,independent,sector 50,7.0,32407.40740740741,3,2,0,1.0,Moderately Old,2160.0,0,0,0,0,0,0,0
flat,bhagwati sadan,sector 12,1.15,5750.0,3,4,2,2.0,Old Property,2000.0,1,1,0,0,1,1,28
flat,ats triumph,sector 104,2.55,13076.923076923076,4,4,3+,21.0,Relatively New,2509.0,0,1,0,0,0,0,150
house,independent,sector 31,4.25,26234.567901234568,5,5,3+,3.0,Moderately Old,1620.0,0,0,1,1,0,1,56
flat,emaar palm gardens,sector 83,3.15,8400.0,5,7,3+,15.0,Relatively New,3200.0,0,1,0,0,0,1,165
flat,indiabulls enigma,sector 110,3.49,10264.70588235294,4,5,3,7.0,Relatively New,3077.0,0,1,0,0,0,0,165
flat,la vida by tata housing,sector 113,1.93,12222.925902469917,3,3,2,8.0,Under Construction,1429.0,0,0,0,0,0,0,71
flat,smart world gems,sector 89,1.13,8502.633559066968,3,3,2,4.0,New Property,1473.0,1,0,0,0,0,0,115
flat,mapsko paradise,sector 83,0.75,5597.014925373134,3,3,3,10.0,New Property,1162.0,0,0,0,0,1,1,49
flat,smart world orchard,sector 61,1.47,12782.608695652174,2,2,2,4.0,New Property,1278.0,1,0,0,1,0,0,53
flat,umang winter hills,sector 77,0.75,5588.673621460507,2,2,2,8.0,Relatively New,1140.0,0,0,1,0,0,1,102
flat,dhoot time residency,sector 63,3.0,18270.401948842875,3,3,3+,14.0,Relatively New,1642.0,0,1,0,0,0,1,0
house,dlf city plots,sector 26,13.5,29880.478087649404,5,5,2,2.0,Moderately Old,4518.0,1,1,0,0,1,1,104
flat,central park flower valley,sohna road road,1.65,17441.86046511628,3,3,0,1.0,New Property,1051.0,0,0,0,0,0,0,66
flat,m3m golfestate,sector 65,6.15,18330.84947839046,3,4,2,20.0,Relatively New,3355.0,0,0,0,0,0,0,34
flat,ild greens,sector 37c,0.9,5614.47286338116,3,3,3,0.0,Under Construction,1500.0,0,0,0,0,0,0,66
flat,dlf the primus,sector 82a,1.59,10338.10143042913,3,3,3+,5.0,Relatively New,1668.0,0,0,0,0,1,2,167
flat,vatika gurgaon,sector 83,1.1,6162.4649859943975,3,3,3+,5.0,Relatively New,1600.0,0,0,0,0,0,1,96
flat,bestech park view residency,sector 2,1.4,7865.168539325843,3,3,3+,6.0,Old Property,1611.0,0,0,0,0,0,2,107
flat,vatika gurgaon,sector 83,1.12,6455.3314121037465,3,3,2,17.0,Moderately Old,1500.0,0,0,0,0,0,1,111
flat,sare homes,sector 92,0.8,4694.835680751174,4,4,3,1.0,Moderately Old,1893.0,0,0,0,0,0,0,77
house,mian wali,sector 12,1.7,9444.444444444443,1,1,1,1.0,Old Property,1800.0,0,1,0,0,0,0,7
flat,gls arawali homes,sohna road,0.35,6076.388888888889,2,2,2,12.0,New Property,521.0,0,0,0,0,0,0,42
house,bptp visionnaire,sector 70a,4.0,6665.555740709881,4,4,3+,2.0,Relatively New,6000.0,0,1,0,0,0,0,154
flat,dlf the skycourt,sector 86,1.5,7894.736842105263,3,3,1,16.0,Relatively New,1719.0,0,0,0,0,1,0,49
flat,imperia the esfera,sector 37c,0.98,5399.449035812672,3,4,3,9.0,Relatively New,1660.0,0,1,0,0,1,0,49
house,nirvana cedar crest,sector 50,7.1,32870.37037037037,5,4,3,2.0,Moderately Old,2160.0,1,0,1,1,0,1,110
flat,dlf the primus,sector 82a,2.6,11438.627364716234,4,4,3+,2.0,Relatively New,2273.0,0,0,0,0,1,0,38
flat,raheja vedaanta,sector 108,1.5,5263.1578947368425,3,4,0,12.0,Relatively New,2850.0,0,0,0,0,0,0,0
flat,experion the heartsong,sector 108,1.55,7738.392411382925,3,3,3+,7.0,Relatively New,1750.0,0,1,0,1,0,1,174
flat,emaar palm gardens,sector 83,1.8,9473.684210526317,3,4,3,4.0,Relatively New,1551.0,1,1,1,1,0,1,174
flat,dlf the primus,sector 82a,2.2,10516.25239005736,3,3,3+,16.0,Relatively New,1893.0,0,1,0,0,0,2,174
flat,bptp terra,sector 37d,1.45,8006.6261733848705,3,3,3,8.0,Relatively New,1711.0,0,0,0,0,0,0,149
flat,rof ananda,sector 95,0.36,5660.377358490566,2,2,2,10.0,New Property,717.0,1,0,0,0,0,0,75
house,independent,sector 3,0.92,15257.048092868989,4,1,0,1.0,Old Property,603.0,0,0,0,0,0,0,0
flat,sobha city,sector 108,2.6,15195.791934541205,3,3,2,8.0,Relatively New,1711.0,0,0,0,0,0,0,99
flat,conscient heritage max,sector 102,2.15,9307.359307359307,3,4,3,13.0,Relatively New,1945.0,1,1,0,0,0,0,101
flat,pyramid urban homes 2,sector 86,0.6,8000.0,3,2,2,2.0,New Property,833.0,0,0,0,0,0,0,13
flat,puri the aravallis,sector 61,3.9,33219.76149914821,3,4,3+,33.0,New Property,1174.0,0,1,0,0,0,0,158
flat,tulip violet,sector 69,1.75,8883.248730964468,4,4,1,12.0,Relatively New,1783.0,0,0,0,0,0,0,86
flat,ambience creacions,sector 22,2.55,13709.67741935484,3,3,3,8.0,Relatively New,1860.0,0,0,0,0,1,1,125
house,independent,sector 21,0.6,6172.83950617284,3,3,2,3.0,Old Property,108.0,0,0,0,0,0,0,0
house,independent,sector 31,3.69,23699.42196531792,4,4,2,2.0,Moderately Old,1557.0,1,1,0,1,0,1,75
house,independent,sector 4,0.4,8888.888888888889,1,1,0,1.0,Moderately Old,50.0,0,0,0,0,0,0,0
flat,shree vardhman flora,sector 90,0.7,5323.19391634981,2,2,3,9.0,New Property,1350.0,1,0,0,0,0,0,60
flat,vatika city homes,sector 83,1.05,8571.42857142857,3,3,3,8.0,Moderately Old,1468.0,0,0,0,1,0,1,103
flat,ss the leaf,sector 85,1.04,5973.578403216542,2,3,3+,4.0,Relatively New,1576.0,0,0,1,0,0,0,113
flat,emaar mgf the palm drive,sector 66,1.51,15130.260521042084,2,2,2,5.0,Relatively New,1188.0,0,0,0,1,0,1,82
flat,shree vardhman victoria,sector 70,1.64,8384.45807770961,3,5,3,3.0,Relatively New,1527.0,0,1,0,0,0,0,51
house,independent,sector 11,0.9,10000.0,2,4,3+,4.0,Moderately Old,900.0,0,0,0,0,0,0,7
flat,maxworth city residences,sector 10a,0.8,6400.0,2,3,2,9.0,New Property,1389.0,0,0,0,0,0,0,46
flat,godrej nature plus,sector 33,1.25,9025.270758122744,2,2,3,17.0,New Property,1385.0,0,0,0,0,0,0,56
flat,emaar palm gardens,sector 83,1.48,7789.473684210527,3,3,3,7.0,Relatively New,1549.0,0,1,0,0,0,0,66
house,independent,sohna road road,0.49,4260.869565217391,2,2,1,3.0,New Property,1150.0,0,0,0,0,0,0,0
flat,dlf the ultima,sector 81,2.7,12802.275960170697,3,3,3,15.0,Relatively New,2343.0,0,1,0,0,0,1,49
flat,unitech fresco,sector 50,1.14,8532.934131736527,2,2,2,19.0,Moderately Old,1330.0,0,0,0,0,1,1,174
flat,signature the roselia,sector 95,0.45,7908.611599297013,2,2,2,2.0,New Property,632.0,0,0,0,0,0,1,31
flat,m3m golfestate,sector 79,1.4,10000.0,2,2,2,4.0,Relatively New,1556.0,1,1,1,0,0,2,83
flat,rof ananda,sector 95,0.32,5828.779599271403,2,2,1,9.0,Relatively New,610.0,0,0,0,1,0,1,71
flat,paras dews,sector 106,1.4,6000.857265323618,3,4,3+,12.0,Under Construction,1593.0,1,1,0,0,1,0,55
flat,assotech blith,sector 99,0.82,6007.326007326007,2,2,3,0.0,New Property,1365.0,0,0,0,0,0,0,51
flat,pareena mi casa,sector 68,1.9,9227.780475959204,3,3,3+,1.0,Under Construction,2288.0,0,1,0,0,0,0,49
flat,nbcc heights,sector 89,0.75,6578.9473684210525,2,2,2,6.0,Moderately Old,1032.0,0,0,0,0,0,0,0
house,independent,sector 4,0.7,6647.673314339981,3,3,0,1.0,Moderately Old,117.0,0,0,0,0,0,0,0
house,independent,sector 3 phase 3 extension,0.75,6410.25641025641,2,2,0,1.0,Moderately Old,130.0,0,0,0,0,0,0,0
flat,sobha city,sector 108,2.95,14727.90813779331,3,4,2,12.0,Relatively New,2003.0,0,0,0,0,0,0,49
flat,paras dews,sector 106,1.15,6052.631578947368,3,4,3,5.0,Relatively New,1305.0,1,1,0,0,0,0,49
flat,orris aster court,sector 85,0.93,5670.731707317073,3,3,3,8.0,Relatively New,1587.0,0,0,0,0,0,0,0
house,independent,sector 7,2.0,11111.111111111111,2,2,1,2.0,Relatively New,200.0,0,0,0,0,0,0,0
house,independent,sector 3,0.9,8928.57142857143,3,1,0,1.0,Old Property,1008.0,0,0,0,0,0,0,0
house,independent,sector 105,0.38,8444.444444444445,2,2,2,1.0,Moderately Old,56.0,0,0,0,0,0,0,0
flat,dlf new town heights,sector 90,1.75,5720.823798627002,4,4,3+,17.0,Relatively New,2468.0,0,1,0,1,0,0,88
flat,emaar digihomes,sector 62,2.1,14256.619144602852,2,2,2,30.0,New Property,1365.0,0,1,0,0,0,0,52
flat,dlf regency park,sector 28,1.91,16608.695652173912,2,2,2,11.0,New Property,1278.0,0,0,0,0,0,2,98
house,independent,sector 17,3.0,11111.111111111111,4,4,0,1.0,Old Property,3000.0,0,0,0,0,0,0,0
flat,bestech altura,sector 79,1.85,8604.651162790698,3,4,3+,11.0,New Property,1946.0,0,1,0,0,0,0,49
house,huda housing board colony,sector 31,4.6,31506.84931506849,2,4,3+,3.0,Old Property,1460.0,0,0,0,0,1,0,8
flat,sare green parc phase 3,sector 92,1.1,6875.0,4,3,2,12.0,New Property,1778.0,0,0,0,0,0,0,15
flat,shapoorji pallonji joyville gurugram,sector 102,1.24,10205.761316872427,2,2,2,10.0,Relatively New,1100.0,0,0,0,0,0,0,141
flat,signature global park,sohna road,0.87,7190.082644628099,3,2,3,4.0,Relatively New,1210.0,0,0,0,0,0,0,58
flat,dlf new town heights,sector 86,1.28,8205.128205128205,3,4,3+,12.0,Moderately Old,1740.0,0,1,0,1,0,0,96
flat,raheja vedaanta,sector 108,0.7,4651.162790697675,2,2,2,12.0,Moderately Old,1362.0,0,0,0,0,0,0,72
flat,ats tourmaline,sector 109,1.4,8000.0,3,3,3+,8.0,Relatively New,1466.0,0,0,1,0,0,0,119
house,dlf the arbour,sector 63,8.5,21518.98734177215,4,4,3+,27.0,New Property,3950.0,0,0,0,0,0,0,61
house,independent,sector 105,9.9,49500.0,2,2,2,3.0,Moderately Old,2000.0,0,0,0,0,0,0,0
house,vipul tatvam villa,sector 48,19.5,22222.222222222223,5,6,3,2.0,Moderately Old,8775.0,1,1,1,1,0,1,110
flat,m3m heights,sector 65,2.79,14169.629253428137,3,3,3,26.0,New Property,1969.0,0,0,0,0,0,0,15
house,independent,sector 46,3.6,24844.72049689441,5,5,3+,3.0,Moderately Old,1449.0,0,1,0,0,0,1,75
flat,m3m capital,sector 113,1.83,13969.465648854964,2,2,0,7.0,New Property,1310.0,0,0,0,0,0,0,68
flat,dlf regal gardens,sector 90,1.78,8036.117381489842,4,4,3+,8.0,Relatively New,2000.0,0,0,0,0,0,0,126
house,independent,sector 43,9.85,29641.889858561542,5,5,2,3.0,Old Property,3323.0,1,1,0,1,0,0,21
flat,emaar mgf emerald floors premier,sector 65,2.29,13878.787878787878,3,4,3+,2.0,Relatively New,1833.0,1,1,0,0,0,2,174
flat,tulip violet,sector 69,1.46,9252.217997465146,3,3,2,0.0,Relatively New,1428.0,0,0,0,1,0,1,174
house,unitech espace,sector 50,7.45,34490.74074074074,4,4,3,3.0,Old Property,4500.0,0,1,0,0,0,1,59
flat,ats marigold,sector 89,1.7,9714.285714285714,3,3,3+,8.0,Under Construction,1944.0,1,0,0,0,0,0,65
flat,shree kirpalu gi sector 52,sector 52,1.45,7631.578947368421,3,3,3+,7.0,Relatively New,1800.0,0,0,0,0,1,1,108
house,smart world gems,sector 89,1.25,8784.258608573437,3,3,2,1.0,New Property,1423.0,1,0,0,0,1,0,45
flat,shree vardhman mantra,sector 67,0.56,7000.0,2,2,1,8.0,New Property,889.0,0,0,0,0,0,0,65
flat,experion windchants,sector 112,3.65,11427.67689417658,3,5,2,3.0,Relatively New,2800.0,0,1,0,0,0,0,72
flat,eldeco accolade,sohna road,0.96,6570.841889117043,2,2,3+,14.0,Relatively New,1131.0,1,0,0,0,0,0,151
flat,mapsko mount ville,sector 79,1.2,8053.6912751677855,3,3,3+,24.0,Relatively New,1154.0,0,0,0,0,0,1,135
flat,godrej summit,sector 104,0.98,5950.2125075895565,3,3,3,12.0,Relatively New,1490.0,0,0,0,0,1,0,79
flat,ramprastha the edge towers,sector 37d,0.8,5797.101449275362,2,2,3,2.0,Relatively New,1300.0,0,0,0,0,0,0,78
flat,sidhartha ncr one phase,sector 95,0.55,4867.256637168141,2,2,2,14.0,New Property,1256.0,1,0,0,0,0,0,90
house,independent,sector 105,1.2,10118.04384485666,3,2,1,2.0,Old Property,1185.51,0,0,0,0,0,0,9
flat,ramsons kshitij,sector 95,0.28,3650.586701434159,2,2,2,5.0,New Property,694.0,0,0,0,0,1,0,0
flat,sbtl caladium,sector 109,1.6,6286.836935166994,3,3,3,9.0,Relatively New,2303.0,0,1,0,0,0,0,75
flat,ramshanti cooperative society,sector 52,1.76,7242.798353909465,4,4,3+,12.0,New Property,2199.0,0,0,0,0,0,0,0
flat,mapsko casa bella,sector 82,0.86,8120.868744098206,3,3,3,5.0,Moderately Old,1234.0,1,0,0,0,0,1,120
house,dlf city plots,sector 26,18.0,39840.6374501992,6,6,2,3.0,Old Property,4518.0,0,1,0,1,1,1,49
flat,chd avenue,sector 71,1.4,7945.516458569807,3,3,2,1.0,Moderately Old,1958.0,0,0,0,1,0,1,125
flat,dlf the primus,sector 82a,2.7,10481.366459627328,4,4,3+,18.0,Moderately Old,2576.0,0,1,0,0,0,0,38
flat,the close north,sector 50,2.51,11992.35547061634,3,3,3,11.0,Moderately Old,2093.0,0,0,1,1,0,1,109
flat,emaar palm gardens,sector 83,1.3,11872.14611872146,3,3,3,16.0,Relatively New,1387.0,0,1,0,0,0,1,174
flat,tata gurgaon gateway,sector 113,2.45,10788.19903126376,3,3,3,8.0,Relatively New,2014.0,0,0,0,0,0,0,110
flat,corona gracieux,sector 76,1.05,5949.008498583569,3,3,3+,7.0,Relatively New,1597.0,0,0,0,0,0,1,133
house,independent,sector 4,0.47,10609.480812641084,2,2,1,2.0,New Property,50.0,1,0,0,0,0,1,73
flat,experion the heartsong,sector 108,0.9,7014.809041309431,2,3,3,7.0,Relatively New,1161.0,0,1,0,0,1,0,72
flat,ireo the corridors,sector 67a,1.4,9433.962264150943,2,2,2,8.0,Relatively New,1149.0,1,0,0,0,1,0,90
flat,chintels paradiso,sector 109,1.97,7490.494296577946,4,4,2,11.0,Relatively New,2380.0,0,1,0,1,0,0,49
flat,ss the leaf,sector 85,1.04,8320.0,2,2,3,17.0,New Property,1550.0,0,0,0,0,1,0,145
flat,ashiana apartment,sector 23,0.16,2051.2820512820517,2,2,2,1.0,Moderately Old,706.0,0,0,0,0,0,0,0
flat,sahara grace,sector 28,5.5,14612.11477151966,4,5,3+,5.0,Moderately Old,3406.0,0,1,0,0,1,1,8
flat,vatika gurgaon,sector 83,0.83,6666.666666666667,2,2,2,12.0,Relatively New,1154.0,0,0,0,1,0,0,165
flat,emaar gurgaon greens,sector 102,1.38,13489.736070381232,3,3,3,6.0,Relatively New,1315.0,0,1,0,0,0,1,128
flat,m3m soulitude,sector 89,1.3,8701.472556894243,3,3,2,1.0,New Property,1179.0,0,0,0,0,1,0,45
flat,tulip violet,sector 69,1.92,15360.0,4,4,2,0.0,Relatively New,1389.0,0,0,0,0,0,0,174
flat,smart world gems,sector 89,0.95,8597.285067873303,2,2,2,4.0,New Property,1226.0,1,1,0,0,0,0,38
flat,tulip violet,sector 69,1.38,8972.691807542262,3,3,1,12.0,Relatively New,1392.0,0,0,0,0,0,0,157
flat,raheja vedaanta,sector 108,0.85,4637.20676486634,3,3,2,2.0,Relatively New,1500.0,0,1,0,0,0,0,65
flat,ats kocoon,sector 109,1.65,10645.16129032258,3,3,3,19.0,Relatively New,1650.0,0,0,1,0,0,1,159
flat,emaar palm gardens,sector 83,1.76,9263.157894736842,3,3,3,5.0,Relatively New,1600.0,0,1,0,0,0,1,174
flat,avl 36 gurgaon,sector 36a,0.75,7500.0,2,2,2,5.0,Relatively New,856.0,0,0,0,0,0,0,26
flat,dlf royalton tower,sector 43,6.2,20687.354020687355,4,4,3+,9.0,Moderately Old,2712.0,0,1,0,0,0,0,7
house,vatika signature villas,sector 82,5.0,15432.098765432098,4,4,3+,3.0,Relatively New,3240.0,0,1,1,1,0,0,24
flat,kiran residency,sector 56,1.5,7500.0,3,3,3+,4.0,Relatively New,1900.0,0,1,0,0,0,1,126
flat,vatika lifestyle homes,sector 83,1.15,8214.285714285714,3,3,1,7.0,Moderately Old,1607.0,0,0,0,0,0,1,95
flat,bestech park view city,sector 48,4.25,9334.504722161211,4,5,3+,14.0,Moderately Old,4120.0,1,0,0,0,0,1,81
flat,m3m woodshire,sector 107,1.15,7496.740547588005,2,2,3,0.0,Relatively New,1281.0,1,0,0,0,0,0,29
flat,ss the leaf,sector 85,1.2,10452.961672473868,2,2,3+,2.0,Relatively New,1380.0,0,0,1,0,0,0,156
flat,pioneer araya,sector 62,8.35,19513.90511801823,4,6,3,16.0,Relatively New,3872.0,0,1,0,1,0,0,153
flat,dlf new town heights,sector 91,1.65,6346.153846153846,4,4,3+,11.0,Moderately Old,2139.0,0,1,0,0,0,0,72
flat,rof ananda,sector 95,0.55,8527.131782945737,3,2,2,14.0,New Property,811.0,1,0,0,0,0,1,81
flat,dlf the ultima,sector 81,2.4,11257.03564727955,3,3,2,10.0,Relatively New,1800.0,0,1,0,0,0,2,174
flat,emaar mgf the enclave,sector 66,1.9,10555.555555555557,3,4,2,8.0,Relatively New,1850.0,0,1,0,0,0,1,174
flat,dlf the skycourt,sector 86,1.6,8294.45308449974,3,3,3+,9.0,Relatively New,1548.0,0,0,0,0,1,1,167
house,independent,sector 9,3.2,13519.22264469793,3,3,2,1.0,Old Property,2367.0,0,0,0,0,0,1,36
flat,shree vardhman flora,sector 90,0.96,5120.0,3,4,3,3.0,New Property,1697.0,0,1,0,0,0,0,106
house,independent,sector 11,4.0,19753.086419753086,5,4,1,2.0,Moderately Old,2025.0,0,0,0,0,0,0,0
flat,mvn athens,sohna road,0.24,4210.526315789473,2,2,1,12.0,Relatively New,516.0,0,0,0,0,0,0,38
flat,ss the leaf,sector 85,1.85,6578.9473684210525,4,5,3+,1.0,Relatively New,2545.0,0,0,0,0,0,0,95
flat,ats triumph,sector 104,1.75,7641.921397379912,3,4,3+,12.0,Relatively New,2036.0,1,1,0,1,1,1,21
flat,emaar digihomes,sector 62,2.15,14257.294429708223,2,2,3,31.0,Under Construction,1676.0,0,0,0,0,0,0,101
house,eldeco mansionz,sector 48,5.0,21367.521367521367,7,7,3,2.0,Moderately Old,2340.0,0,0,0,0,0,1,40
house,independent,sector 12,1.7,9444.444444444443,3,3,0,1.0,Old Property,200.0,0,0,0,0,0,0,0
flat,dlf exclusive floors,sector 43,2.35,14242.424242424242,3,3,2,1.0,Old Property,1527.0,0,0,1,0,0,1,102
flat,m3m capital,sector 113,2.57,15575.757575757576,4,5,3+,25.0,New Property,2060.0,1,0,0,0,0,1,79
flat,proxima tower,sector 37c,0.6,4601.226993865031,2,2,3,5.0,Under Construction,1180.0,1,0,0,1,0,0,55
flat,gls arawali homes,sohna road,0.26,4513.888888888889,2,2,2,4.0,Relatively New,640.0,0,0,0,0,0,0,42
house,independent,sector 38,2.1,23333.33333333333,2,7,3+,3.0,Relatively New,100.0,1,0,1,1,0,0,27
flat,tulip white,sector 69,0.9,6787.330316742082,3,2,3,6.0,Relatively New,1473.0,0,0,0,1,0,0,121
house,independent,sector 4,0.92,15257.048092868989,1,4,3,4.0,Moderately Old,67.0,0,0,0,0,1,0,0
house,emaar mgf marbella,sector 66,12.0,38095.23809523809,5,6,3+,4.0,New Property,3150.0,0,1,0,1,0,0,38
flat,smart world gems,sector 89,1.2,8432.8882642305,3,3,2,2.0,New Property,1581.0,0,0,0,0,0,0,44
flat,experion windchants,sector 112,2.6,10651.372388365424,2,2,3,8.0,Relatively New,2441.0,0,0,0,0,0,0,168
flat,ats triumph,sector 104,1.8,7860.262008733624,3,4,3,14.0,New Property,2544.0,0,0,0,0,0,0,60
flat,unitech the residences,sector 33,1.35,8737.864077669903,3,4,2,8.0,Moderately Old,1398.0,0,1,0,0,0,0,49
flat,apex our homes,sector 37c,0.38,4108.108108108108,2,2,1,9.0,Relatively New,925.0,0,0,0,0,0,0,65
flat,vatika city,sector 49,2.1,10416.666666666666,3,3,3,9.0,Moderately Old,1604.25,0,0,0,1,0,1,132
flat,corona optus,sector 37c,1.25,8928.57142857143,3,3,3,2.0,Relatively New,1563.0,1,0,0,0,0,0,49
flat,emaar palm gardens,sector 83,1.4,9675.190048375953,3,3,3,11.0,Relatively New,1582.0,0,1,0,0,0,2,58
flat,m3m sierra 68,sector 68,1.2,9002.25056264066,2,2,3,1.0,Relatively New,982.0,0,0,0,0,0,2,76
flat,tulip violet,sector 69,1.5,10714.285714285714,3,3,2,8.0,Relatively New,1492.0,0,0,0,1,0,1,174
house,independent,sector 43,8.5,31481.48148148148,5,5,3,3.0,Moderately Old,2700.0,0,1,0,0,0,1,113
flat,dlf regal gardens,sector 90,1.79,8081.264108352145,4,3,3+,10.0,Moderately Old,2461.0,0,0,0,0,0,0,63
house,independent,sector 9,1.65,18333.33333333333,2,3,0,3.0,Old Property,900.0,0,0,0,0,0,0,0
flat,umang monsoon breeze,sector 78,1.2,6493.506493506494,3,3,2,8.0,Moderately Old,2045.0,0,0,0,1,0,2,8
flat,orchid petals,sector 49,2.55,12318.840579710144,3,4,3,8.0,Relatively New,2060.0,1,0,0,0,0,1,49
flat,shree vardhman victoria,sector 70,1.23,9111.111111111111,2,2,3,1.0,Relatively New,1222.0,1,0,0,0,0,0,43
flat,vatika india next,sector 82,0.8,6425.70281124498,2,2,3,9.0,Relatively New,1383.0,0,0,0,0,0,0,0
flat,hcbs sports ville,sohna road,0.25,4166.666666666667,1,1,1,12.0,Relatively New,600.0,0,0,0,0,0,0,37
flat,ss almeria,sector 84,1.48,7400.0,3,3,2,1.0,New Property,1624.0,0,1,1,0,0,1,139
flat,tulip violet,sector 69,1.37,8676.377454084864,3,3,1,12.0,Relatively New,1568.0,0,0,0,1,0,0,95
flat,m3m skycity,sector 65,1.8,13698.6301369863,2,2,3,13.0,New Property,1456.0,0,0,0,0,0,0,73
flat,smart world gems,sector 89,0.85,7706.255666364461,2,2,2,2.0,New Property,1226.0,1,0,0,0,0,0,45
flat,signature global solera,sector 107,0.51,7906.976744186047,3,2,2,9.0,Relatively New,717.0,0,0,0,0,1,0,15
house,independent,sector 105,0.5,5555.555555555556,2,2,0,1.0,Moderately Old,100.0,0,0,0,0,0,0,0
flat,spaze privvy the address,sector 93,1.25,6898.454746136866,3,4,2,12.0,Relatively New,1350.0,0,0,0,0,0,1,96
flat,smart world orchard,sector 61,1.85,14800.0,2,2,2,3.0,New Property,1389.0,0,0,0,0,0,0,44
flat,godrej nature plus,sector 33,1.07,7725.631768953069,2,2,2,14.0,New Property,1253.0,0,0,0,0,0,0,68
flat,dlf new town heights,sector 90,1.99,7297.396406307297,4,4,3+,9.0,Relatively New,3030.0,0,1,0,1,0,1,102
flat,la vida by tata housing,sector 113,1.75,10491.606714628297,2,2,3,10.0,Relatively New,1424.0,1,0,0,0,0,0,93
flat,pyramid urban,sector 67a,0.7,11844.331641285957,2,2,1,14.0,New Property,657.0,0,0,0,0,0,0,44
flat,supertech araville,sector 79,0.8,6177.606177606178,2,2,3+,9.0,New Property,1172.0,0,0,0,0,1,0,24
flat,signature global city,sector 37d,0.68,11724.137931034482,2,2,3,9.0,New Property,644.0,0,0,0,0,1,0,58
flat,hero homes,sector 104,1.35,9567.68249468462,3,2,2,18.0,New Property,1094.0,0,0,0,0,0,0,49
flat,mapsko royale ville,sector 82,1.12,8000.0,3,4,2,6.0,Relatively New,1500.0,0,1,0,1,0,0,174
flat,parsvnath exotica,sector 53,6.5,19174.041297935102,4,5,3+,10.0,Relatively New,3000.0,1,1,0,1,0,1,174
flat,emaar palm gardens,sector 83,1.75,9210.526315789471,3,3,3,6.0,Relatively New,1600.0,0,1,0,0,0,1,174
flat,smart world orchard,sector 61,2.41,14785.276073619632,3,3,3,2.0,New Property,1630.0,0,0,0,0,0,0,61
flat,m3m capital,sector 113,2.9,12619.669277632724,4,4,3+,11.0,New Property,2553.0,1,1,0,0,0,0,49
flat,m3m latitude,sector 65,4.6,26790.914385556203,3,3,3,7.0,New Property,1717.0,1,1,1,1,0,0,115
flat,ireo uptown,sector 66,4.85,12999.195926025195,4,4,3+,15.0,Relatively New,3500.0,1,1,1,1,0,1,156
flat,eldeco accolade,sohna road,0.72,5737.051792828685,2,2,3,8.0,Relatively New,1404.0,0,0,0,0,0,0,153
flat,smart world gems,sector 89,1.16,8151.791988756149,3,3,2,3.0,New Property,1581.0,1,0,0,0,0,0,68
house,dlf new town heights,sector 86,2.47,7718.75,4,4,3+,2.0,Moderately Old,2800.0,0,1,0,1,0,1,130
flat,tulip ivory,sector 70,2.1,8750.0,4,5,3+,5.0,Moderately Old,2114.0,0,1,0,0,0,1,120
flat,shapoorji pallonji joyville gurugram,sector 102,2.0,10799.136069114473,3,3,3,9.0,Relatively New,1676.0,0,0,0,0,0,0,49
house,independent,sector 12,6.0,35087.71929824561,4,6,2,2.0,Old Property,1710.0,0,0,0,0,0,0,0
house,international city by sobha phase 1,sector 109,5.75,16428.571428571428,4,4,2,3.0,Relatively New,4800.0,0,1,0,0,0,0,146
house,dlf city plots phase 2,sector 25,6.5,36111.11111111111,5,5,3+,3.0,Old Property,1800.0,1,1,1,1,0,1,134
flat,supertech hues,sector 68,0.8,6779.661016949152,2,2,3+,14.0,New Property,1180.0,0,0,0,0,0,1,26
flat,mapsko royale ville,sector 82,0.99,5530.72625698324,3,4,2,14.0,New Property,1620.0,0,1,0,0,0,0,95
house,ansal sushant lok plots,sector 43,3.3,26570.048309178743,1,1,0,2.0,Under Construction,1242.0,0,0,0,0,0,0,0
flat,pareena mi casa,sector 68,1.7,8504.252126063031,4,4,3,2.0,New Property,1809.0,0,0,0,0,0,0,47
flat,supertech araville,sector 79,0.9,6949.80694980695,2,2,0,12.0,Relatively New,1295.0,0,0,0,0,0,0,0
flat,godrej aria,sector 79,1.7,7426.823940585408,3,4,3+,6.0,New Property,1659.0,0,1,0,0,0,0,81
flat,signature global city 81,sector 81,0.8,14652.014652014652,2,2,2,4.0,Relatively New,607.0,1,0,0,0,0,0,36
flat,unitech sunbreeze,sector 69,0.75,6849.315068493151,2,2,2,4.0,Under Construction,991.0,0,0,0,0,0,0,0
flat,essel towers,sector 14,2.2,12500.0,3,4,3+,3.0,Old Property,1956.0,0,0,0,0,0,0,0
flat,vatika gurgaon,sector 83,0.95,6574.39446366782,2,2,3,5.0,Relatively New,1300.0,0,0,0,0,0,1,96
flat,shree vardhman victoria,sector 70,1.78,9128.205128205129,3,3,3+,7.0,Relatively New,1765.0,0,1,0,0,1,0,49
flat,ramsons kshitij,sector 95,0.35,5494.505494505494,2,2,0,5.0,New Property,637.0,0,0,0,0,0,0,0
flat,ashiana mulberry,sohna road,0.74,6016.260162601626,2,2,3+,12.0,Relatively New,1367.0,0,0,0,0,0,0,71
flat,chd avenue,sector 71,0.79,6594.32387312187,2,2,2,8.0,Relatively New,1084.0,0,0,0,0,1,0,0
flat,indiabulls enigma,sector 110,3.6,10588.235294117649,4,5,3,7.0,Relatively New,3077.0,0,1,0,0,0,0,165
flat,the close south,sector 50,3.25,12810.40599132834,3,4,3+,4.0,Old Property,2819.0,0,1,0,0,0,1,135
house,unitech deerwood chase,sector 50,15.0,33333.333333333336,4,4,2,2.0,Moderately Old,4500.0,0,1,0,0,0,0,160
flat,tulip lemon,sector 69,0.62,12863.070539419086,2,2,1,4.0,Relatively New,536.0,0,0,0,0,0,1,108
flat,city shri ram apartments 1,sector 110,0.22,3666.6666666666665,2,1,1,1.0,Relatively New,543.0,0,0,0,0,0,0,0
flat,sare homes,sector 92,0.58,4098.9399293286215,3,3,3,3.0,New Property,1281.0,0,0,0,0,0,0,54
flat,smart world orchard,sector 61,2.1,13752.4557956778,3,2,3,3.0,New Property,1534.0,0,0,0,0,0,0,146
flat,hcbs sports ville,sohna road,0.32,6165.703275529865,2,2,2,2.0,New Property,577.0,0,0,0,0,0,0,37
flat,whiteland blissville,sector 76,1.92,11793.611793611792,3,3,2,3.0,Under Construction,1628.0,0,0,0,0,0,0,61
flat,pyramid urban homes 2,sector 86,0.42,8484.848484848484,2,2,1,2.0,New Property,557.0,1,1,0,1,1,0,84
flat,shree arihant apartment,sector 54,1.55,8611.111111111111,3,3,3,3.0,Moderately Old,1900.0,0,1,0,0,0,1,109
flat,godrej air,sector 85,2.5,13796.909492273731,4,5,3+,16.0,Relatively New,2013.0,1,0,0,1,1,1,44
flat,shree vardhman flora,sector 90,1.25,4854.368932038835,4,5,2,8.0,Relatively New,2330.0,1,1,0,0,0,0,165
flat,sare crescent parc,sector 92,0.92,4854.8812664907655,4,5,3+,14.0,Moderately Old,1895.0,0,0,0,0,0,1,131
flat,signature global the millennia,sector 37d,0.6,9230.76923076923,2,2,3,7.0,New Property,625.0,0,0,0,0,0,0,35
flat,ace palm floors,sector 89,0.97,7860.615883306321,2,2,2,1.0,New Property,1371.0,1,0,0,0,0,0,28
house,independent,sector 28,11.25,34722.22222222222,9,9,3+,2.0,Moderately Old,3240.0,0,1,1,1,0,1,126
flat,ats tourmaline,sector 109,1.65,7674.418604651163,3,3,3+,16.0,Relatively New,1946.0,0,1,0,0,0,1,49
flat,sbr apartment,manesar,0.68,4456.0943643512455,3,3,3,2.0,Moderately Old,1526.0,0,0,0,0,0,0,0
flat,sbr minda sec-1 imt manesar,manesar,0.64,4193.971166448231,3,2,3+,6.0,Old Property,1696.0,0,0,0,0,0,0,51
flat,ild greens,sector 37c,0.95,5066.666666666667,3,3,3+,0.0,New Property,1697.0,0,0,0,0,0,0,51
flat,experion heartsong,dwarka expressway,1.08,6150.341685649203,3,3,0,2.0,Under Construction,1758.0,0,0,0,0,0,0,0
house,emaar mgf marbella,sector 66,12.0,37037.03703703704,5,5,3+,3.0,New Property,3240.0,0,1,1,1,0,1,106
flat,m3m sierra 68,sector 68,1.1,8986.928104575163,2,2,3,1.0,Relatively New,1150.0,0,0,0,0,0,1,127
flat,orris carnation residency,sector 85,0.55,5789.473684210527,2,2,2,5.0,Relatively New,1050.0,0,0,0,0,1,0,174
flat,sare crescent parc royal greens phase 1,sector 92,0.5,5000.0,2,2,3,2.0,Relatively New,1000.0,0,0,0,0,0,0,0
house,independent,sector 46,4.25,23148.14814814815,5,4,2,3.0,Moderately Old,1836.0,0,0,1,0,0,1,57
house,bptp visionnaire,sector 70a,6.0,22222.222222222223,5,4,3,3.0,New Property,2700.0,1,0,0,0,0,0,40
flat,city heights,sector 39,1.75,8750.0,3,4,3,3.0,Old Property,2222.0,0,1,0,0,0,2,42
house,independent,sector 105,0.6,13333.333333333334,3,3,0,3.0,Moderately Old,450.0,0,0,0,0,0,0,0
flat,tata primanti,sector 72,4.0,16032.064128256514,4,5,3+,22.0,Relatively New,2701.0,0,1,0,0,0,1,174
flat,vatika gurgaon,sector 83,1.4,6628.787878787879,3,3,2,7.0,Relatively New,1570.0,0,0,0,0,0,1,74
flat,la vida by tata housing,sector 113,2.78,10334.57249070632,3,4,3+,5.0,Relatively New,2350.0,0,1,0,0,0,0,174
flat,signature global park,sohna road,0.56,6812.652068126521,2,2,3,3.0,New Property,913.0,0,0,0,0,0,0,111
house,tulip yellow,sector 69,2.95,16388.88888888889,4,3,2,3.0,New Property,1800.0,0,0,0,1,1,2,111
house,independent,sector 9,1.1,6111.111111111111,4,3,1,2.0,Old Property,200.0,0,0,0,0,0,0,0
flat,ansal api celebrity suites,sector 2,0.6,8163.265306122449,1,1,1,5.0,Moderately Old,665.0,0,0,0,0,0,1,88
flat,dlf the primus,sector 82a,2.55,11218.653761548614,4,4,3+,14.0,Relatively New,2273.0,0,0,0,0,0,2,44
flat,la vida by tata housing,sector 113,3.05,15561.22448979592,3,4,3,3.0,Relatively New,2150.0,0,1,0,0,0,0,174
flat,adani aangan arcade,sector 88a,0.45,7200.0,2,2,1,3.0,New Property,694.0,0,0,0,0,0,0,14
house,independent,sector 45,16.0,35003.28155764603,6,7,3+,3.0,Relatively New,4571.0,1,1,1,1,0,1,105
flat,tarc maceo,sector 91,1.4,7407.407407407408,3,3,3+,7.0,Relatively New,1700.0,0,0,0,0,0,0,76
flat,hsiidc sidco aravali,manesar,0.91,3516.228748068006,3,3,3+,8.0,Moderately Old,1900.0,0,1,0,0,0,0,23
flat,signature global solera,sector 107,0.37,6751.824817518248,2,2,1,10.0,Relatively New,496.0,0,0,0,0,0,0,73
flat,pyramid urban homes 2,sector 86,0.43,8582.834331337326,2,2,1,6.0,New Property,557.0,0,0,0,0,1,0,72
flat,satya the hermitage,sector 103,0.93,6404.958677685951,2,3,3,3.0,Relatively New,1613.0,0,1,0,0,0,1,90
flat,avl 36 gurgaon,sector 36a,0.65,8953.168044077134,2,2,2,7.0,Relatively New,657.0,0,0,0,0,0,0,89
flat,smart world gems,sector 89,1.05,9519.492293744332,2,2,2,4.0,Under Construction,1103.0,1,0,0,0,1,0,38
flat,ansal housing highland park,sector 103,0.88,6428.049671292914,2,2,3,3.0,New Property,1232.0,0,0,0,0,0,0,52
flat,signature global grand iva,sector 103,0.5,6250.0,2,2,2,10.0,Relatively New,698.0,0,0,0,0,0,0,8
flat,ss the leaf,sector 85,1.75,7267.441860465116,3,4,3,8.0,Relatively New,2179.0,0,1,0,0,0,0,49
flat,ireo the grand arch,sector 58,2.2,16000.0,2,2,2,6.0,Relatively New,1244.0,0,0,0,0,0,0,42
flat,greenopolis,sector 89,0.8,6168.080185042406,2,2,2,6.0,Under Construction,1441.0,0,0,0,0,0,0,44
flat,dlf the ultima,sector 81,2.21,10365.853658536584,3,3,3+,3.0,Relatively New,1881.0,0,1,0,0,0,2,149
flat,emaar palm gardens,sector 83,1.8,9473.684210526317,3,3,3,6.0,Relatively New,1549.0,0,1,0,0,0,1,97
flat,vipul lavanya,sector 81,1.28,7174.8878923766815,3,3,3,1.0,Moderately Old,1982.0,0,1,0,1,0,1,49
house,ansal sushant lok,sector 43,10.5,27910.685805422647,4,4,2,2.0,Old Property,3762.0,0,1,0,0,0,0,59
flat,tulip petals,sector 89,1.1,7096.774193548387,3,2,3,4.0,New Property,1550.0,0,0,0,0,0,0,0
flat,pareena coban residences,sector 99a,1.13,5658.487731597396,3,5,3,5.0,Relatively New,1790.0,0,1,0,0,1,0,49
house,bptp astaire gardens,sector 70a,1.18,8137.931034482759,3,3,3+,2.0,Relatively New,1611.0,0,0,0,0,1,1,153
flat,eldeco accolade,sohna road,1.1,7549.759780370625,2,2,3+,17.0,Relatively New,1319.0,1,0,0,0,1,1,7
house,independent,sector 39,15.0,33333.333333333336,5,5,3+,4.0,Moderately Old,4500.0,0,1,0,0,0,1,27
flat,ss the leaf,sector 85,1.09,6666.666666666667,2,2,3,9.0,Relatively New,1638.0,0,0,1,0,0,0,174
flat,tulip violet,sector 69,1.95,9701.492537313432,4,4,2,0.0,Relatively New,1819.0,0,0,0,0,0,0,157
flat,conscient heritage max,sector 102,1.82,9371.78166838311,3,4,3+,15.0,Moderately Old,1757.0,0,1,0,0,0,0,125
flat,breez global heights,sohna road,0.42,6422.018348623853,2,2,2,2.0,New Property,564.0,0,0,0,0,0,0,73
flat,mahindra aura,sector 110,1.4,9655.172413793103,3,3,3,10.0,Relatively New,1550.0,0,0,0,0,0,1,142
flat,paras quartier,gwal pahari,7.5,14018.691588785046,4,4,3+,20.0,New Property,4842.0,0,1,0,1,1,1,49
flat,ireo skyon,sector 60,2.85,13936.430317848412,3,4,3+,5.0,Relatively New,2045.0,0,1,0,0,0,1,174
flat,ild greens,sector 37c,1.05,7500.0,3,3,3,4.0,New Property,1500.0,0,0,0,0,0,1,5
flat,pivotal devaan,sector 84,0.36,7594.93670886076,2,2,1,9.0,Relatively New,531.0,0,0,1,0,0,2,80
flat,breez global heights 88a,sector 88a,0.5,8375.209380234506,3,2,2,2.0,Relatively New,663.0,0,0,0,0,0,0,15
house,independent,sector 26,6.75,27777.777777777777,3,3,3,2.0,Moderately Old,2430.0,0,0,0,0,0,0,27
flat,ireo skyon,sector 60,3.0,12484.394506866416,3,3,3,5.0,Relatively New,2400.0,0,1,0,0,0,1,174
flat,unitech south park,sector 70,1.13,7001.2391573729865,3,3,2,1.0,Relatively New,1457.0,0,0,0,0,0,0,46
flat,millenia,sector 37c,0.4,6666.666666666667,2,2,2,4.0,New Property,667.0,0,0,0,0,0,0,29
flat,ramprastha skyz,sector 37d,1.0,4943.153732081068,3,5,3,11.0,Under Construction,1833.0,0,1,0,0,1,0,8
flat,orchid petals,sector 49,2.23,10969.011313330057,3,3,3,14.0,Relatively New,1840.0,0,0,0,0,1,0,40
flat,ansal heights 86,sector 86,0.64,4705.882352941177,2,2,1,3.0,New Property,1360.0,0,0,0,0,0,0,73
flat,sobha city,sector 108,2.9,14478.282576135796,3,4,2,11.0,Relatively New,2003.0,0,0,0,0,0,0,108
flat,bestech park view sanskruti,sector 92,1.55,7568.359375,3,4,3,16.0,Relatively New,1805.0,0,1,0,0,0,1,60
flat,pareena mi casa,sector 68,0.92,7389.558232931727,2,2,3,5.0,Under Construction,1127.0,0,0,0,0,1,0,50
flat,ats kocoon,sector 109,2.15,10262.52983293556,3,4,3,9.0,Relatively New,1896.0,0,1,0,0,0,0,97
flat,ats tourmaline,sector 109,1.75,8139.53488372093,3,4,3+,9.0,Relatively New,1946.0,0,1,0,0,0,0,94
flat,mapsko mount ville,sector 79,1.25,8389.261744966443,3,3,3,22.0,Relatively New,1154.0,1,0,0,1,0,0,160
flat,ats kocoon,sector 109,1.75,10028.65329512894,3,3,3,10.0,Relatively New,1550.0,0,0,0,1,0,1,49
flat,ild greens,sector 37c,1.0,4723.665564478035,3,3,3,3.0,Under Construction,1629.0,0,0,0,0,0,0,51
house,independent,sector 45,10.0,30864.1975308642,6,6,3+,4.0,Moderately Old,3240.0,1,1,1,1,0,1,70
flat,"new colony, gurgaon",sector 7,0.8,8097.165991902834,3,2,1,4.0,Relatively New,1100.0,0,0,0,0,0,1,69
flat,godrej oasis,sector 88a,1.29,7799.274486094317,3,3,3,5.0,New Property,1642.0,1,0,0,0,1,0,65
flat,ireo skyon,sector 60,3.8,13571.42857142857,4,5,3,15.0,Moderately Old,2791.0,0,1,0,0,0,1,145
flat,signature global solera,sector 107,0.28,5679.513184584179,2,2,2,11.0,Relatively New,543.0,0,0,0,0,0,0,29
flat,shapoorji pallonji joyville gurugram,sector 102,1.9,10259.179265658748,3,3,3+,15.0,New Property,1700.0,0,0,0,1,0,0,174
flat,tulip petals,sector 89,1.55,10000.0,3,2,3,6.0,Moderately Old,1403.0,0,0,1,0,0,1,111
flat,satya element one,sector 49,0.87,19333.33333333333,1,1,1,2.0,Relatively New,500.0,0,0,0,0,0,0,22
flat,m3m woodshire,sector 107,0.8,5856.515373352855,2,2,3+,14.0,New Property,1236.0,0,0,0,0,0,0,67
flat,emaar mgf the palm drive,sector 66,3.0,14285.714285714286,4,5,3+,10.0,Relatively New,2100.0,0,1,0,0,0,1,49
flat,m3m woodshire,sector 107,1.4,5929.690808979246,3,4,3+,6.0,Relatively New,2137.0,0,1,0,0,0,0,117
flat,ansals highland park,dwarka expressway,1.2,6185.567010309278,3,3,3+,4.0,Under Construction,1940.0,0,1,0,0,0,0,0
house,signature global city 81,sector 81,0.75,6849.315068493151,3,2,3,4.0,Under Construction,1095.0,1,0,0,0,0,0,97
flat,ats triumph,sector 104,4.45,6846.153846153846,4,5,3+,27.0,Relatively New,7222.0,0,0,0,0,0,0,110
flat,shapoorji pallonji joyville gurugram,sector 102,1.75,9449.244060475165,3,3,3,10.0,Relatively New,1465.0,1,1,0,1,1,0,49
flat,dlf the crest,sector 54,11.0,35483.87096774193,4,5,3+,7.0,Relatively New,3444.0,1,1,0,1,0,0,49
flat,tulip violet,sector 69,1.9,9452.73631840796,4,4,2,6.0,Relatively New,1743.0,0,0,1,0,0,0,174
flat,m3m soulitude,sector 89,1.25,8784.258608573437,3,3,3,3.0,New Property,1288.0,1,0,0,0,1,0,61
house,independent,sector 24,3.5,32407.40740740741,2,4,3,3.0,Old Property,1080.0,0,0,0,0,0,0,15
flat,eldeco accolade,sohna road,0.73,5775.316455696203,2,2,3,5.0,Relatively New,978.0,0,0,0,1,0,0,33
flat,ats triumph,sector 104,2.6,8253.968253968254,4,4,3+,12.0,Relatively New,2851.0,0,1,0,0,0,0,118
house,independent,sector 23,2.9,11600.0,4,4,3,2.0,Relatively New,2500.0,0,1,0,0,0,1,43
flat,vatika city homes,sector 83,1.08,6206.896551724138,3,3,3,6.0,Relatively New,1537.0,0,0,1,0,0,0,111
flat,signature global city 92,sector 92,0.78,7722.772277227723,2,2,3,2.0,Relatively New,846.0,0,0,0,0,1,0,24
flat,shapoorji pallonji joyville gurugram,sector 102,1.99,20664.589823468326,2,2,2,14.0,New Property,1145.0,0,0,0,0,0,0,152
house,independent,sector 43,14.0,39886.039886039885,9,9,3+,4.0,Moderately Old,3510.0,0,1,0,0,0,0,7
flat,godrej,sector 79,1.33,8531.10968569596,2,2,3,6.0,Relatively New,1411.0,1,0,0,0,0,0,158
flat,dlf the primus,sector 82a,1.85,10176.017601760175,3,3,3,15.0,Moderately Old,1677.0,0,0,0,0,1,0,38
flat,m3m the marina,sector 68,1.32,8759.12408759124,2,2,3,15.0,Relatively New,1364.0,1,0,0,0,0,0,120
flat,alpha corp gurgaonone,sector 84,1.49,7590.422822210901,3,3,3,6.0,Relatively New,1833.0,0,1,0,0,0,0,28
flat,raheja sampada,sector 92,0.7,4452.926208651399,3,3,0,7.0,Relatively New,1572.0,0,0,0,0,0,0,0
house,independent,sector 14,4.15,18444.444444444445,5,4,2,2.0,Old Property,2250.0,0,0,0,0,0,1,51
house,independent,sector 46,2.2,24202.420242024204,3,3,2,3.0,Old Property,101.0,0,0,1,0,0,1,56
house,independent,sector 55,2.8,18666.666666666668,4,4,0,2.0,Old Property,1500.0,0,0,0,0,0,0,0
flat,sare crescent parc,sector 92,0.9,4277.566539923954,4,5,3+,14.0,Relatively New,1692.0,0,1,0,0,1,0,62
flat,avl 36 gurgaon,sector 36a,0.36,9000.0,1,1,1,7.0,Relatively New,407.0,0,0,0,0,0,0,95
flat,dlf new town heights,sector 90,1.55,6556.68358714044,4,4,3+,1.0,Relatively New,2139.0,0,1,0,1,0,0,81
flat,raheja the vedaanta floors,sector 108,0.7,4521.963824289405,2,2,3,1.0,Moderately Old,1720.0,0,0,0,0,0,1,0
flat,the cocoon,dwarka expressway,2.0,13333.333333333334,3,3,3,5.0,New Property,1357.0,0,0,0,0,0,0,0
house,independent,sector 28,4.5,13888.888888888889,4,4,0,4.0,Relatively New,3240.0,0,0,0,0,0,0,0
flat,mapsko mount ville,sector 79,1.25,7716.049382716049,3,3,2,1.0,Relatively New,1212.0,1,0,0,1,0,1,166
flat,parsvnath green ville,sector 48,1.86,7654.320987654321,3,3,3+,6.0,Moderately Old,2199.0,0,1,0,0,0,1,94
flat,deepak minda,manesar,1.2,4528.301886792453,3,3,3+,6.0,Moderately Old,2944.0,0,1,0,0,0,0,7
house,independent,sector 51,2.25,2777.777777777778,6,3,3+,3.0,Relatively New,100.0,0,0,0,0,0,0,54
flat,residency grand,sector 52,5.0,7692.307692307692,5,7,3+,1.0,Moderately Old,5778.0,0,1,0,1,0,0,77
flat,alpha corp gurgaonone,sector 84,1.2,9448.818897637797,2,2,1,6.0,Relatively New,1149.0,0,0,0,0,0,0,13
flat,emaar mgf emerald floors premier,sector 65,2.8,16969.696969696968,4,4,3,2.0,Relatively New,1650.0,1,0,0,0,0,1,89
house,unitech uniworld resorts,sector 33,8.5,17819.706498951782,5,5,3+,3.0,New Property,4770.0,1,1,1,1,0,1,145
flat,sare green parc phase 3,sector 92,0.75,7142.857142857143,3,2,2,3.0,New Property,1298.0,0,0,0,0,0,0,121
house,independent,sector 43,5.5,28423.77260981912,1,1,0,1.0,Old Property,1935.0,0,0,0,0,1,0,12
flat,bestech park view ananda,sector 81,0.95,10626.398210290829,2,2,2,2.0,Relatively New,1112.0,0,0,0,0,0,1,104
flat,dlf the primus,sector 82a,2.85,10936.30084420568,4,4,3+,2.0,New Property,2179.0,0,1,0,0,0,2,174
flat,godrej nature plus,sector 33,1.9,9849.663037843442,3,3,3+,14.0,New Property,2143.0,0,1,0,0,0,0,96
flat,paras dews,sector 106,1.2,11605.41586073501,3,3,3,12.0,Relatively New,1145.0,1,0,0,0,0,0,158
flat,puri emerald bay,sector 104,2.6,15160.349854227405,3,4,3+,5.0,Relatively New,2061.0,1,1,0,0,0,0,81
flat,sare crescent parc,sector 92,0.5,5000.0,2,2,2,2.0,Relatively New,905.0,0,0,0,0,1,0,72
flat,signature global solera,sector 107,0.27,5521.472392638037,2,2,2,0.0,Relatively New,543.0,0,0,0,0,0,0,45
flat,imperia the esfera,sector 37c,1.4,5384.615384615385,4,5,3,9.0,Relatively New,2343.0,1,1,0,1,1,0,49
house,dlf new town heights,sector 91,2.5,7058.159232072276,4,4,3+,3.0,Moderately Old,3400.0,1,1,1,1,0,1,80
flat,bestech park view spa next,sector 67,2.32,11989.66408268734,3,4,3+,14.0,Moderately Old,1764.0,0,1,0,0,0,1,59
flat,m3m woodshire,sector 107,0.9,6588.579795021962,2,2,3+,14.0,New Property,1236.0,0,0,0,0,0,0,67
house,independent,sector 7,0.45,5000.0,3,2,0,1.0,Old Property,1000.0,0,0,0,0,0,0,0
flat,chanderlok society,sector 28,0.9,7234.726688102894,4,2,3+,1.0,Old Property,1382.0,0,0,0,0,0,0,0
house,dlf new town heights,sector 86,2.5,7058.159232072276,4,4,3+,3.0,Moderately Old,3400.0,1,1,1,1,0,1,142
flat,emaar palm gardens,sector 83,1.75,9210.526315789471,3,3,3+,11.0,Relatively New,1549.0,0,1,0,0,0,0,120
flat,ireo victory valley,sector 67,2.95,12235.586893405229,3,3,3,10.0,Relatively New,2150.0,0,1,0,0,0,1,174
flat,shapoorji pallonji joyville gurugram,sector 102,1.41,10307.017543859649,2,2,3,0.0,Relatively New,1238.0,0,0,0,0,1,0,49
flat,indiabulls centrum park,sector 103,1.34,7882.35294117647,3,3,3+,12.0,Relatively New,1725.0,1,1,1,1,0,1,38
flat,shree vardhman flora,sector 90,1.3,5252.525252525253,4,5,2,9.0,Relatively New,2134.0,1,1,0,0,0,0,110
flat,signature global city,sector 37d,0.8,8421.052631578947,2,2,2,2.0,Relatively New,860.0,0,0,0,0,0,0,42
flat,mapsko mount ville,sector 79,1.3,8724.832214765102,3,3,3,19.0,Relatively New,1176.0,0,0,1,0,0,1,102
flat,godrej frontier,sector 80,1.4,6189.21308576481,3,4,2,10.0,Moderately Old,1854.0,0,0,1,1,0,0,111
flat,experion windchants,sector 112,3.29,11741.613133476088,3,3,3+,2.0,Relatively New,2225.56,0,1,0,0,0,1,152
flat,bhemerlei,sohna road road,0.69,5099.778270509978,2,2,2,3.0,Under Construction,1350.0,0,0,0,0,0,0,0
flat,spaze privvy the address,sector 93,1.25,5699.954400364797,4,4,3,16.0,Relatively New,2105.0,0,0,0,0,0,0,0
flat,ss the leaf,sector 85,1.1,12471.655328798186,2,2,3,12.0,Relatively New,1173.0,1,0,0,0,0,0,75
flat,m3m skywalk,sector 74,2.2,10901.883052527255,3,3,3,12.0,New Property,1826.0,1,0,0,0,0,1,15
house,ireo victory valley,sector 67,8.0,22222.222222222223,6,7,3+,51.0,Moderately Old,3600.0,1,1,0,1,0,1,49
flat,vatika xpressions,sector 88b,1.1,8148.148148148148,2,4,3+,2.0,Under Construction,1350.0,1,0,0,0,0,0,58
flat,bestech altura,sector 79,1.9,8837.209302325582,3,4,3,11.0,Under Construction,1946.0,0,0,0,0,0,0,96
flat,parsvnath exotica,sector 53,5.0,17271.157167530226,3,4,3+,8.0,Relatively New,2500.0,0,1,0,1,1,1,49
flat,antriksh heights,sector 84,0.49,4355.555555555556,2,2,2,16.0,Relatively New,1018.0,0,0,0,0,0,0,66
flat,pioneer urban presidia,sector 62,6.5,14987.318422872951,4,4,3+,3.0,Moderately Old,3925.0,1,0,0,0,0,0,86
flat,m3m skywalk,sector 74,1.6,9512.485136741974,2,2,2,26.0,Relatively New,1508.0,0,0,0,0,0,1,158
flat,dlf the ultima,sector 81,2.5,11726.078799249532,3,3,2,4.0,Relatively New,2130.0,0,1,0,0,0,2,82
flat,shapoorji pallonji joyville gurugram,sector 102,0.95,10382.513661202183,2,2,2,14.0,Relatively New,915.0,0,0,0,0,0,0,0
flat,ats tourmaline,sector 109,2.25,8704.061895551256,3,4,3,14.0,Relatively New,2339.0,0,1,0,0,0,0,101
flat,bestech park view residency,sector 2,1.02,7208.480565371025,2,2,3,11.0,Moderately Old,1281.0,0,0,0,0,0,0,92
flat,shapoorji pallonji joyville gurugram,sector 102,2.15,12706.855791962174,3,3,3,10.0,Relatively New,1690.0,0,0,0,0,0,1,49
flat,la vida by tata housing,sector 113,1.65,10449.65167827739,3,2,2,3.0,Relatively New,1420.0,0,0,0,0,0,0,49
house,independent,sector 25,8.0,8000.0,3,9,2,3.0,New Property,11111.0,0,0,0,0,0,0,0
flat,raheja navodaya,sector 92,1.1,4680.851063829788,3,2,3,0.0,Relatively New,2350.0,0,0,0,0,0,0,0
flat,krisumi waterfall residences,sector 36a,3.65,14381.40267927502,3,3,2,17.0,New Property,2297.0,0,0,0,0,0,0,31
flat,bestech park view city,sector 48,1.8,10250.569476082004,3,4,3,3.0,Moderately Old,1951.0,1,0,0,0,0,1,76
house,international city by sobha phase 2,sector 109,6.44,26502.057613168723,4,5,3+,3.0,New Property,2430.0,1,1,1,1,0,0,138
house,independent,sector 2,4.99,18887.206661619985,4,4,3+,3.0,Moderately Old,2642.0,0,1,1,1,0,0,43
flat,aipl the peaceful homes,sector 70a,1.6,9586.578789694428,2,2,2,22.0,Moderately Old,1416.0,0,0,0,0,0,0,86
flat,ambience creacions,sector 22,1.99,14420.289855072464,2,2,2,9.0,New Property,1285.0,1,1,0,1,0,0,20
house,independent,sector 14,5.0,22222.222222222223,3,3,3,1.0,Moderately Old,2250.0,0,0,0,0,0,0,25
flat,godrej oasis,sector 88a,0.95,7268.553940321347,2,2,2,6.0,Relatively New,1452.0,0,0,0,0,0,0,79
flat,ansals duplex flat,sector 2,0.95,7307.692307692308,2,3,2,1.0,Old Property,1444.0,1,0,0,0,0,1,20
house,shree krishna homes,sector 104,0.48,5555.555555555556,2,2,1,1.0,New Property,795.0,1,0,0,1,1,0,44
flat,paras dews,sector 106,1.05,7581.227436823105,2,2,2,5.0,New Property,1539.0,0,0,0,0,0,0,97
house,independent,sector 17,9.5,23456.79012345679,8,8,3,3.0,Relatively New,4050.0,1,0,0,0,0,1,27
flat,vatika xpressions,sector 88b,0.92,6814.814814814815,2,2,3,3.0,New Property,1350.0,0,0,0,0,0,0,26
flat,godrej,sector 79,1.35,8970.099667774086,3,3,2,7.0,Relatively New,1362.0,0,0,0,0,0,0,118
flat,emaar imperial gardens,sector 102,1.91,9550.0,3,4,2,17.0,Relatively New,1587.0,1,1,0,0,0,1,152
house,independent,sector 25,10.85,38150.49226441632,6,6,1,3.0,Relatively New,2844.0,0,0,1,0,0,1,136
flat,sare crescent parc royal greens phase 1,sector 92,0.65,4510.756419153366,3,3,3,1.0,Moderately Old,1304.0,0,0,0,0,0,0,91
house,independent,sector 26,5.8,32222.222222222223,5,5,3+,2.0,Old Property,1800.0,1,1,1,1,0,0,53
flat,gls arawali homes,sohna road,0.32,6722.689075630252,2,1,0,0.0,Relatively New,476.0,0,0,0,0,0,0,0
flat,pivotal devaan,sector 84,0.3,6666.666666666667,1,1,1,14.0,New Property,500.0,0,0,0,0,0,1,22
flat,krishna appartment,sector 12,0.35,3500.0,3,3,1,2.0,Old Property,905.0,0,0,0,0,0,0,0
flat,adani brahma samsara vilasa,sector 63,3.25,29545.454545454544,3,3,3,4.0,New Property,2700.0,0,0,0,0,1,0,41
house,independent,sector 70a,2.1,3888.8888888888887,3,2,1,3.0,New Property,667.0,0,0,0,0,0,0,0
flat,imperia the esfera,sector 37c,0.86,5449.936628643853,2,3,3,9.0,Relatively New,1442.0,1,0,0,0,1,0,49
flat,tulip violet,sector 69,1.43,8887.507768800497,3,3,2,1.0,Relatively New,1455.0,0,0,0,1,0,0,86
flat,signature global city 92,sector 92,0.78,11142.857142857143,2,2,3,2.0,Relatively New,846.0,0,0,0,0,1,0,24
flat,palam vihar extension west zone rwa,sector 2,0.2,4000.0,1,1,1,1.0,Moderately Old,556.0,0,0,0,0,1,0,0
flat,shapoorji pallonji joyville gurugram,sector 102,2.03,11997.635933806148,3,3,2,1.0,New Property,1337.0,0,0,0,0,0,0,67
flat,parsvnath exotica,sector 53,6.44,19002.65565063441,4,4,3,7.0,Moderately Old,3068.0,0,1,0,0,0,1,80
flat,avl 36 gurgaon,sector 36a,0.4,10204.081632653062,1,1,1,4.0,Relatively New,436.0,0,0,0,0,0,0,35
flat,emaar mgf the palm drive,sector 66,2.8,16470.58823529412,3,4,3,8.0,Relatively New,1700.0,0,1,0,0,0,1,117
flat,dlf new town heights,sector 90,1.9,6967.363403006967,4,4,3+,19.0,Relatively New,2512.0,0,1,1,0,0,1,174
flat,m3m antalya hills,sector 79,1.15,7496.740547588005,3,3,3+,1.0,Relatively New,1200.0,1,0,0,0,0,0,51
flat,tarc maceo,sector 91,0.96,5411.499436302142,2,2,3+,8.0,Moderately Old,1271.0,0,0,0,0,0,0,85
flat,signature global park,sohna road,0.78,6446.280991735537,3,3,3,3.0,Relatively New,1344.0,0,0,0,1,0,0,150
flat,shree vardhman victoria,sector 70,1.5,7692.307692307692,3,5,3,7.0,Relatively New,1527.0,0,1,0,0,0,1,174
house,independent,sector 57,3.5,21604.938271604937,4,4,3+,3.0,Old Property,1620.0,0,0,1,0,0,1,67
flat,corona optus,sector 37c,1.4,7035.175879396985,3,3,3+,4.0,Relatively New,1890.0,0,1,0,0,0,0,149
house,independent,sector 41,11.0,33950.61728395062,4,4,2,3.0,New Property,3240.0,1,1,0,1,0,0,35
house,independent,sector 26,5.8,32222.222222222223,4,3,2,2.0,Relatively New,1800.0,0,0,1,0,0,0,21
flat,bestech park view city,sector 49,2.9,12169.534200587495,4,4,3+,5.0,Moderately Old,2157.0,0,1,0,0,0,0,117
flat,orris aster court premier,sector 85,1.49,5820.3125,4,5,3+,10.0,Relatively New,2017.0,0,1,0,0,0,1,84
flat,ireo uptown,sector 66,1.5,11219.147344801797,2,3,3,1.0,Relatively New,1330.0,0,1,0,0,1,1,79
house,independent,sector 7,1.95,13541.666666666666,2,2,2,2.0,Old Property,160.0,0,0,0,0,0,0,0
house,independent,sector 43,27.5,24366.471734892788,6,7,3+,3.0,Relatively New,11286.0,1,1,0,1,1,1,42
flat,emaar mgf emerald floors premier,sector 65,2.35,14242.424242424242,3,3,3,2.0,Relatively New,1650.0,1,1,0,0,0,0,158
flat,central park flower valley,sector 33,2.2,10476.190476190475,3,3,3,12.0,New Property,1900.0,0,1,0,0,0,1,49
flat,spaze privy,sector 72,3.1,6692.573402417962,4,5,3+,8.0,Moderately Old,3374.0,1,1,1,1,0,0,136
flat,krrish florence estate,sector 70,1.3,5601.034037052995,3,3,3,17.0,Under Construction,1865.0,0,0,0,0,0,1,61
flat,allure homes,sector 12,0.72,7272.727272727273,2,2,1,2.0,Relatively New,1100.0,0,0,0,0,1,1,16
flat,ansal sushant lok ci,sector 43,2.0,15151.515151515152,3,3,2,1.0,Old Property,1467.0,0,1,0,0,0,2,15
flat,smart world orchard,sector 61,2.2,13496.932515337425,3,3,2,3.0,New Property,1811.0,0,0,0,0,0,0,16
flat,dlf regal gardens,sector 90,1.26,7403.055229142185,3,3,3,6.0,Relatively New,1603.0,0,0,0,0,1,1,28
flat,ss the leaf,sector 85,1.07,6524.390243902439,2,2,3,21.0,Relatively New,1484.0,0,0,0,1,0,0,67
house,independent,sector 50,7.0,23333.33333333333,4,4,2,3.0,Old Property,3400.0,0,1,0,0,0,0,118
flat,dlf regal gardens,sector 90,1.8,7223.113964686999,4,4,3+,7.0,Moderately Old,2005.0,0,0,0,0,0,0,38
house,dlf city plot phase 4,sector 28,13.0,17931.03448275862,10,10,3+,1.0,Relatively New,8056.0,0,0,0,0,0,0,0
flat,bptp astaire gardens,sector 70a,1.7,8947.368421052632,4,3,3,1.0,Relatively New,2111.0,0,0,0,0,0,1,49
house,sobha city,sector 108,10.5,14322.739053335152,5,4,3+,1.0,Relatively New,7331.0,0,0,0,0,0,0,59
house,nul,sector 25,9.5,33403.65682137834,9,9,3+,3.0,Old Property,2844.0,0,0,0,0,1,0,81
flat,orris aster court premier,sector 85,1.73,6757.8125,4,5,3+,8.0,Relatively New,2017.0,0,1,0,0,0,0,16
house,ireo victory valley,sector 67,8.0,22222.222222222223,6,7,3+,3.0,Moderately Old,3600.0,1,1,1,1,0,1,151
flat,bestech park view residency,sector 2,1.18,7539.936102236422,2,2,3,5.0,Old Property,1416.0,1,0,0,0,0,0,76
flat,landmark the residency,sector 103,0.9,6666.666666666667,2,2,2,1.0,Relatively New,1222.0,0,0,0,0,0,0,44
flat,godrej habitat,sector 3,1.2,8310.249307479224,2,2,3,0.0,Old Property,1307.0,0,0,0,0,0,0,60
flat,godrej nature plus,sector 33,1.5,9677.41935483871,3,3,3,6.0,Under Construction,1403.0,1,0,0,0,0,0,72
flat,ats triumph,sector 104,2.62,8317.460317460318,4,4,3+,14.0,Relatively New,2851.0,0,1,0,0,0,0,174
flat,signature global park,sohna road,0.52,6326.03406326034,2,2,2,3.0,Relatively New,913.0,0,0,0,1,0,0,161
flat,shree vardhman victoria,sector 70,1.8,9230.76923076923,3,5,3,0.0,New Property,2167.0,0,0,0,0,0,0,72
house,uppal southend,sector 49,4.4,15277.777777777776,6,6,3,3.0,Moderately Old,2880.0,1,1,1,1,0,2,110
flat,sobha smriti apartments,sector 56,0.5,8333.333333333334,1,1,2,3.0,Old Property,667.0,0,0,0,0,0,0,0
flat,eldeco accolade,sohna road,0.72,4975.81202487906,2,2,3+,12.0,Relatively New,1131.0,1,0,0,0,0,0,152
flat,ss,sector 85,1.19,7121.484141232795,2,2,3,11.0,Relatively New,1670.0,0,0,0,0,0,0,49
flat,antriksh heights,sector 84,0.88,4821.917808219178,3,3,3,16.0,Relatively New,1652.0,0,0,0,1,0,0,67
house,godrej meridien,sector 106,5.6,14000.0,5,4,3+,33.0,New Property,4000.0,1,1,1,1,0,0,151
flat,park royal apartment,sector 56,1.85,9024.39024390244,3,4,3,7.0,Old Property,2278.0,0,1,0,0,0,0,72
flat,la vida by tata housing,sector 113,3.35,16750.0,3,4,3+,12.0,New Property,2200.0,1,1,0,0,0,0,174
house,independent,sector 10a,3.6,19607.843137254906,3,4,3,3.0,Moderately Old,1836.0,0,0,0,1,0,1,28
house,international city by sobha phase 2,sector 109,6.5,12037.037037037036,4,4,3+,1.0,New Property,5400.0,0,1,0,0,0,1,160
flat,capital residences 360,sector 70a,1.68,8502.024291497975,3,3,3+,5.0,New Property,1900.0,0,1,0,0,0,0,141
flat,godrej air,sector 85,1.4,10000.0,2,2,3,23.0,Relatively New,1400.0,0,0,0,0,0,0,44
flat,dlf the skycourt,sector 86,1.5,9740.25974025974,3,3,3+,18.0,Relatively New,1780.0,1,0,0,0,0,0,174
flat,rof ananda,sector 95,0.38,6921.67577413479,2,2,1,4.0,New Property,610.0,0,0,0,0,0,0,0
flat,signature global solera,sector 107,0.28,5725.971370143149,2,2,2,6.0,Relatively New,543.0,0,0,0,0,0,0,45
flat,raheja navodaya,sector 92,0.62,4806.201550387597,2,2,2,5.0,New Property,1498.0,0,0,0,0,0,0,0
flat,dlf the skycourt,sector 86,1.55,8035.2514256091235,3,3,3+,12.0,Relatively New,1500.0,0,0,0,0,1,2,166
flat,vatika gurgaon,sector 83,0.85,8947.368421052632,2,2,2,18.0,Moderately Old,1100.0,0,0,0,1,0,1,119
flat,unitech vistas,sector 70,0.53,4800.724637681159,2,2,2,9.0,Relatively New,991.0,0,0,0,0,1,0,24
flat,ild grand,sector 37c,0.66,5038.167938931298,2,2,3+,14.0,Relatively New,1310.0,0,0,0,0,0,0,60
flat,tata primanti,sector 72,5.0,11363.636363636364,4,4,3+,2.0,New Property,4000.0,1,1,1,0,0,1,174
flat,smart world orchard,sector 61,1.6,13913.04347826087,2,2,2,4.0,Under Construction,1278.0,0,0,0,0,0,0,16
flat,dlf the grove,sector 43,6.0,25000.0,4,4,2,1.0,Old Property,2667.0,0,1,0,0,0,1,49
flat,signature global park,sohna road,0.56,6812.652068126521,2,2,3,3.0,New Property,913.0,0,0,0,0,0,0,81
flat,tarc maceo,sector 91,0.9,6870.229007633588,2,2,2,13.0,Relatively New,1186.0,0,0,0,0,0,2,67
flat,suncity heights,sector 54,3.25,14118.158123370982,3,3,3+,0.0,Old Property,2558.0,0,0,0,1,0,1,120
flat,smartworld 1dxp,sector 113,2.75,10589.14131690412,4,4,3+,20.0,New Property,2886.0,1,1,0,1,0,2,57
flat,pioneer park,sector 61,3.6,12627.148368993336,4,4,3,3.0,Moderately Old,2580.0,0,1,0,0,0,1,121
flat,hcbs sports ville,sohna road,0.2,4219.4092827004215,1,1,1,3.0,New Property,474.042156,0,0,0,0,0,0,71
flat,sbtl caladium,sector 109,1.35,7180.851063829788,3,2,3+,12.0,Relatively New,1477.0,0,0,0,0,0,0,128
house,independent,sector 4,0.8,11851.851851851852,2,3,1,2.0,Moderately Old,75.0,0,0,0,0,0,0,0
flat,ats kocoon,sector 109,1.7,12878.787878787878,3,3,3,22.0,Relatively New,1550.0,0,0,0,0,0,0,103
house,independent,sector 9a,4.5,14285.714285714286,9,9,3+,3.0,Relatively New,3150.0,1,0,0,1,1,1,38
flat,experion the heartsong,sector 108,3.0,18393.623543838137,4,5,3+,2.0,Relatively New,2204.25,0,1,0,0,0,2,149
house,independent,sector 43,6.5,35403.05010893246,5,4,3+,3.0,Moderately Old,1836.0,0,1,0,1,0,1,54
flat,signature global solera,sector 107,0.4,6644.518272425249,2,2,1,7.0,Relatively New,577.0,0,0,0,0,0,1,55
flat,shapoorji pallonji joyville gurugram,sector 102,2.12,11447.08423326134,3,3,3,9.0,New Property,1571.0,0,0,0,0,0,0,109
flat,mvn athens,sohna road,0.25,5186.721991701244,2,2,1,3.0,Relatively New,535.0,0,0,0,0,0,0,51
flat,sare crescent parc royal greens phase 1,sector 92,1.25,5832.944470368642,4,4,3,20.0,Relatively New,1939.0,0,1,0,0,0,0,60
flat,godrej nature plus,sector 33,1.62,13977.566867989646,3,4,3+,3.0,New Property,129.42,0,1,0,0,0,0,100
house,ansal api esencia,sector 67,1.85,8222.222222222223,3,3,3,1.0,Moderately Old,278.0,0,0,0,0,0,0,49
flat,swarn jayanti cghs,sector 54,1.75,7608.695652173913,4,3,3+,3.0,Old Property,1900.0,0,0,0,0,1,1,26
flat,vatika gurgaon,sector 83,1.08,6224.78386167147,3,3,2,11.0,Relatively New,1570.0,0,0,0,0,1,0,19
flat,sare green parc,sector 92,0.75,4820.051413881748,3,2,2,16.0,Relatively New,1556.0,0,0,0,0,0,0,0
flat,m3m merlin,sector 67,2.8,13671.875,3,3,3,2.0,Relatively New,2048.0,0,0,1,0,0,2,174
flat,breez global heights,sohna road,0.26,6598.984771573604,1,1,1,6.0,New Property,438.0,0,0,0,0,0,0,26
flat,paras quartier,gwal pahari,5.9,11028.03738317757,4,4,3+,0.0,Moderately Old,5350.0,0,0,0,0,0,0,63
house,bhim nagar society,sector 6,0.4,2500.0,4,2,2,1.0,Moderately Old,1600.0,0,0,0,0,0,0,0
flat,karmyogi apartment,sector 10a,2.3,6466.123137475401,6,4,2,6.0,Moderately Old,3951.0,0,0,0,0,0,0,0
flat,green campus chs,manesar,0.9,3935.286401399213,3,3,3+,6.0,Moderately Old,2070.0,0,1,0,0,0,0,5
house,arjun marg/ sector- 26 phase- 1/ golf course road,sector 26,31.5,35000.0,7,9,3+,3.0,Moderately Old,9000.0,1,1,1,1,0,2,74
flat,central park flower valley,sector 33,2.3,12777.777777777776,4,4,3+,5.0,New Property,2000.0,0,1,0,1,0,0,42
flat,oriental valley chs,sector 9a,1.5,9090.90909090909,4,3,3+,8.0,Relatively New,1833.0,0,0,0,0,0,1,8
flat,signature global park,sohna road,0.9,8035.714285714285,3,2,0,2.0,Relatively New,1120.0,0,0,0,0,0,0,58
flat,ss the leaf,sector 85,2.15,10924.79674796748,4,5,3+,6.0,Relatively New,2366.0,0,1,0,0,0,0,156
house,independent,sector 7,0.27,12000.0,2,2,1,2.0,Moderately Old,225.0,0,0,0,0,0,0,12
flat,orris carnation residency,sector 85,1.1,6686.930091185411,3,4,3,6.0,Moderately Old,1467.0,0,1,0,0,0,2,65
house,independent,sector 105,1.3,11555.555555555557,3,3,1,2.0,Moderately Old,1125.0,0,0,0,0,0,0,16
flat,sobha city,sector 108,2.4,17378.711078928314,2,2,2,14.0,New Property,1250.0,0,0,0,0,0,1,113
flat,gls arawali homes,sohna road,0.27,4599.659284497445,2,2,2,5.0,New Property,521.0,0,0,0,0,0,0,42
flat,ss,sector 85,1.98,8222.591362126246,3,4,3,6.0,Relatively New,2300.0,0,0,0,0,0,0,42
house,vipul world,sector 48,3.35,5583.333333333333,6,5,3+,3.0,Moderately Old,6000.0,0,0,0,0,0,0,53
house,unitech uniworld resorts,sector 33,9.5,19332.51933251933,6,6,3+,3.0,Moderately Old,4914.0,0,0,0,0,0,1,40
flat,dlf new town heights,sector 86,1.25,6476.683937823835,3,4,3+,2.0,Relatively New,1747.0,0,1,0,1,0,0,65
flat,indiabulls enigma,sector 110,4.1,10567.01030927835,5,5,2,10.0,Relatively New,3500.0,0,1,0,0,0,0,159
flat,puri emerald bay,sector 104,1.58,9117.137911136757,2,3,3,11.0,Relatively New,1538.0,0,1,0,0,0,0,101
flat,dlf regal gardens,sector 90,1.15,6325.632563256326,3,3,3+,18.0,Relatively New,1645.0,0,0,0,1,0,1,130
flat,indiabulls centrum park,sector 103,1.34,7486.033519553072,3,3,3+,13.0,Relatively New,1560.0,1,0,0,0,0,0,93
flat,shri banke bihari society,sector 56,1.35,9642.857142857143,3,3,3+,4.0,Old Property,1450.0,0,0,0,0,1,1,174
house,ansal api esencia,sector 67,5.46,24169.98671978752,4,5,3+,2.0,Relatively New,2259.0,1,0,1,1,0,1,103
house,independent,sector 43,2.1,4250.151791135398,10,10,3+,5.0,New Property,61.0,0,1,0,0,0,0,20
flat,trisara our homes 3,sohna road,0.4,6557.377049180328,2,2,1,0.0,New Property,669.0,0,0,0,0,0,1,90
flat,ats tourmaline,sector 109,2.95,9365.079365079366,4,5,3+,10.0,Relatively New,2851.0,0,1,0,0,0,0,101
flat,hcbs sports ville,sohna road,0.29,3972.6027397260273,2,2,1,4.0,Relatively New,743.0,0,0,0,0,0,0,0
flat,sare petioles,sector 92,1.25,6097.5609756097565,3,3,3,18.0,Relatively New,2278.0,0,1,0,0,0,0,44
flat,bptp terra,sector 37d,2.08,10000.0,4,4,3,0.0,New Property,2211.0,1,1,0,1,0,0,121
flat,vatika city homes,sector 83,0.8,6060.606060606061,2,2,2,8.0,Moderately Old,1195.0,0,0,1,0,0,0,22
house,emaar mgf marbella,sector 66,11.0,33950.61728395062,5,6,3+,2.0,New Property,3240.0,1,1,1,1,0,1,153
flat,sobha city,sector 108,2.45,14040.114613180516,3,3,3,15.0,Relatively New,1460.0,0,0,0,0,0,0,49
flat,experion windchants,sector 112,5.2,10726.072607260729,4,6,3+,15.0,Relatively New,3655.35,0,1,0,1,0,1,174
flat,tulip violet,sector 69,1.78,8855.721393034826,4,4,2,10.0,Relatively New,1819.0,0,0,0,1,0,1,156
flat,m3m skywalk,sector 74,1.47,10953.800298062592,2,2,3,26.0,New Property,1281.0,0,0,0,0,0,1,31
flat,signature global park,sohna road,0.54,7248.322147651007,2,1,3,1.0,New Property,828.0,0,0,0,0,0,0,65
flat,bestech park view grand spa,sector 81,4.7,6786.023678891135,4,4,3+,19.0,Relatively New,6268.0,0,1,0,0,0,1,140
flat,sare homes,sector 92,0.95,4250.559284116331,4,3,2,16.0,New Property,1983.0,0,0,0,0,0,0,95
flat,the pearl apartmen,sector 15,0.43,5584.415584415585,2,2,1,2.0,Relatively New,856.0,0,0,0,0,0,1,28
house,independent,sector 57,3.3,19097.222222222223,4,4,2,3.0,Moderately Old,1728.0,0,0,1,0,0,1,60
house,independent,sector 43,2.5,2884.5044421368407,7,7,3,4.0,Relatively New,107.0,0,0,0,0,1,1,20
flat,raheja navodaya,sector 92,0.85,4271.356783919598,3,3,3,2.0,Relatively New,1801.0,0,0,0,0,0,0,100
flat,emaar mgf emerald floors premier,sector 65,2.36,14303.030303030304,3,3,3,0.0,Relatively New,1493.0,1,1,0,0,0,1,159
flat,dlf the skycourt,sector 86,1.55,8031.088082901554,3,3,1,12.0,Relatively New,1900.0,0,0,0,1,0,1,153
house,unitech espace,sector 50,7.42,34351.851851851854,4,4,3,2.0,Old Property,3200.0,0,0,0,0,0,1,88
house,iffco nagar and 17b rwa,sector 17,2.98,20565.90752242926,2,6,3+,3.0,Relatively New,1449.0,1,0,0,1,0,0,78
flat,ramson kshitij sec-95 gurugram,sector 95,0.27,2700.0,2,2,0,1.0,New Property,758.0,0,0,0,0,0,0,0
flat,ramsons kshitij,sector 95,0.3,3157.894736842105,2,2,1,11.0,New Property,950.0,0,0,0,0,0,0,0
house,independent,sector 9,1.25,8735.150244584207,3,6,3+,3.0,Old Property,159.0,0,0,0,0,0,0,0
flat,m3m woodshire,sector 107,1.32,6330.935251798561,3,3,3,10.0,Relatively New,1758.0,0,0,0,0,0,0,117
flat,sobha city,sector 108,3.95,16858.72812633376,3,4,2,15.0,Relatively New,2343.0,0,1,0,0,0,0,49
flat,godrej nature plus,sector 33,1.3,8349.389852280026,3,2,3+,18.0,New Property,1409.0,0,0,0,0,0,0,38
flat,maruti vihar colony,sector 28,0.95,8886.810102899906,2,1,1,1.0,Old Property,1188.0,0,0,0,0,0,0,59
flat,tulip violet,sector 69,1.7,8445.106805762543,4,4,2,7.0,Relatively New,1819.0,0,0,0,0,0,0,128
flat,dlf new town heights,sector 91,1.8,7679.180887372014,4,4,3+,6.0,Moderately Old,2604.0,0,1,0,1,0,0,81
flat,mrg world ultimus,sector 90,0.5,6983.240223463688,2,2,2,1.0,Relatively New,796.0,0,0,0,0,0,0,21
flat,pivotal riddhi siddhi,sector 99,0.4,4444.444444444444,2,2,2,9.0,New Property,733.0,0,0,0,0,0,0,60
flat,antriksh heights,sector 84,1.05,5011.933174224344,4,4,3+,3.0,New Property,1896.0,1,0,0,0,0,0,66
house,dlf floors phase 3,sector 24,3.51,12341.772151898736,4,4,3,4.0,Old Property,2844.0,1,1,1,1,0,1,160
house,independent,sector 10a,4.25,17955.217574989438,4,3,2,1.0,Moderately Old,2367.0,0,0,0,0,0,0,0
flat,orris aster court premier,sector 85,1.38,6509.433962264151,3,4,2,6.0,Relatively New,1616.0,0,1,0,0,0,0,76
flat,godrej,sector 79,1.28,8504.983388704319,3,3,3,7.0,Relatively New,1362.0,0,0,0,0,0,0,158
flat,mvn athens,sohna road,0.25,3671.071953010279,2,2,1,11.0,Relatively New,681.0,0,0,0,0,0,1,67
flat,emaar mgf the palm drive,sector 66,3.45,15681.818181818182,3,4,3,6.0,Relatively New,2000.0,0,1,0,0,0,1,95
house,grover homes sec 4,sector 4,4.75,9374.38326425893,5,5,1,1.0,Old Property,5067.0,1,1,0,1,0,1,35
flat,puri emerald bay,sector 104,2.49,10163.265306122448,3,3,3+,14.0,Relatively New,2217.0,0,1,0,0,0,1,129
flat,signature global park,sohna road,0.78,6403.940886699507,3,3,3,1.0,Relatively New,1344.0,0,0,0,1,0,0,150
flat,suncity vatsal valley,gwal pahari,1.38,12212.389380530973,2,2,2,4.0,Under Construction,1130.0,0,0,0,0,0,0,133
flat,tata primanti,sector 72,5.25,15648.286140089418,4,4,3+,30.0,New Property,3000.0,0,1,0,0,0,1,174
house,smart world orchard,sector 61,2.01,13001.2936610608,3,3,3,4.0,New Property,1549.0,0,0,0,0,0,0,145
house,independent,sector 17,3.5,24305.555555555555,2,6,3+,3.0,Old Property,1440.0,0,0,0,0,0,0,0
flat,godrej nature plus,sector 33,1.25,9025.270758122744,2,2,3+,15.0,Under Construction,1539.0,0,0,0,0,0,0,44
house,house number b-34,sector 5,0.8,8888.888888888889,2,2,1,1.0,Old Property,900.0,0,0,0,0,0,0,0
flat,maxworth city residences,sector 10a,0.9,7081.038552321007,2,2,3,9.0,New Property,1086.0,0,0,0,0,1,0,52
flat,dlf the primus,sector 82a,3.5,13430.54489639294,5,5,3+,14.0,Relatively New,2896.0,1,0,0,0,0,2,49
flat,emaar gurgaon greens,sector 102,1.4,8484.848484848484,3,3,3,10.0,Relatively New,1300.0,0,1,0,0,0,0,46
house,independent,sector 31,3.25,22429.26155969634,4,4,3+,3.0,Moderately Old,1449.0,1,1,1,1,0,1,29
flat,bptp terra,sector 37d,1.98,9036.969420356,3,3,3+,12.0,New Property,1983.0,1,0,0,0,0,1,49
flat,tulip violet,sector 69,1.6,10139.416983523448,3,3,2,0.0,Relatively New,1428.0,0,0,0,1,0,0,166
house,not applicable,sector 11,2.2,12222.222222222224,4,3,2,1.0,Old Property,1800.0,1,0,0,1,0,0,24
flat,ss the leaf,sector 85,1.15,11966.701352757544,2,2,3,20.0,Relatively New,1263.0,0,0,0,1,0,0,107
flat,signature global park,sohna road,0.55,7352.941176470588,2,2,3,4.0,New Property,828.0,0,0,0,0,0,0,80
flat,ramsons kshitij,sector 95,0.29,5178.571428571428,2,2,2,14.0,Relatively New,507.0,0,0,0,0,0,0,50
flat,experion windchants,sector 112,2.8,11470.708725931994,2,3,2,9.0,Relatively New,2441.0,1,1,0,0,0,0,137
flat,m3m golfestate,sector 65,13.2,12000.0,4,4,3,13.0,Moderately Old,12222.0,0,1,0,0,0,0,60
flat,m3m skycity,sector 65,2.85,15590.809628008752,3,3,3,43.0,Relatively New,1828.0,0,0,0,0,0,0,115
flat,mapsko casa bella,sector 82,3.0,6133.714986710284,4,6,3+,25.0,Relatively New,4425.0,0,1,0,1,0,1,119
flat,emaar mgf emerald floors premier,sector 65,2.8,16969.696969696968,3,3,2,3.0,Relatively New,1650.0,0,1,0,0,0,0,105
house,international city by sobha phase 2,sector 109,8.75,24305.555555555555,5,5,3+,3.0,New Property,3600.0,1,1,1,1,0,1,153
flat,la vida by tata housing,sector 113,1.45,11363.636363636364,2,2,2,6.0,Relatively New,1080.0,0,0,0,0,0,0,80
house,dlf city phase 1,sector 26,3.25,3681.0510816627034,3,3,3,2.0,Old Property,8829.0,1,0,0,0,0,0,79
house,international city by sobha phase 1,sector 109,5.5,21602.513747054203,4,4,3+,2.0,New Property,2546.0,0,1,0,0,0,0,61
flat,tulip purple,sector 69,1.92,8000.0,4,5,3+,5.0,Relatively New,2172.0,0,1,0,0,0,1,158
house,ss aaron ville,sector 49,6.75,19736.84210526316,5,4,2,2.0,Old Property,3420.0,1,1,1,0,0,0,78
flat,vatika emilia floors,sector 83,0.6,5714.285714285715,2,2,2,1.0,Relatively New,990.0,0,0,0,0,0,1,167
flat,sagar apartment,sector 56,1.45,7250.0,3,3,3+,7.0,Old Property,1900.0,1,1,0,1,1,0,166
house,uppal southend,sector 49,3.75,25562.37218813906,2,6,3+,3.0,Moderately Old,1467.0,1,0,0,0,0,1,26
flat,antriksh heights,sector 84,0.9,4444.444444444444,3,3,3,18.0,Relatively New,1833.0,0,1,0,1,0,0,59
flat,paras dews,sector 106,1.14,6000.0,3,4,3,8.0,Relatively New,1305.0,1,1,0,0,0,0,49
house,independent,sector 24,1.45,2983.5390946502057,3,3,1,2.0,Old Property,60.0,0,0,0,0,0,0,9
flat,smart world gems,sector 89,1.16,10497.737556561086,3,2,3,1.0,New Property,998.0,1,0,0,0,0,0,49
house,independent,sector 46,4.35,23692.81045751634,3,8,2,3.0,Relatively New,1836.0,1,0,0,1,0,1,19
flat,tulsiani easy in homes,sohna road,0.4,7920.792079207921,2,2,3,9.0,Under Construction,561.0,0,0,0,0,0,0,36
flat,mapsko casa bella,sector 82,1.3,6378.802747791953,4,4,3+,1.0,Relatively New,1774.0,0,1,0,0,0,0,130
flat,emaar gurgaon greens,sector 102,1.4,13685.239491691103,3,3,3,7.0,Relatively New,1315.0,0,1,0,0,0,0,67
flat,signature global the millennia 3,sector 37d,0.5,7142.857142857143,3,3,2,2.0,Relatively New,778.0,0,0,0,0,0,0,31
flat,zara aavaas,sector 104,0.65,8519.003931847968,3,2,2,7.0,New Property,848.0,0,0,0,0,0,0,65
house,sector 38 rwa,sector 38,4.3,28781.793842034807,3,9,3+,3.0,Relatively New,1494.0,0,0,0,1,1,1,41
flat,sobha city,sector 108,3.95,16858.72812633376,4,5,3,25.0,Relatively New,2343.0,0,0,0,0,0,0,59
flat,parsvnath green ville,sector 48,3.3,9984.871406959151,5,5,3+,4.0,Old Property,3305.0,0,1,0,0,0,0,71
flat,m3m skycity,sector 65,2.8,15317.286652078774,3,3,0,14.0,Relatively New,1828.0,0,0,0,0,0,0,39
flat,emaar mgf the palm drive,sector 66,2.85,14615.384615384615,3,3,3,11.0,Relatively New,1950.0,1,0,0,0,0,1,67
house,independent,sector 26,16.0,35555.555555555555,5,6,3,2.0,Old Property,4500.0,0,0,0,0,0,0,0
house,independent,sector 2,0.4,7619.047619047619,2,2,1,1.0,Relatively New,583.0,0,0,0,0,0,0,0
flat,bptp astaire gardens,sector 70a,0.97,6585.2002715546505,3,3,3+,1.0,Relatively New,1339.0,0,0,0,0,1,0,149
house,independent,sector 11,0.95,7307.692307692308,5,3,0,1.0,Moderately Old,1300.0,0,0,0,0,0,0,0
flat,ansal estella,sector 103,1.5,8670.520231213874,3,3,3+,6.0,Under Construction,1741.0,0,0,0,0,0,0,58
flat,mvn athens,sohna road,0.21,4666.666666666667,1,1,1,11.0,New Property,500.0,0,0,0,0,0,0,16
flat,sare green parc 2,sector 92,0.75,4743.833017077799,3,3,3,2.0,Relatively New,1415.0,0,0,0,0,1,1,49
flat,tulip violet,sector 69,1.37,8907.672301690507,3,3,1,12.0,Relatively New,1392.0,0,0,0,0,0,0,116
house,independent,sector 26,7.0,39259.67470555244,5,5,2,3.0,Relatively New,1783.0,0,1,0,0,0,0,9
flat,supertech new soft launch,sector 68,0.84,7118.64406779661,2,2,2,7.0,New Property,1180.0,0,0,0,0,0,0,0
flat,emaar mgf the palm drive,sector 66,2.99,14950.0,3,3,3,7.0,Relatively New,2000.0,0,1,0,0,0,1,49
flat,kamal residence,sohna road,0.4,7633.587786259542,2,2,1,0.0,New Property,582.0,0,0,0,0,1,1,16
flat,maruti kunj,sector 11,0.8,5161.290322580645,3,2,0,0.0,Old Property,1403.0,0,0,0,0,0,0,8
flat,m3m skywalk,sector 74,2.45,12140.733399405352,3,3,3+,25.0,Relatively New,1800.0,1,0,0,0,0,0,137
flat,pareena mi casa,sector 68,1.15,9236.94779116466,2,2,3,8.0,New Property,1127.0,0,0,0,0,0,0,49
flat,indiabulls enigma,sector 110,3.3,9850.746268656716,4,5,3,7.0,Relatively New,3032.0,0,1,0,0,0,0,101
house,independent,sector 57,4.75,28787.878787878788,3,3,3,2.0,Moderately Old,1650.0,0,0,1,0,0,1,96
flat,g l s arawali homes,sohna road,0.26,4513.888888888889,2,2,2,1.0,Moderately Old,521.0,0,0,0,0,0,0,0
house,independent,sector 26,6.0,33333.333333333336,3,5,3+,3.0,Old Property,1800.0,0,0,0,0,0,1,9
house,prem kunj,sohna road road,0.5,7407.407407407408,2,4,3,3.0,Relatively New,725.0,0,0,0,1,0,0,22
flat,bhagwati sadan,sector 12,1.15,5499.760879961741,3,4,2,2.0,Old Property,2000.0,0,1,0,0,1,0,0
flat,kashish manor one,sector 111,1.65,7096.774193548387,3,4,3+,14.0,Under Construction,2104.0,0,1,0,0,1,0,8
flat,shapoorji pallonji joyville gurugram,sector 102,1.8,10638.297872340425,3,3,3,5.0,Relatively New,1531.0,0,0,0,0,0,0,49
flat,tata primanti,sector 72,4.25,13076.923076923076,4,4,3+,0.0,Relatively New,2941.0,0,1,0,0,0,1,174
flat,cghs airport apartment,sector 47,1.65,7857.142857142857,3,3,3,1.0,Old Property,1906.0,0,0,0,0,1,1,136
flat,breez global hill view,sohna road,2.6,5214.600882470919,2,2,2,6.0,New Property,4986.0,0,0,0,0,0,0,42
flat,ats kocoon,sector 109,2.2,10022.779043280185,3,4,3,8.0,Relatively New,1860.0,0,1,0,0,0,0,156
flat,corona optus,sector 37c,1.43,7185.929648241206,3,3,3+,2.0,Relatively New,1834.0,0,1,0,0,1,0,49
flat,experion windchants,sector 112,6.5,10416.666666666666,4,5,3,11.0,Relatively New,4800.0,0,0,0,0,0,0,55
flat,vatika lifestyle homes,sector 83,1.05,5982.905982905983,3,3,2,14.0,Relatively New,1588.0,1,1,1,1,0,1,174
house,independent,sector 11,0.44,4251.207729468599,3,2,1,1.0,Relatively New,128.0,0,0,0,1,1,0,46
flat,godrej oasis,sector 88a,1.4,7567.567567567567,3,3,3+,4.0,Relatively New,1674.0,0,0,0,0,0,1,38
flat,signature global park 4,sector 36,0.72,6660.49953746531,3,2,3,3.0,Under Construction,978.0,0,0,0,0,0,0,0
flat,dlf the ultima,sector 81,3.5,11686.143572621037,4,5,3+,7.0,Relatively New,2577.0,0,1,0,0,0,2,174
flat,emaar mgf the palm drive,sector 66,3.5,16470.58823529412,3,4,3,6.0,Relatively New,2150.0,0,1,0,0,0,0,68
flat,ansal housing highland park,sector 103,0.8,5878.030859662013,2,2,2,9.0,Relatively New,1361.0,0,0,0,0,0,0,0
flat,tarc maceo,sector 91,1.9,6975.03671071953,4,4,3,9.0,Relatively New,2465.0,0,1,0,0,0,0,120
flat,prime habitat,sector 99a,0.27,6053.811659192825,2,2,1,10.0,Relatively New,498.0,0,0,0,0,0,0,67
flat,eldeco accolade,sohna road,0.71,4906.703524533517,2,2,3+,10.0,Relatively New,1131.0,1,0,0,0,0,0,49
flat,birla navya,sector 63a,2.2,17488.076311605724,2,3,3+,4.0,Relatively New,997.0,0,0,0,0,0,0,60
flat,experion windchants,sector 112,3.65,12310.286677908938,3,4,3+,14.0,Relatively New,2225.56,0,1,0,0,0,1,150
house,independent,sector 27,8.0,26298.48783694937,9,9,3,4.0,Relatively New,3042.0,1,1,1,1,0,2,110
flat,sare homes,sector 92,0.5,4237.28813559322,3,3,2,1.0,Relatively New,1068.0,0,0,0,0,0,0,26
flat,m3m soulitude,sector 89,1.25,8784.258608573437,3,3,0,4.0,New Property,1423.0,0,0,0,0,0,0,61
flat,dlf the skycourt,sector 86,1.72,8916.537065837221,3,3,1,8.0,Relatively New,1746.0,0,0,0,0,1,1,49
flat,tulip violet,sector 69,1.7,10773.130544993664,3,3,2,0.0,Relatively New,1428.0,0,0,0,1,0,0,49
house,independent,sector 67,3.0,11904.761904761905,4,4,0,3.0,Moderately Old,2800.0,0,0,0,0,0,0,0
flat,vatika seven elements,sector 89,1.6,8163.265306122449,3,3,3,5.0,New Property,1774.0,0,0,0,0,0,0,58
flat,corona optus,sector 37c,1.44,7236.180904522613,3,3,3+,2.0,Relatively New,1789.0,1,1,0,0,1,0,49
flat,dlf the ultima,sector 81,2.45,11491.55722326454,3,3,2,9.0,Relatively New,1800.0,0,1,0,0,0,1,174
flat,pivotal devaan,sector 84,0.27,7964.601769911505,1,1,1,13.0,Relatively New,387.0,0,0,0,0,0,2,45
flat,signature global the millennia,sector 37d,0.65,10906.040268456376,2,2,3,0.0,New Property,625.0,0,0,0,0,0,0,40
flat,m3m heights,sector 65,2.01,13498.992612491606,2,2,3,8.0,New Property,1482.0,1,0,0,0,0,0,44
house,independent,sector 8,0.32,7111.111111111111,2,3,1,1.0,Relatively New,450.0,0,0,0,0,0,0,0
house,independent,sector 26,19.0,42222.22222222222,6,8,3+,3.0,Moderately Old,4500.0,1,1,1,1,0,1,103
house,sushant lok 1 builder floors,sector 43,1.65,3395.061728395062,4,4,3+,4.0,Moderately Old,540.0,0,0,0,0,1,2,49
flat,ss the leaf,sector 85,2.0,8305.647840531561,3,4,3,8.0,Relatively New,2179.0,0,1,0,0,0,0,21
flat,bestech park view sanskruti,sector 92,1.55,7769.423558897243,3,4,3,8.0,Relatively New,1805.0,0,1,0,0,0,0,49
house,ardee city,sector 52,5.5,20370.37037037037,9,9,3+,3.0,Moderately Old,2700.0,0,1,0,1,1,1,26
flat,ats kocoon,sector 109,1.68,9627.507163323782,3,3,3,8.0,Relatively New,1579.0,0,0,0,0,0,0,142
flat,bestech altura,sector 79,1.85,8604.651162790698,3,3,3,7.0,New Property,1650.0,0,1,0,0,0,0,53
flat,ss the leaf,sector 85,1.05,6402.439024390244,2,2,3,6.0,Relatively New,1484.0,0,0,0,0,1,0,49
flat,ramprastha skyz,sector 37d,1.1,6376.811594202899,3,3,3+,7.0,Relatively New,1561.0,0,0,0,0,0,0,109
flat,umang monsoon breeze,sector 78,0.7,5718.954248366013,2,2,2,5.0,Moderately Old,1224.0,0,0,0,0,0,0,0
flat,ansal housing highland park,sector 103,0.8,5878.030859662013,2,2,3,3.0,New Property,1089.0,0,0,0,1,0,0,174
flat,shree vardhman victoria,sector 70,1.65,8461.538461538461,3,3,2,6.0,Relatively New,2167.0,1,0,0,0,0,0,72
flat,breez global hill view,sohna road,0.32,5470.08547008547,2,2,1,17.0,New Property,1000.0,0,0,0,0,0,0,49
flat,gls arawali homes,sohna road,0.28,4307.692307692308,2,2,2,12.0,New Property,588.0,0,0,0,0,0,0,0
flat,eldeco accolade,sohna road,1.14,6529.209621993127,3,3,3+,4.0,Relatively New,1382.0,0,0,0,0,0,0,157
flat,signature global park 4,sector 36,0.85,11333.333333333334,3,2,3,1.0,New Property,833.0,0,0,0,0,0,0,33
flat,m3m woodshire,sector 107,0.9,6588.579795021962,2,2,3+,10.0,Relatively New,1236.0,0,0,0,0,1,1,49
flat,shapoorji pallonji joyville,sector 102,1.1,12021.857923497268,2,2,1,7.0,Relatively New,915.0,0,0,0,0,0,0,0
flat,paras dews,sector 106,1.17,6647.727272727273,3,4,3+,12.0,Relatively New,1186.0,0,1,0,0,0,0,49
house,independent,sector 43,5.75,23662.551440329215,4,4,2,4.0,Moderately Old,2430.0,0,1,1,0,0,2,153
flat,unitech the residences,sector 33,1.1,9909.90990990991,2,2,3,9.0,Moderately Old,1100.0,0,0,0,0,0,1,44
flat,antriksh heights,sector 84,0.92,5041.095890410959,3,3,3,2.0,Relatively New,1652.0,1,0,0,1,0,0,67
flat,sare homes,sector 92,0.82,5384.110308601445,3,3,3+,12.0,Relatively New,1221.18,0,0,0,0,0,0,114
flat,emaar mgf emerald floors premier,sector 65,3.0,15189.87341772152,4,4,3+,2.0,Relatively New,1975.0,0,1,0,0,0,0,87
flat,trisara our homes 3,sohna road,0.35,5564.387917329093,2,2,1,2.0,New Property,699.0,0,0,0,0,0,0,74
flat,mapsko mount ville,sector 79,1.55,8539.944903581267,3,4,3,11.0,Relatively New,1416.0,0,1,0,0,0,1,152
flat,m3m heights,sector 65,2.25,13611.615245009074,2,2,3,5.0,Relatively New,1592.0,0,0,0,0,0,0,48
flat,aipl the peaceful homes,sector 70a,2.55,11860.46511627907,3,3,3,20.0,New Property,2000.0,0,1,0,1,1,1,150
flat,sbtl caladium,sector 109,1.2,6382.978723404255,3,2,2,8.0,Relatively New,1701.0,0,0,0,0,0,0,151
flat,signature global park,sohna road,0.7,6071.118820468343,3,3,3,2.0,Relatively New,1281.0,0,0,0,1,0,0,152
flat,godrej aria,sector 79,1.3,8843.537414965986,2,2,2,7.0,Relatively New,1330.0,1,0,0,0,0,1,116
flat,piedmont taksila heights,sector 37c,0.9,5855.562784645414,3,3,3,9.0,Moderately Old,1537.0,0,0,0,0,0,1,94
flat,emaar mgf emerald floors premier,sector 65,2.85,14430.379746835442,4,4,3,2.0,Relatively New,1975.0,1,1,0,0,0,0,21
house,independent,sector 11,1.8,8078.994614003591,8,5,2,1.0,Moderately Old,2476.0,0,0,0,0,0,0,0
flat,sare crescent parc,sector 92,1.0,4777.830864787386,4,4,3,9.0,Relatively New,2093.0,0,0,0,0,0,0,0
flat,tulip violet,sector 69,1.7,8457.711442786069,4,4,2,10.0,Relatively New,1804.0,1,1,1,1,0,0,174
flat,whiteland the aspen,sector 76,3.35,17613.038906414302,3,4,3+,5.0,Under Construction,2111.0,0,1,0,0,0,2,151
flat,sare homes,sector 92,1.1,5347.593582887701,4,4,3,4.0,Relatively New,2286.0,0,1,0,0,0,0,108
flat,bestech park view grand spa,sector 81,4.0,9523.809523809525,4,5,3+,15.0,Relatively New,3801.0,0,1,0,0,0,1,127
flat,m3m woodshire,sector 107,1.45,6141.465480728505,3,4,3+,7.0,Relatively New,1900.0,0,1,0,0,0,0,67
flat,godrej summit,sector 104,0.85,5878.284923928078,2,2,3+,10.0,Relatively New,1269.0,1,0,0,0,0,0,79
flat,global hill view,sector 11,0.36,5150.214592274678,2,2,0,15.0,Relatively New,699.0,0,0,0,0,0,0,0
flat,satya element one,sector 49,0.8,11111.111111111111,1,1,1,0.0,Moderately Old,720.0,0,0,0,0,0,0,0
flat,emaar gurgaon greens,sector 102,1.42,8606.060606060606,3,3,3,7.0,Relatively New,1315.0,0,1,0,0,0,0,128
flat,dlf the belaire,sector 54,7.0,23333.33333333333,4,6,3+,12.0,Moderately Old,2715.0,0,1,1,1,0,1,108
flat,tata primanti,sector 72,3.5,11426.705843943846,4,5,3+,10.0,Relatively New,2625.0,0,1,0,0,1,0,38
house,independent,sector 54,3.75,26041.666666666668,4,4,3,3.0,Moderately Old,1440.0,0,1,0,0,0,1,13
house,independent,sector 8,0.62,11272.727272727272,3,1,0,2.0,Moderately Old,550.0,0,0,0,0,0,0,0
flat,experion the heartsong,sector 108,0.93,6078.431372549019,2,3,3,10.0,Relatively New,1161.0,0,0,0,0,0,0,81
flat,umang monsoon breeze,sector 78,0.9,4615.384615384615,3,3,2,1.0,Moderately Old,1900.0,0,1,0,1,0,0,65
flat,dlf the skycourt,sector 86,1.58,8190.772420943494,3,3,1,16.0,Relatively New,1750.0,0,0,0,1,0,1,152
flat,elan mercado,sector 80,0.85,12408.759124087592,1,1,1,15.0,Relatively New,761.0,0,0,0,0,0,0,60
flat,tulsiani easy in homes,sohna road,0.4,6722.689075630252,2,2,3,12.0,New Property,661.0,0,0,0,0,0,0,36
flat,sushant lok 1 builder floors,sector 43,2.5,12919.896640826872,3,3,2,2.0,New Property,195.0,0,0,0,0,0,0,0
flat,m3m sky lofts,sector 71,1.0,11494.25287356322,1,1,1,9.0,Moderately Old,869.0,0,0,0,0,0,0,77
flat,meditech apartment,sector 56,2.45,8166.666666666667,4,4,3+,1.0,Relatively New,2900.0,0,0,0,0,1,1,118
flat,ats triumph,sector 104,2.5,7936.507936507936,4,4,3+,14.0,New Property,2851.0,0,1,0,0,0,0,21
flat,paras dews,sector 106,1.35,8940.397350993377,4,3,3,19.0,Old Property,1678.0,0,1,0,0,0,0,112
flat,vatika gurgaon,sector 83,1.4,7179.48717948718,4,4,3,10.0,Relatively New,2167.0,0,1,0,0,0,0,35
flat,apna enclave,sector 3,0.58,6105.263157894737,2,2,2,2.0,Old Property,900.0,0,0,0,0,0,0,66
flat,bestech park view spa next,sector 67,2.72,11574.468085106382,4,4,3+,0.0,Relatively New,2250.0,0,1,0,1,0,1,128
flat,aipl the peaceful homes,sector 70a,2.3,10697.67441860465,3,3,3,3.0,Relatively New,1946.0,0,0,1,0,0,1,124
flat,unitech heritage city,sector 14,4.26,13107.692307692309,4,4,0,9.0,Old Property,3250.0,0,0,0,0,0,0,0
flat,smriti apartment,sector 56,0.52,10655.737704918032,1,1,1,1.0,Old Property,475.0,0,0,0,0,0,0,34
flat,"godrej 101, sector 79",sector 79,1.25,9038.322487346348,2,2,3,1.0,Relatively New,1383.0,0,0,0,0,0,0,0
house,emaar mgf marbella,sector 66,8.8,41607.565011820334,4,4,3+,3.0,Relatively New,2115.0,0,1,1,1,0,0,107
flat,ss the leaf,sector 85,1.77,7350.498338870432,3,4,3+,7.0,New Property,2179.0,0,0,1,0,0,0,107
flat,suncity avenue,sector 102,0.48,9022.556390977445,2,2,1,5.0,Relatively New,582.0,0,0,1,0,0,0,159
flat,bestech park view residency,sector 2,0.98,6261.980830670927,2,2,3,14.0,Moderately Old,1416.0,1,0,0,0,0,0,92
flat,smart world orchard,sector 61,1.55,13478.260869565218,2,2,1,3.0,Under Construction,1041.0,1,0,0,0,0,0,43
flat,experion the heartsong,sector 108,1.25,9259.25925925926,3,3,3,1.0,Relatively New,1500.0,0,1,0,1,0,0,174
flat,adani m2k oyster grande,sector 102,2.5,7817.385866166354,4,5,3+,5.0,Relatively New,2894.0,0,1,0,0,0,0,76
flat,shri ram apartments,sector 4,0.36,3789.4736842105262,2,2,1,4.0,Relatively New,1056.0,0,0,0,0,0,0,0
flat,m3m merlin,sector 67,3.5,14583.333333333334,3,4,3,17.0,Relatively New,2225.0,0,1,1,0,0,1,167
house,eros rosewood villas,sector 49,2.75,19841.26984126984,3,3,1,2.0,Old Property,1386.0,0,0,0,0,1,1,80
flat,m3m woodshire,sector 107,1.49,6310.885218127912,3,4,3+,5.0,Relatively New,2137.0,0,1,1,0,0,1,174
flat,tulip violet,sector 69,1.6,10139.416983523448,3,3,2,0.0,Relatively New,1428.0,0,0,0,1,0,0,49
flat,signature global city 92,sector 92,0.78,8049.53560371517,2,2,2,2.0,New Property,1083.0,0,0,0,0,0,1,47
flat,raheja vedas,sector 108,2.15,4133.820419150164,3,4,3+,12.0,Relatively New,4600.0,1,0,0,0,0,0,0
flat,ss the leaf,sector 85,1.83,7609.147609147609,3,4,3,9.0,Relatively New,1925.0,0,0,0,0,0,0,49
flat,ats tourmaline,sector 109,1.4,8000.0,3,3,3+,12.0,Relatively New,1584.0,0,0,0,0,1,0,65
flat,ramprastha city,dwarka expressway,1.3,9285.714285714286,3,3,2,3.0,Under Construction,1267.0,0,0,0,0,0,0,0
house,suncity township,sector 54,25.0,31110.0049776008,4,4,3+,2.0,Moderately Old,8036.0,1,1,1,1,0,0,0
flat,the new crpf apartments,sector 9a,0.75,5813.953488372093,3,3,3,6.0,Old Property,1433.0,0,0,0,1,0,0,31
house,independent,sector 105,1.3,11555.555555555557,3,3,1,1.0,Moderately Old,1125.0,0,0,0,0,0,0,0
flat,dlf the skycourt,sector 86,2.2,11500.26136957658,3,3,1,7.0,Relatively New,1747.0,0,0,0,1,0,2,77
flat,ss the leaf,sector 85,1.77,7350.498338870432,3,4,3,6.0,Moderately Old,1450.0,0,1,0,0,0,1,135
flat,m3m heights,sector 65,2.15,15003.489183531054,2,2,3+,28.0,Relatively New,1433.0,0,0,0,0,0,0,48
flat,deepak minda,manesar,1.25,4715.201810637495,4,4,3+,6.0,Moderately Old,2946.0,0,0,0,0,0,1,44
flat,vatika the seven lamps,sector 82,0.89,8846.918489065607,2,2,2,14.0,Relatively New,1202.0,1,0,0,0,0,1,129
flat,ashiana mulberry,sohna road,1.05,5412.371134020618,2,2,3,1.0,New Property,1175.97,1,0,0,0,0,0,49
flat,signature global city 81,sector 81,0.82,8640.674394099051,2,2,3,2.0,Relatively New,955.0,0,0,0,0,0,0,53
flat,ansal heights,sector 92,0.6,4545.454545454545,2,2,3,11.0,Under Construction,1195.0,0,0,0,0,1,0,23
flat,corona optus,sector 37c,1.27,7203.630175836642,3,3,3,2.0,Relatively New,1581.0,1,0,0,0,1,0,49
flat,ats tourmaline,sector 109,1.75,10000.0,3,3,3,4.0,New Property,1466.0,0,0,0,0,0,0,31
house,satya the hermitage,sector 103,4.35,13500.93109869646,4,4,3+,2.0,Relatively New,3222.0,1,1,1,1,0,0,138
flat,avl 36 gurgaon,sector 36a,0.5,8333.333333333334,1,1,1,5.0,Relatively New,600.0,0,0,0,0,0,0,0
flat,sobha city,sector 108,2.9,14478.282576135796,3,4,2,8.0,New Property,2003.0,0,0,0,0,0,0,109
flat,ashiana mulberry,sohna road,0.95,6484.641638225256,2,2,3+,3.0,New Property,1175.97,1,0,0,0,0,0,89
house,independent,sector 28,1.45,8002.207505518763,3,2,1,1.0,Relatively New,1800.0,0,0,0,0,0,0,0
house,ansal sushant lok plots,sector 43,7.0,25925.925925925927,5,5,3+,3.0,Relatively New,2700.0,1,1,0,1,0,1,41
flat,m3m the tree of life,sector 111,2.35,14551.08359133127,3,3,3+,5.0,Relatively New,1615.0,0,0,0,0,0,0,0
flat,indiabulls enigma,sector 110,3.7,10882.35294117647,4,5,3,7.0,Relatively New,3077.0,0,1,0,0,0,0,156
flat,raheja sampada,sector 92,0.65,4744.525547445255,3,2,3,6.0,Relatively New,1240.0,0,0,0,0,0,0,49
house,eldeco mansionz,sector 48,4.95,20599.250936329587,7,7,3+,2.0,Old Property,2403.0,1,1,1,1,0,1,145
flat,conscient heritage max,sector 102,1.75,9062.661833247024,3,4,3+,16.0,Relatively New,1748.0,0,1,0,0,0,0,134
flat,m3m merlin,sector 67,3.0,14655.593551538836,3,3,3+,4.0,Relatively New,2047.0,0,0,1,0,0,1,174
flat,shri balaji apartment,sector 12,0.35,4036.9088811995375,2,2,1,1.0,Moderately Old,737.0,0,0,0,0,0,0,23
flat,krisumi waterfall residences,sector 36a,2.2,14874.915483434754,2,2,2,23.0,New Property,1338.0,0,0,0,0,0,0,15
flat,godrej meridien,sector 106,3.2,16000.0,3,3,3+,6.0,Relatively New,2224.0,0,1,0,0,0,0,49
flat,conscient heritage max,sector 102,1.7,11333.333333333334,3,4,3+,8.0,Relatively New,1700.0,0,1,0,1,0,1,174
flat,signature global infinity mall,sector 36,0.41,6269.113149847095,2,2,3,3.0,New Property,654.0,0,0,0,0,0,0,0
flat,conscient elevate,sector 59,3.78,16499.345264076823,3,3,3,3.0,Under Construction,2550.0,0,0,0,0,0,0,31
flat,paras dews,sector 106,1.15,7419.354838709677,3,3,3,11.0,Relatively New,1650.0,0,1,0,1,0,1,174
flat,corona optus,sector 37c,1.26,7249.712313003452,3,3,3,4.0,New Property,1400.0,0,0,0,0,0,0,28
house,independent,sector 39,1.7,17989.41798941799,2,2,3+,3.0,Moderately Old,900.0,0,1,1,0,0,0,45
flat,experion the heartsong,sector 108,1.2,6825.938566552901,3,2,3+,11.0,Relatively New,1550.0,0,1,0,1,0,1,174
flat,dlf the primus,sector 82a,2.25,10714.285714285714,3,3,3+,29.0,Relatively New,2333.0,0,1,0,0,0,2,72
flat,sare homes,sector 92,1.18,5207.413945278023,4,4,3,8.0,Relatively New,2518.0,0,1,0,0,0,0,108
flat,elan the presidential,sector 106,3.9,15918.367346938776,3,3,0,20.0,Relatively New,2450.0,0,0,0,0,0,0,66
flat,unitech vistas,sector 70,0.99,6325.878594249201,3,4,2,11.0,Under Construction,1416.0,0,0,0,0,0,0,0
flat,ansal heights 86,sector 86,0.82,6029.411764705882,2,2,1,12.0,New Property,1300.0,0,0,0,0,0,0,49
flat,umang monsoon breeze,sector 78,1.05,5666.486778197517,3,3,3,6.0,Moderately Old,1853.0,0,0,0,0,0,0,0
flat,rof ananda,sector 95,0.38,5900.621118012423,3,2,1,2.0,Relatively New,716.0,0,0,0,1,0,1,66
flat,mapsko mount ville,sector 79,1.4,9395.973154362417,3,3,3,2.0,New Property,1656.0,0,0,0,0,0,1,112
flat,ss the leaf,sector 85,2.13,7574.679943100996,4,4,3,2.0,Relatively New,2600.0,0,0,0,0,0,0,49
flat,emaar mgf emerald floors premier,sector 65,2.35,14242.424242424242,3,3,2,4.0,Relatively New,1650.0,1,1,0,0,0,0,165
flat,om apartment dayanand colony,sector 5,0.26,4369.747899159664,1,1,1,3.0,Relatively New,648.0,0,0,0,0,0,0,14
flat,signature global city 37d ph 2,sector 37d,1.07,8237.10546574288,3,3,2,2.0,Relatively New,1450.0,0,0,0,0,0,0,86
flat,chd avenue,sector 71,0.95,7929.883138564273,2,2,2,5.0,Moderately Old,1084.0,0,0,0,0,0,1,142
house,independent,sector 12,2.75,12342.908438061042,6,6,2,2.0,Old Property,2228.0,0,0,0,0,0,0,0
flat,tulip violet,sector 69,1.7,8457.711442786069,4,4,2,1.0,Relatively New,1819.0,0,0,0,0,0,0,126
flat,shree vardhman flora,sector 90,0.65,4814.814814814815,2,2,3,3.0,Relatively New,1222.0,1,0,0,0,0,0,106
house,independent,sector 11,2.1,17283.95061728395,2,6,3+,3.0,Relatively New,135.0,0,0,0,0,0,0,14
flat,ansal maple heights,sector 43,1.5,12658.227848101264,3,3,3+,7.0,Old Property,1385.0,0,0,1,0,0,1,174
flat,tulip violet,sector 69,1.4,8871.989860583017,3,3,2,11.0,Relatively New,1428.0,0,0,0,1,0,0,126
flat,friends apartment,sector 52,2.0,8510.63829787234,4,3,3,5.0,Moderately Old,2091.0,0,1,0,0,0,2,111
house,independent,sector 25,6.5,36111.11111111111,4,4,3+,2.0,Moderately Old,1800.0,1,1,1,1,0,0,61
flat,pioneer araya,sector 62,10.75,19499.36513694903,5,7,3,10.0,Relatively New,4990.0,0,1,0,0,0,1,153
flat,assotech blith,sector 99,0.92,6739.92673992674,2,2,3+,22.0,Under Construction,1235.0,0,0,0,0,0,0,56
flat,tulip violet,sector 69,1.32,8413.00191204589,3,3,1,12.0,Relatively New,1419.0,0,0,0,1,0,1,86
flat,dlf new town heights,sector 90,1.25,6503.642039542144,3,3,3+,5.0,Relatively New,1929.0,0,1,0,1,0,0,127
flat,bestech altura,sector 79,1.9,9000.473709142587,3,4,2,11.0,New Property,2389.0,0,1,0,0,0,0,49
flat,rose apartment,sector 28,3.0,10482.180293501047,3,5,3+,8.0,Old Property,2590.0,0,0,0,0,0,0,0
flat,vatika gurgaon,sector 83,0.78,6265.060240963855,2,2,2,3.0,Relatively New,850.0,1,0,0,1,0,1,165
flat,vatika the seven lamps,sector 82,0.85,5977.496483825597,2,2,2,9.0,Relatively New,1294.0,1,0,0,0,0,0,117
flat,dlf icon,sector 43,5.8,20706.89039628704,4,4,3+,18.0,Old Property,2801.0,0,0,0,0,0,0,0
flat,shree vardhman flora,sector 90,0.86,6254.545454545455,3,4,3,0.0,Relatively New,1525.0,0,1,0,0,0,1,84
flat,signature global synera,sector 81,0.39,6500.0,2,2,2,6.0,Relatively New,667.0,0,0,0,0,0,0,37
flat,dlf the ultima,sector 81,2.3,14603.174603174602,3,4,3+,27.0,Relatively New,1825.0,0,1,0,0,0,1,119
flat,ambience caitriona,sector 24,14.0,22222.222222222223,4,5,3,3.0,Old Property,6300.0,0,0,0,0,0,0,0
flat,shree vardhman victoria,sector 70,1.65,8461.538461538461,3,4,3,12.0,Relatively New,1765.0,0,1,1,0,0,0,56
flat,tulip violet,sector 69,1.3,8447.043534762834,3,3,1,12.0,Relatively New,1392.0,0,0,0,1,0,1,94
flat,ireo skyon,sector 60,3.7,13214.285714285714,4,5,3,10.0,Relatively New,2534.0,0,1,0,0,0,1,165
flat,dlf the ultima,sector 81,2.34,11185.46845124283,3,4,3+,14.0,Relatively New,1760.0,0,1,0,0,0,2,174
flat,tulip white,sector 69,0.91,6862.745098039216,3,2,2,12.0,Moderately Old,1473.0,0,0,0,0,0,0,43
house,international city by sobha phase 2,sector 109,10.0,27777.777777777777,4,5,3+,2.0,New Property,3600.0,1,1,0,1,1,1,49
flat,signature global rosellia,sector 95,0.45,8754.863813229573,2,2,2,14.0,New Property,571.0,0,0,0,0,0,0,24
flat,godrej nature plus,sector 33,1.15,11557.788944723618,2,2,2,15.0,New Property,103.0,0,0,0,0,0,0,38
flat,ss the leaf,sector 85,1.2,7317.073170731707,2,2,3,12.0,Relatively New,1484.0,0,0,0,0,0,1,157
house,independent,sector 46,5.65,23869.877482044783,8,6,3+,3.0,Moderately Old,2367.0,0,1,0,0,0,1,67
flat,dlf regency park,sector 28,2.35,13224.535734383791,3,4,3,8.0,Old Property,1700.0,0,1,0,0,0,1,109
flat,umang winter hills,sector 77,1.4,6340.579710144928,3,3,3,10.0,Relatively New,1735.0,0,0,0,0,0,0,28
flat,eldeco accolade,sohna road,0.85,6724.683544303797,2,2,3,10.0,New Property,978.0,0,0,0,0,0,0,72
flat,tulip violet,sector 69,1.66,10134.310134310132,3,3,2,0.0,Relatively New,1482.0,0,0,0,0,0,0,157
flat,dlf the grove,sector 54,5.7,41244.57308248914,3,3,3,1.0,Moderately Old,1382.0,0,0,0,0,0,0,46
flat,ireo uptown,sector 66,2.4,13064.7795318454,3,2,3,5.0,Relatively New,1700.0,0,1,0,0,0,1,156
flat,gls avenue 51,sector 92,0.45,6000.0,3,3,1,10.0,Relatively New,833.0,0,0,0,0,0,0,0
flat,tata primanti,sector 72,3.9,13425.129087779693,4,4,3+,39.0,Relatively New,2509.0,0,1,0,0,1,0,49
house,ansals palam vihar,sector 2,5.7,14728.682170542636,5,5,2,2.0,Old Property,4550.0,0,0,0,1,0,2,94
flat,shapoorji pallonji joyville gurugram,sector 102,1.4,11666.666666666666,2,2,3,0.0,Relatively New,1286.0,0,0,0,0,0,0,80
house,unitech palms south city 1,sector 41,9.35,28858.024691358023,10,10,3+,4.0,Moderately Old,7500.0,1,1,0,0,0,1,70
flat,suposhaa smartworld orchard,sector 61,2.17,14000.0,3,3,3,1.0,Under Construction,1721.0,0,0,0,0,0,0,0
flat,microtek greenburg,sector 86,1.3,8754.208754208754,2,2,3,10.0,Relatively New,1339.0,1,0,0,0,0,0,38
flat,bestech park view city,sector 48,2.7,11713.665943600869,3,3,3+,7.0,Relatively New,2000.0,1,1,0,0,0,1,174
flat,shapoorji pallonji joyville gurugram,sector 102,1.4,10378.057820607855,2,2,2,11.0,New Property,1166.0,0,0,0,0,0,1,49
flat,tata primanti,sector 72,3.3,15102.974828375283,3,4,3+,15.0,New Property,2185.0,0,1,0,0,0,2,174
flat,m3m skycity,sector 65,3.0,16411.37855579869,3,3,3,17.0,Under Construction,1828.0,0,0,0,0,0,0,99
flat,ss the leaf,sector 85,2.3,8179.23186344239,4,4,3+,8.0,Relatively New,2545.0,0,1,0,0,0,0,21
flat,smart world orchard,sector 61,1.5,12500.0,2,2,2,2.0,Under Construction,1333.0,1,0,0,0,0,0,49
flat,chd avenue,sector 71,0.82,7081.1744386873925,2,2,2,6.0,Moderately Old,1086.0,0,0,0,0,0,0,0
flat,ramprastha primera,sector 37d,1.1,6111.111111111111,3,3,3,6.0,Relatively New,1700.0,0,0,0,0,0,0,149
house,independent,sector 26,23.0,25555.555555555555,4,4,3+,2.0,Relatively New,9000.0,1,1,1,1,0,1,145
flat,m3m skywalk,sector 74,1.54,11000.0,2,2,3+,22.0,Relatively New,1200.0,0,0,0,0,1,0,137
flat,smart world gems,sector 89,1.2,8432.8882642305,3,3,2,3.0,New Property,1423.0,1,0,0,0,1,0,37
flat,ss hibiscus,sector 50,6.0,12272.448353446513,4,3,3,5.0,Moderately Old,3982.0,0,1,0,0,0,0,31
flat,unitech uniworld gardens,sector 47,2.4,11505.273250239694,3,4,3+,10.0,Moderately Old,1916.0,0,1,0,0,0,0,103
flat,ambience creacions,sector 22,4.78,15469.25566343042,3,4,3,7.0,Relatively New,2500.0,0,1,0,0,1,2,111
flat,krrish provence estate,gwal pahari,5.25,9051.724137931034,4,5,3+,2.0,New Property,5249.0,1,1,0,1,0,0,49
flat,m3m woodshire,sector 107,1.01,7393.850658857979,2,2,3+,11.0,New Property,1200.0,0,0,0,0,1,0,74
flat,supertech araville,sector 79,0.78,6023.166023166024,2,2,3+,17.0,Relatively New,1172.0,0,0,0,0,0,0,24
house,dlf city phase 1,sector 26,5.5,30555.555555555555,4,4,3,2.0,Moderately Old,1800.0,1,1,0,1,0,0,69
flat,emaar mgf emerald estate,sector 65,1.73,12401.433691756272,3,3,3,9.0,Relatively New,1262.0,0,1,0,0,0,2,159
flat,vatika city,sector 49,1.79,12785.714285714286,3,3,3,9.0,Old Property,1556.0,0,1,0,0,0,0,38
flat,tulip violet,sector 69,1.4,9102.730819245771,3,3,1,12.0,Relatively New,1392.0,0,0,0,0,0,1,157
flat,indiabulls enigma,sector 110,3.4,10000.0,4,5,3,3.0,Relatively New,3077.0,0,1,1,0,0,0,90
flat,conscient heritage max,sector 102,2.1,9771.98697068404,3,4,3+,10.0,Relatively New,1945.0,1,1,0,0,0,0,53
flat,eldeco accolade,sohna road,0.95,6176.853055916775,2,2,3+,8.0,Under Construction,1050.0,1,0,0,0,1,0,72
flat,gls avenue 51,sector 92,0.21,6953.64238410596,1,1,1,0.0,Relatively New,336.0,0,0,0,0,0,0,63
flat,bestech park view residency,sector 2,1.36,7644.744238336144,3,3,3+,5.0,Moderately Old,1611.0,0,0,0,0,0,0,84
flat,shapoorji pallonji joyville gurugram,sector 102,1.35,9933.774834437088,2,2,2,9.0,Relatively New,1230.0,0,0,0,0,0,0,100
flat,ss the leaf,sector 85,2.0,6578.9473684210525,4,5,3+,1.0,Relatively New,2545.0,0,1,1,0,0,0,106
flat,bptp terra,sector 37d,1.5,8282.716731087798,3,3,3,17.0,Relatively New,1692.0,0,0,0,0,1,0,49
flat,shree vardhman flora,sector 90,0.66,5076.923076923077,2,2,3,4.0,Relatively New,1122.0,1,0,0,0,0,0,119
flat,m3m heights,sector 65,1.95,15996.718621821165,2,2,3,16.0,Under Construction,1141.0,0,0,0,0,0,0,44
flat,ramprastha the edge towers,sector 37d,1.1,5527.638190954774,3,3,3,9.0,Relatively New,1990.0,0,0,0,0,0,0,63
flat,m3m skywalk,sector 74,1.78,12500.0,2,2,3+,12.0,Relatively New,1582.0,0,0,0,0,0,0,63
flat,vatika gurgaon,sector 83,0.84,6746.987951807229,2,2,2,7.0,Moderately Old,1127.0,0,0,0,0,0,1,157
flat,signature the serenas,sohna road,0.45,8474.57627118644,2,2,1,10.0,New Property,590.0,0,0,0,0,0,0,23
house,independent,sector 4,2.35,16319.444444444443,4,4,2,2.0,Old Property,160.0,0,0,0,1,0,0,43
flat,dlf park place,sector 54,4.85,25866.666666666668,3,4,3+,25.0,Relatively New,1875.0,0,1,0,0,0,1,26
flat,senate court,sector 62,0.9,14084.50704225352,1,1,0,0.0,Relatively New,639.0,0,0,0,0,0,0,0
flat,alpha corp gurgaonone,sector 84,2.24,6523.005241700641,4,4,3,12.0,Relatively New,3165.0,0,1,0,0,0,0,20
flat,godrej air,sector 85,1.75,9589.04109589041,3,3,2,27.0,Relatively New,1825.0,0,0,0,0,0,0,44
house,independent,sector 67,1.5,8640.552995391705,5,3,2,2.0,New Property,200.0,0,0,0,0,0,0,0
flat,experion windchants,sector 112,5.49,11584.722515298588,4,5,3+,5.0,Relatively New,3655.35,0,1,0,0,0,1,168
flat,puri diplomatic greens,sector 111,2.65,11963.88261851016,3,4,3+,19.0,Relatively New,2005.0,1,1,1,1,0,0,65
flat,sare crescent parc,sector 92,0.8,6033.18250377074,3,2,2,3.0,Relatively New,1473.0,0,0,0,0,0,0,15
flat,godrej summit,sector 104,1.75,7530.120481927711,4,5,3+,1.0,New Property,2582.0,0,1,0,0,0,0,60
flat,unitech sunbreeze,sector 69,0.74,5501.858736059479,3,3,1,10.0,Under Construction,1210.0,0,1,0,0,0,0,60
flat,indiabulls centrum park,sector 103,1.35,7541.899441340782,3,3,3+,3.0,Relatively New,1620.0,1,0,0,0,0,1,168
flat,emaar mgf emerald estate,sector 65,1.75,12544.802867383512,3,3,3,10.0,Relatively New,1081.0,0,1,0,0,0,1,124
flat,viridian the plaza 106,sector 106,0.39,5571.428571428572,1,1,1,7.0,Relatively New,567.0,0,0,0,0,0,0,130
flat,shree vardhman flora,sector 90,0.9,4615.384615384615,3,4,3,4.0,Relatively New,1765.0,0,1,0,0,0,0,165
flat,tulip violet,sector 69,1.68,8358.208955223881,4,4,2,7.0,Relatively New,1819.0,0,0,0,0,0,0,127
flat,parsvnath green ville,sector 48,1.42,8606.060606060606,3,3,3,1.0,Moderately Old,1493.0,0,0,1,0,0,2,174
flat,gls avenue 51,sector 92,0.42,7106.598984771574,2,2,1,4.0,Relatively New,657.0,1,0,0,1,0,1,42
flat,adani brahma samsara vilasa,sector 63,3.4,10000.0,3,3,3+,1.0,New Property,3077.0,0,0,0,0,0,0,99
house,unitech nirvana birch court,sector 50,7.1,31429.836210712703,3,3,3,1.0,Moderately Old,2259.0,0,1,0,0,0,0,49
flat,tarc maceo,sector 91,1.8,7758.620689655172,4,3,3+,0.0,Relatively New,2578.0,1,0,0,1,0,2,45
flat,dlf the primus,sector 82a,1.8,13846.153846153846,3,3,3+,10.0,Relatively New,1545.0,0,1,0,0,0,2,174
flat,the nav manesar apartment,sector 1,0.85,3953.488372093024,3,3,3+,5.0,Moderately Old,1946.0,0,1,0,0,0,0,5
flat,chd avenue,sector 71,1.1,6790.123456790124,3,3,3,11.0,Relatively New,1466.0,0,0,0,0,1,0,72
house,sushant lok 1 builder floors,sector 43,2.45,7755.6188667299775,4,4,3+,3.0,Moderately Old,540.0,1,1,0,1,1,2,123
flat,paras quartier,gwal pahari,5.9,11028.03738317757,4,4,3+,19.0,New Property,4842.0,1,1,1,1,0,1,160
flat,ss the leaf,sector 85,1.05,6402.439024390244,2,2,3,11.0,Relatively New,1484.0,0,0,0,0,0,0,44
flat,sidhartha ncr one,sector 95,0.55,5555.555555555556,2,2,3,15.0,New Property,990.0,0,0,0,0,0,0,0
flat,microtek greenburg,sector 86,1.93,8446.389496717724,3,4,3,12.0,Relatively New,2068.0,0,1,0,0,0,0,72
flat,spaze privy,sector 72,1.9,9620.253164556962,3,3,3,10.0,Moderately Old,1787.0,0,1,0,0,0,1,31
flat,la vida by tata housing,sector 113,2.45,11050.969778980603,3,3,3+,3.0,Relatively New,1890.0,1,0,0,0,0,0,174
house,vipul tatvam villa,sector 48,7.35,22811.91806331471,4,5,2,2.0,Moderately Old,3222.0,1,1,1,1,0,1,144
flat,unitech uniworld gardens,sector 47,1.05,10531.59478435306,2,2,2,3.0,Relatively New,1108.0,0,0,0,0,0,1,34
house,suncity township,sector 54,2.0,3439.972480220158,9,9,3,11.0,Relatively New,60.0,0,1,0,0,0,2,7
flat,signature global city 63a,sector 63a,1.4,11336.032388663967,2,2,2,3.0,Relatively New,1372.0,0,0,0,0,1,0,0
flat,shapoorji pallonji joyville gurugram,sector 102,0.95,10382.513661202183,2,2,2,14.0,Relatively New,915.0,0,0,0,0,0,0,0
flat,tulip violet,sector 69,1.4,8917.197452229299,3,3,1,12.0,Relatively New,1419.0,0,0,0,1,0,0,86
flat,ambience creacions,sector 22,3.2,11498.383039885017,3,4,3+,2.0,New Property,2517.0,0,0,0,0,0,0,42
flat,unitech sunbreeze,sector 69,1.0,5476.45125958379,4,3,0,0.0,Relatively New,1826.0,0,0,0,0,0,0,0
flat,signature global park,sohna road,0.54,6506.024096385542,2,2,1,2.0,Relatively New,922.0,0,0,0,0,0,0,16
flat,experion the heartsong,sector 108,1.3,8344.03080872914,3,3,3+,7.0,Relatively New,1661.0,1,0,0,0,0,0,150
house,bptp pedestal,sector 70a,0.92,7750.631844987363,2,3,3+,3.0,New Property,1319.0,0,0,0,0,1,0,153
flat,ss the coralwood,sector 84,1.05,6774.193548387097,3,3,3,6.0,Relatively New,1610.0,0,0,0,0,1,0,129
house,vipul tatvam villa,sector 48,5.5,21219.135802469136,3,6,2,2.0,Moderately Old,2592.0,0,1,0,0,1,1,106
flat,ireo the grand arch,sector 58,2.2,13480.392156862745,2,2,1,5.0,Relatively New,1432.0,1,0,0,0,0,1,94
flat,paras dews,sector 106,2.1,8917.197452229299,4,6,3+,6.0,Relatively New,2131.0,0,1,0,0,1,0,60
flat,orris carnation residency,sector 85,0.9,4531.722054380664,4,4,3,8.0,Moderately Old,1575.0,0,0,0,0,0,1,40
flat,gls arawali homes,sohna road,0.3,6237.006237006237,2,2,2,4.0,Relatively New,524.0,0,0,0,0,0,2,120
flat,adani oyster greens,sector 102,1.9,10058.231868713605,3,3,3+,9.0,Relatively New,2099.0,1,0,1,1,0,0,0
flat,la vida by tata housing,sector 113,1.5,11755.485893416928,2,2,2,13.0,New Property,1418.0,0,0,0,0,0,0,71
flat,godrej,sector 79,2.5,11140.819964349375,3,3,3+,5.0,Relatively New,2244.0,0,0,0,0,0,0,0
flat,m3m sierra 68,sector 68,1.13,9076.305220883534,2,2,3,9.0,Relatively New,1130.0,0,0,0,0,0,1,149
house,independent,sector 28,11.75,41315.04922644163,4,5,3+,4.0,Relatively New,2844.0,1,1,1,0,0,1,54
flat,nul,gwal pahari,0.56,6054.054054054054,2,2,1,11.0,Old Property,1028.0,0,0,0,0,0,1,0
flat,signature global park 4,sector 36,0.82,7585.568917668825,3,2,2,2.0,New Property,850.0,0,0,0,0,0,0,8
flat,pyramid elite,sector 86,0.45,7839.721254355401,2,2,1,12.0,Under Construction,637.0,0,0,0,0,0,0,30
flat,sare crescent parc royal greens phase 1,sector 92,0.95,5007.907221929362,4,5,3+,4.0,Moderately Old,1717.0,0,1,0,0,0,0,37
house,international city by sobha phase 2,sector 109,11.25,25000.0,7,5,3+,4.0,Relatively New,4500.0,1,1,0,1,0,0,42
flat,godrej nature plus,sector 33,1.7,12592.592592592591,3,3,3+,6.0,New Property,1500.0,0,1,0,0,0,0,38
flat,ats triumph,sector 104,2.6,8813.559322033898,4,4,3+,16.0,Relatively New,3064.0,0,1,0,0,0,1,150
flat,housing apna enclave,sector 4,0.39,4105.263157894737,2,2,1,1.0,Relatively New,950.0,0,0,0,0,0,0,0
flat,pioneer araya,sector 62,9.14,19488.272921108743,4,6,3,16.0,Relatively New,3932.0,1,1,1,0,0,1,146
flat,tulip purple,sector 69,1.8,9000.0,4,5,3+,4.0,Relatively New,2200.0,0,1,0,0,0,0,165
flat,conscient elevate,sector 59,3.9,16993.46405228758,3,1,0,0.0,Under Construction,2295.0,0,0,0,0,0,0,0
flat,alpha corp gurgaonone,sector 84,1.15,7496.740547588005,2,2,3,14.0,Relatively New,1394.0,1,0,0,0,0,0,28
flat,afnhb jalvayu vihar,sector 30,0.85,12859.30408472012,2,2,1,2.0,Old Property,734.0,0,0,0,0,1,1,49
flat,dlf regency park,sector 28,1.35,11989.342806394316,2,2,2,1.0,Moderately Old,1109.0,0,0,0,0,0,0,0
flat,lord krishna,sector 12,2.7,8571.42857142857,4,3,3,6.0,Old Property,3150.0,0,0,0,0,0,0,0
flat,godrej summit,sector 104,1.3,7893.139040680025,3,3,3,8.0,New Property,1490.0,0,0,0,0,1,0,103
house,independent,sector 4,3.3,14666.666666666666,3,3,2,1.0,Old Property,2250.0,0,0,0,0,0,0,34
flat,experion the heartsong,sector 108,1.65,8237.643534697952,3,4,3,3.0,Moderately Old,1771.32,1,0,0,0,0,1,75
flat,smart world gems,sector 89,0.97,8794.197642792384,2,2,3+,2.0,New Property,1103.0,0,0,0,0,0,0,49
flat,puri diplomatic greens,sector 111,2.58,11727.272727272728,3,4,2,10.0,Moderately Old,2200.0,0,1,0,0,0,0,86
flat,bestech altura,sector 79,1.72,8398.4375,3,4,3,9.0,New Property,2050.0,0,0,0,0,0,0,49
flat,puri emerald bay,sector 104,2.55,10408.163265306122,4,4,3+,5.0,Relatively New,2303.0,0,1,0,0,0,0,49
flat,surendra avenue 69,sector 69,0.75,6818.181818181818,2,2,2,4.0,Moderately Old,1100.0,0,0,0,0,0,0,0
flat,ss the leaf,sector 85,1.65,6852.159468438538,3,4,3,9.0,New Property,2179.0,0,0,0,1,0,0,21
house,shivpuri,sector 7,2.4,8888.888888888889,10,5,3,2.0,Old Property,300.0,1,1,0,1,0,0,8
flat,bestech park view ananda,sector 81,1.15,6927.710843373494,3,2,3+,6.0,Relatively New,1463.0,1,0,0,0,0,1,104
flat,eldeco accolade,sohna road,0.73,5752.561071710008,2,2,3,9.0,Relatively New,1148.0,0,0,0,1,0,0,103
flat,parsvnath green ville,sector 48,1.5,8787.346221441125,3,3,3,1.0,Old Property,1600.0,0,0,0,0,0,1,128
flat,raheja vedaanta,sector 108,0.7,4521.963824289405,2,2,3,1.0,Relatively New,1548.0,0,0,0,0,0,0,0
flat,nagata group housing society,sector 1,0.85,3695.652173913044,3,3,3+,4.0,Relatively New,2081.0,0,1,0,0,0,0,5
flat,bestech park view spa next,sector 67,2.35,12144.70284237726,3,4,3+,14.0,Moderately Old,1751.0,0,1,0,0,0,1,156
flat,chd avenue,sector 71,1.16,6655.192197360872,3,3,3,5.0,Moderately Old,1577.0,0,1,0,0,0,1,73
flat,maruti vihar,sector 28,1.0,9090.90909090909,1,1,1,1.0,Old Property,995.0,1,0,0,1,0,1,80
flat,hcbs sports ville,sohna road,0.2,2666.6666666666665,2,2,1,4.0,New Property,743.0,0,0,0,0,0,0,15
flat,sare crescent parc,sector 92,0.87,4971.428571428572,4,4,2,2.0,Moderately Old,1584.0,0,0,1,0,0,2,115
flat,la vida by tata housing,sector 113,1.38,12000.0,2,2,3,8.0,New Property,1350.0,1,0,0,0,0,0,174
house,eros rosewood city,sector 49,3.75,22045.855379188717,3,3,1,2.0,Old Property,1701.0,0,0,0,1,0,1,6
house,independent,sector 9,3.4,12937.595129375952,9,9,3,3.0,Moderately Old,2628.0,0,0,0,0,0,1,61
house,independent,sector 57,3.6,20833.33333333333,4,4,2,2.0,Old Property,1728.0,1,1,1,1,0,0,110
flat,la vida by tata housing,sector 113,3.05,11338.289962825278,3,4,3,15.0,New Property,2600.0,0,1,0,0,0,0,174
house,international city by sobha phase 1,sector 109,5.85,26422.76422764228,4,5,3+,2.0,Relatively New,2214.0,0,1,0,0,0,1,85
flat,bptp terra,sector 37d,1.45,8006.6261733848705,3,3,3,9.0,Relatively New,1639.0,0,0,0,0,0,0,107
house,independent,sector 4,0.67,8556.832694763729,3,2,1,1.0,Moderately Old,87.0,0,0,0,1,1,0,19
flat,conscient heritage max,sector 102,1.82,9009.90099009901,3,4,3+,12.0,Relatively New,1757.0,0,1,0,0,0,0,101
flat,ss the leaf,sector 85,1.24,7122.343480758185,2,2,3,10.0,Relatively New,1730.0,0,0,0,0,0,0,49
flat,housing board colony,sector 51,0.3,4629.62962962963,1,1,0,0.0,Moderately Old,80.0,1,0,0,0,0,0,15
house,independent,sector 57,4.7,21759.25925925926,3,3,2,2.0,Old Property,2160.0,0,1,0,0,1,0,43
flat,ramprastha the edge towers,sector 37d,0.75,5319.148936170212,2,2,3,19.0,Moderately Old,1410.0,0,0,0,0,0,0,63
flat,aipl zen residences,sector 70a,1.65,13074.484944532487,2,2,3,23.0,New Property,1142.0,0,0,0,0,0,0,81
flat,not applicable,sector 4,0.42,5600.0,2,2,1,3.0,Relatively New,833.0,0,0,0,0,0,1,26
flat,tulip violet,sector 69,1.75,8883.248730964468,4,4,1,12.0,Relatively New,1783.0,0,0,0,0,0,0,86
flat,smart world orchard,sector 61,2.57,15766.871165644172,3,3,2,3.0,Under Construction,1630.0,1,0,0,0,0,0,0
flat,bptp astaire gardens,sector 70a,1.6,8658.008658008657,4,4,3,1.0,Relatively New,1600.0,1,0,0,0,1,0,42
flat,puri diplomatic greens,sector 111,3.45,11694.915254237289,4,5,3+,9.0,Relatively New,2670.0,0,1,0,0,0,0,68
flat,signature global solera,sector 107,0.25,7861.635220125786,1,1,0,0.0,Relatively New,318.0,0,0,0,0,0,0,55
flat,emaar palm gardens,sector 83,1.35,12328.767123287673,3,3,3,7.0,Relatively New,1387.0,0,1,0,0,0,0,24
house,international city by sobha phase 2,sector 109,7.0,11239.563262684647,5,5,3+,2.0,Relatively New,6228.0,0,1,0,0,0,0,129
flat,pioneer park,sector 61,2.0,11764.70588235294,3,3,3,24.0,Moderately Old,1538.0,0,0,0,0,0,1,75
flat,bestech park view sanskruti,sector 92,1.6,7547.169811320755,3,3,3,10.0,Relatively New,1765.0,0,1,0,0,0,1,60
house,independent,sector 1,4.75,10555.555555555557,6,7,0,4.0,Moderately Old,4500.0,0,0,0,0,0,0,0
flat,suncity vatsal valley,gwal pahari,1.53,10699.300699300698,3,3,3,2.0,New Property,1589.0,0,0,0,0,0,1,117
flat,vidya apartment,sector 3 phase 3 extension,0.22,4206.500956022945,2,2,1,1.0,Relatively New,570.0,0,0,0,0,1,2,36
flat,ss the leaf,sector 85,1.1,6318.207926479035,2,2,3+,3.0,Relatively New,1464.0,0,0,1,0,0,0,143
flat,smart world gems,sector 89,0.86,7796.917497733454,2,3,3,4.0,Under Construction,998.0,0,0,0,0,0,0,45
house,bhim garh kheri,sector 3,0.75,6410.25641025641,4,2,2,2.0,Old Property,130.0,0,0,0,0,0,0,16
flat,sare homes,sector 92,0.95,4871.794871794872,4,3,3,13.0,New Property,1765.0,0,0,0,0,0,0,0
flat,emaar mgf emerald estate,sector 65,1.3,20602.218700475438,2,2,2,7.0,Relatively New,812.0,1,0,0,0,0,0,78
flat,pareena mi casa,sector 68,1.85,9310.518369401108,3,3,3+,13.0,Under Construction,1798.0,0,0,0,0,0,0,47
flat,sare crescent parc,sector 92,0.65,4596.888260254597,3,3,3,3.0,Moderately Old,1571.0,0,0,0,0,0,0,44
flat,pareena coban residences,sector 99a,1.32,6609.914872308463,3,5,3,11.0,New Property,1737.0,0,1,0,0,0,0,88
house,uppal southend,sector 49,6.75,32327.58620689655,4,4,3,3.0,Relatively New,2088.0,0,1,0,0,0,1,26
flat,shree vardhman flora,sector 90,0.7,5177.514792899408,2,3,2,7.0,Relatively New,1502.0,1,0,0,0,0,1,49
house,huda,sector 38,3.5,24005.48696844993,3,2,3,2.0,Moderately Old,1458.0,0,0,1,0,0,1,85
flat,signature global solera,sector 107,0.29,5930.470347648262,2,2,2,3.0,Relatively New,543.0,0,0,0,0,0,0,45
flat,dlf wellington estate,sector 43,2.09,14615.384615384615,3,3,2,11.0,Old Property,1294.0,0,0,0,0,0,1,79
flat,ireo the corridors,sector 67a,1.8,9370.119729307651,3,3,2,3.0,New Property,1551.0,1,0,1,0,0,1,150
flat,bptp terra,sector 37d,1.65,8790.623335109216,3,3,2,15.0,Relatively New,1699.0,0,0,0,0,0,0,116
house,independent,sohna road road,0.95,8920.18779342723,3,10,3+,3.0,New Property,1065.0,0,0,0,0,0,0,0
flat,mapsko royale ville,sector 82,0.97,5418.994413407821,3,4,2,16.0,Relatively New,1620.0,0,1,0,0,0,0,95
flat,m3m soulitude,sector 89,1.25,8784.258608573437,3,3,2,3.0,New Property,1581.0,1,0,0,0,0,0,49
flat,hsiidc sidco aravali,manesar,0.9,3477.5888717156104,3,3,3,2.0,Old Property,1900.0,0,1,0,0,0,2,21
house,ansal api spanish court,sector 2,2.9,18625.561978163136,4,4,3,2.0,Relatively New,1557.0,0,0,1,0,0,1,49
flat,paras dews,sector 106,1.34,9550.96222380613,4,5,3+,7.0,Relatively New,1535.0,0,1,0,0,0,0,49
flat,sare homes,sector 92,0.71,5354.449472096531,3,3,3,2.0,Relatively New,1473.0,0,0,0,1,0,0,108
flat,tulip violet,sector 69,1.4,8855.154965211892,3,3,2,9.0,Relatively New,1428.0,0,0,0,1,0,0,120
flat,vatika the seven lamps,sector 82,1.6,6597.938144329897,4,5,3+,8.0,Relatively New,2195.0,0,1,0,0,0,0,133
flat,ss the leaf,sector 85,1.08,6585.365853658536,2,2,3,8.0,New Property,1200.0,1,1,1,1,0,1,157
flat,godrej nature plus,sector 33,1.55,9955.041746949262,3,2,3+,8.0,New Property,1730.0,0,0,0,0,0,0,43
house,independent,sector 55,1.64,10123.456790123457,3,3,2,4.0,New Property,180.0,1,1,0,0,0,1,54
flat,kanchanjanga tower,sector 56,1.45,7631.578947368421,3,3,3+,2.0,Moderately Old,1719.0,0,0,0,0,0,1,126
house,independent,sector 38,8.0,25616.394492475185,10,10,3+,1.0,Relatively New,3123.0,0,0,0,0,0,0,0
flat,orchid petals,sector 49,2.09,11578.947368421052,3,3,3,0.0,Relatively New,1633.0,0,0,0,0,0,0,49
flat,smart world gems,sector 89,0.86,7796.917497733454,2,3,2,4.0,New Property,1226.0,1,1,0,1,0,1,72
house,independent,sector 7,1.35,4545.454545454545,4,5,0,3.0,Old Property,330.0,0,0,0,0,0,0,0
flat,godrej summit,sector 104,0.85,6893.75506893755,2,2,3,12.0,Relatively New,1611.0,1,0,0,0,1,0,61
flat,pareena coban residences,sector 99a,1.38,7150.259067357513,4,5,3+,1.0,Relatively New,2150.0,0,1,0,0,1,0,49
flat,ss the leaf,sector 85,1.2,9677.41935483871,2,2,3+,9.0,Relatively New,1491.0,0,0,1,0,0,0,148
house,independent,sector 3,0.37,7922.912205567452,1,1,1,1.0,Relatively New,480.0,0,0,0,0,0,0,0
flat,m3m skycity,sector 65,2.1,16030.534351145036,2,2,2,43.0,New Property,1186.0,0,0,0,0,0,0,127
house,palam vihar extension west zone rwa,sector 2,0.35,6481.481481481482,2,2,0,1.0,New Property,600.0,0,0,0,0,0,0,0
flat,dlf new town heights,sector 90,1.8,6600.660066006601,4,4,3+,23.0,Moderately Old,2468.0,0,0,0,0,0,0,67
flat,imperia the esfera,sector 37c,0.9,6271.777003484321,3,3,3,9.0,Relatively New,1435.0,0,0,0,0,0,0,66
flat,sare crescent parc,sector 92,0.95,5013.192612137204,4,5,3+,13.0,Relatively New,1895.0,0,0,0,0,0,0,0
flat,bptp astaire gardens,sector 70a,1.2,7058.823529411765,3,3,3+,2.0,Relatively New,1450.0,0,0,0,0,0,2,38
flat,tulip violet,sector 69,1.72,8730.964467005077,4,4,1,12.0,Relatively New,1783.0,0,0,0,0,0,0,86
flat,rof ananda,sector 95,0.26,6032.482598607889,1,1,1,8.0,New Property,406.0,0,0,0,0,0,0,49
flat,experion windchants,sector 112,4.75,12622.907254849852,3,5,3+,4.0,Relatively New,3405.0,0,1,0,0,0,1,42
flat,ss the leaf,sector 85,1.99,8659.70409051349,3,4,3+,17.0,Relatively New,2398.0,0,1,0,0,0,1,174
flat,the lions cghs,sector 56,2.1,8750.0,3,4,3+,8.0,Old Property,2200.0,0,0,0,0,1,1,166
flat,ansal maple crescent,sector 43,1.35,10037.17472118959,3,3,3,2.0,Old Property,1320.0,0,0,0,0,1,1,93
flat,umang winter hills,sector 77,0.92,5049.396267837541,3,3,3,17.0,Relatively New,1602.0,0,0,0,0,1,1,49
flat,ats triumph,sector 104,2.65,8412.698412698413,4,4,3+,10.0,Relatively New,2851.0,0,1,0,0,0,0,174
flat,m3m urbana,sector 67,0.95,10894.495412844037,1,1,1,17.0,Relatively New,826.0,0,0,0,0,0,0,49
flat,aipl the peaceful homes,sector 70a,2.52,10723.404255319148,3,4,3,8.0,Relatively New,2127.0,0,1,0,0,0,0,174
flat,dlf new town heights,sector 90,1.3,6735.751295336788,3,3,3+,10.0,Relatively New,1929.0,0,1,0,1,0,1,129
house,independent,sector 4,1.25,8680.555555555555,2,3,0,1.0,Moderately Old,160.0,0,0,0,0,0,0,0
flat,shree vardhman flora,sector 90,0.92,4717.948717948718,3,3,2,6.0,Relatively New,2167.0,1,0,0,0,0,1,49
house,emaar mgf marbella,sector 66,15.1,18605.224248398223,5,5,3+,3.0,New Property,8116.0,1,1,1,1,0,0,120
flat,dlf new town heights,sector 86,1.27,6580.310880829015,3,4,3,19.0,Relatively New,1800.0,0,1,0,1,0,0,126
flat,tulip violet,sector 69,1.4,8928.57142857143,3,3,1,12.0,Relatively New,1419.0,0,0,0,0,0,0,157
flat,umang monsoon breeze,sector 78,0.62,5004.035512510089,2,2,1,7.0,Moderately Old,1115.0,0,0,1,0,0,0,111
house,bptp astaire gardens,sector 70a,6.5,27873.070325900517,4,4,3+,2.0,New Property,2332.0,1,1,0,1,0,1,160
flat,la vida by tata housing,sector 113,2.78,11346.938775510203,3,3,3,3.0,New Property,2599.0,1,1,0,0,0,0,174
flat,m3m capital,sector 113,3.25,14142.732811140122,4,4,3+,34.0,New Property,2553.0,1,1,0,1,0,0,115
house,bestech park view aindependentda,sector 81,4.35,7936.507936507936,4,4,3,2.0,Relatively New,5480.0,0,1,1,0,0,0,51
house,dlf city plots phase 4,sector 28,9.54,29444.444444444445,6,5,3+,3.0,New Property,3240.0,1,1,1,1,0,0,153
flat,shree vardhman flora,sector 90,0.7,5384.615384615385,2,2,3,13.0,New Property,1176.0,1,0,0,0,0,0,15
flat,emaar gurgaon greens,sector 102,1.3,7878.787878787879,3,3,3,7.0,Relatively New,1388.0,0,1,0,0,0,0,93
flat,orris aster court,sector 85,0.67,5826.086956521739,2,2,2,5.0,Relatively New,1250.0,0,0,0,0,1,1,174
flat,signature global orchard avenue,sector 93,0.4,5479.45205479452,2,2,0,0.0,Relatively New,730.0,0,0,0,0,0,0,0
flat,pyramid urban homes 2,sector 86,0.41,6902.356902356903,2,2,1,3.0,Relatively New,668.0,0,0,0,0,0,0,63
flat,aipl club residences,sector 70a,0.85,9139.78494623656,2,2,2,5.0,Relatively New,842.0,0,0,0,0,0,1,45
house,independent,sector 26,8.1,35294.117647058825,5,5,2,4.0,Old Property,2295.0,0,0,0,0,0,0,42
house,vatika signature villas,sector 82,3.2,14349.775784753365,3,4,3,1.0,New Property,2160.0,1,1,1,1,0,0,66
house,sector 14 rwa,sector 14,6.5,20634.92063492064,4,4,3+,2.0,Moderately Old,3150.0,0,0,0,0,0,0,0
flat,mvn athens,sohna road,0.27,5895.196506550218,2,2,1,0.0,Relatively New,508.0,0,0,0,0,0,1,69
flat,ats tourmaline,sector 109,1.75,8139.53488372093,3,4,3+,2.0,Relatively New,1946.0,0,1,0,0,1,0,65
flat,eldeco accolade,sohna road,0.78,6170.886075949367,2,2,2,3.0,Relatively New,1144.0,0,0,0,0,0,0,72
flat,mahindra aura,sector 110,1.8,8814.88736532811,3,3,3+,7.0,Relatively New,1850.0,0,1,0,0,0,1,136
flat,tulip violet,sector 69,1.36,8618.50443599493,3,3,2,12.0,Relatively New,1428.0,0,0,0,1,0,1,49
flat,ild grand,sector 37c,1.2,6593.406593406594,3,3,3,7.0,Relatively New,1647.0,0,0,0,0,0,0,24
flat,emaar mgf palm hills,sector 77,1.55,7948.717948717948,4,4,3+,2.0,Relatively New,1800.0,1,1,0,0,0,2,49
flat,ss the leaf,sector 85,1.3,10483.870967741936,2,2,3+,10.0,Relatively New,1491.0,0,0,1,0,0,0,148
flat,hsiidc sidco aravali,manesar,0.9,3648.155654641265,4,4,3,7.0,Moderately Old,2233.0,0,0,0,0,0,0,0
house,signature global city 92,sector 92,0.75,7820.646506777894,2,2,3,1.0,Relatively New,959.0,0,0,0,0,0,0,46
house,ansal florence super,sector 57,3.75,23148.14814814815,3,4,3,2.0,Moderately Old,1620.0,1,1,1,0,0,1,38
flat,pareena coban residences,sector 99a,1.3,6509.764646970456,3,3,0,16.0,New Property,1997.0,0,0,0,0,0,0,0
house,independent,sector 57,6.25,23496.24060150376,9,9,3+,3.0,New Property,2660.0,0,1,0,0,0,1,61
flat,kiran residency,sector 56,1.55,7750.0,3,3,3+,5.0,Old Property,1800.0,0,1,0,1,1,0,166
flat,laxmi pareena,sector 99a,0.3,6666.666666666667,2,1,0,12.0,New Property,500.0,0,0,0,0,0,0,0
flat,unitech uniworld gardens,sector 47,2.4,11505.273250239694,3,3,3+,10.0,Moderately Old,1888.0,0,1,0,0,0,1,120
flat,aipl zen residences,sector 70a,1.25,9904.912836767036,2,2,3,19.0,Relatively New,1402.0,0,0,0,0,0,0,0
flat,ambience lagoon,sector 24,4.25,13281.25,3,4,3+,3.0,Old Property,3201.0,0,1,0,1,0,1,143
flat,awho shanti vihar,sector 95,0.82,9879.518072289156,2,2,3+,13.0,New Property,1095.0,1,0,0,0,0,0,114
flat,tulip violet,sector 69,1.4,8860.759493670887,3,3,2,2.0,Relatively New,1428.0,0,0,0,1,0,0,102
flat,ss the leaf,sector 85,1.2,7317.073170731707,2,2,3+,14.0,Relatively New,1380.0,0,0,1,0,0,0,141
flat,sidhartha ncr one phase,sector 95,0.6,4800.0,2,2,3,10.0,New Property,1250.0,0,0,0,0,0,0,0
flat,birla navya,sector 63a,2.1,16666.666666666668,2,2,2,2.0,Relatively New,1400.0,0,0,0,0,0,0,38
flat,shri banke bihari society,sector 56,1.35,6750.0,3,3,3,5.0,Old Property,1800.0,0,0,0,0,1,1,82
flat,navjyoti apartment,sector 38,2.1,11938.601478112563,4,4,3+,10.0,Old Property,1954.0,0,0,0,0,0,2,22
house,unitech aspen greens,sector 50,6.95,32175.925925925927,3,3,1,2.0,Moderately Old,2160.0,0,1,0,0,0,0,160
flat,chintamani,sector 103,1.57,8509.485094850948,3,3,3,1.0,Relatively New,1845.0,0,0,0,0,0,0,0
flat,m3m soulitude,sector 89,1.28,8827.586206896553,3,3,2,4.0,New Property,1611.0,1,0,0,0,0,0,114
flat,dlf new town heights,sector 90,1.15,5958.549222797928,3,3,3+,9.0,Relatively New,1747.0,0,1,0,1,0,0,88
flat,m3m soulitude,sector 89,1.32,16923.076923076922,3,3,3,1.0,New Property,867.0,0,0,0,0,0,0,45
flat,m3m capital,sector 113,2.37,11499.272197962156,4,4,3+,20.0,Under Construction,2060.0,1,0,0,0,0,0,143
flat,smart world gems,sector 89,0.88,7963.800904977375,2,2,3,2.0,New Property,1228.0,1,0,0,0,0,0,44
flat,hero homes,sector 104,1.2,17543.859649122805,2,2,2,22.0,Relatively New,877.0,0,0,0,0,0,0,30
house,independent,sector 25,11.0,35529.7157622739,5,5,3+,2.0,Relatively New,3096.0,1,1,1,1,0,0,29
house,unitech espace,sector 50,7.35,41761.36363636364,4,4,3+,3.0,Moderately Old,1760.0,0,1,0,1,0,1,52
flat,central park flower valley aqua front towers,sector 33,2.0,11179.429849077696,3,3,3+,8.0,New Property,1619.0,0,0,0,0,0,0,23
flat,emaar palm gardens,sector 83,1.73,9105.263157894737,3,3,3,5.0,Relatively New,1600.0,0,1,0,0,0,1,174
flat,the rama apartment cghs,sector 43,2.5,10204.081632653062,4,4,3+,4.0,Moderately Old,2722.0,0,1,0,0,0,0,26
flat,vatika boulevard residences and heights,sector 83,1.42,8000.0,3,3,2,2.0,Relatively New,1972.0,0,0,0,0,0,1,113
flat,bestech park view spa next,sector 67,2.7,11489.36170212766,4,4,3+,9.0,Moderately Old,2127.0,0,1,0,1,0,1,149
house,international city by sobha phase 2,sector 109,5.65,10462.962962962964,4,4,3+,2.0,New Property,5400.0,0,1,0,0,1,1,44
flat,dlf regal gardens,sector 90,1.78,8039.747064137308,4,4,3+,12.0,Relatively New,2005.0,0,0,0,0,0,0,61
house,independent,sector 50,6.5,21666.666666666668,5,6,0,1.0,Moderately Old,3000.0,0,0,0,0,0,0,0
flat,ss the leaf,sector 85,1.2,7317.073170731707,2,2,3,6.0,Relatively New,1300.0,0,0,0,0,0,1,174
flat,experion the heartsong,sector 108,2.29,8240.374235336452,4,5,3+,8.0,Relatively New,2779.0,0,1,0,0,0,0,95
flat,antriksh heights,sector 84,0.54,4459.124690338564,2,2,3+,17.0,Relatively New,1086.0,0,0,0,0,0,0,81
flat,sbtl caladium,sector 109,1.63,6404.715127701375,3,3,2,8.0,Relatively New,2303.0,0,1,0,0,0,0,159
flat,trisara our homes 3,sohna road,0.34,5405.405405405405,2,2,1,0.0,New Property,699.0,0,0,0,0,0,0,0
flat,dlf new town heights,sector 90,1.42,4864.67968482357,4,4,3+,8.0,Moderately Old,2139.0,0,1,1,0,0,0,31
flat,ss the leaf,sector 85,2.0,11869.436201780416,3,4,3,5.0,Relatively New,2026.0,0,1,0,0,0,0,156
flat,4s aradhya homes,sector 67a,1.9,8861.940298507463,4,4,3,3.0,New Property,1991.0,0,0,0,0,0,1,62
house,independent,sector 39,1.6,17937.219730941702,1,1,2,2.0,Old Property,892.0,0,0,0,0,0,0,40
flat,pareena coban residences,sector 99a,1.4,7010.515773660491,3,5,3+,6.0,New Property,1807.0,0,0,0,0,0,0,15
flat,puri diplomatic greens,sector 111,3.5,11864.406779661016,4,5,3+,10.0,Relatively New,2700.0,0,1,0,0,0,1,49
flat,alpha corp gurgaonone,sector 84,1.15,7496.740547588005,2,2,3,8.0,Relatively New,1361.0,1,0,0,0,0,1,37
house,independent,sector 24,10.0,25542.784163473814,8,10,3+,1.0,Old Property,3915.0,0,0,0,0,0,0,0
flat,dlf the arbour,sector 63,7.8,19746.835443037973,4,4,0,6.0,New Property,3950.0,0,0,0,0,0,0,61
flat,godrej air,sector 85,2.6,12212.306247064347,3,3,3,17.0,Relatively New,2129.0,0,1,0,0,0,0,44
house,independent,sector 38,3.5,20325.20325203252,3,2,2,1.0,Moderately Old,1722.0,0,0,0,0,0,0,0
flat,smart world gems,sector 89,1.2,8432.8882642305,3,3,2,2.0,New Property,1423.0,0,0,0,0,0,0,45
flat,corona optus,sector 37c,1.22,6912.181303116147,3,4,3,5.0,Relatively New,1665.0,0,0,0,0,0,0,149
flat,vatika gurgaon,sector 83,1.25,6313.131313131313,3,3,2,12.0,Moderately Old,1700.0,0,1,0,0,0,0,95
house,unitech uniworld resorts,sector 33,8.0,11428.57142857143,4,4,3+,2.0,Old Property,7000.0,1,1,1,1,0,0,77
flat,bptp terra,sector 37d,1.5,8255.36598789213,3,3,3,12.0,Relatively New,1686.0,0,0,0,0,1,0,49
flat,smart world orchard,sector 61,1.47,12250.0,2,2,2,2.0,New Property,1333.0,1,0,0,0,0,0,76
flat,tarc maceo,sector 91,1.5,6465.517241379311,3,4,3+,3.0,Relatively New,1786.0,1,1,0,0,0,0,112
flat,ansal housing highland park,sector 103,1.25,6443.298969072165,3,3,3+,2.0,New Property,1464.0,0,0,0,1,0,0,105
flat,afnhb jalvayu vihar,sector 30,0.69,7270.811380400421,2,2,1,3.0,Old Property,896.0,0,0,0,0,0,0,65
flat,bestech park view residency,sector 2,0.95,6713.780918727915,2,2,3,1.0,Moderately Old,1281.0,0,0,0,0,0,1,82
flat,emaar mgf emerald floors premier,sector 65,2.25,13636.363636363636,3,3,3+,3.0,Relatively New,1493.0,1,1,0,0,0,0,152
flat,vipul lavanya,sector 81,0.6,6666.666666666667,2,2,1,0.0,Under Construction,814.0,0,0,0,0,0,0,0
flat,m3m latitude,sector 65,4.7,19747.899159663863,3,3,3+,9.0,Relatively New,2380.0,0,1,0,1,0,1,44
flat,sidhartha ncr greens,sector 95,0.6,5576.208178438662,2,2,2,14.0,Relatively New,974.0,1,0,0,0,0,0,31
house,independent,sector 38,3.9,21241.83006535948,6,6,3+,3.0,Moderately Old,1836.0,1,1,0,1,0,0,32
house,independent,sector 6,0.66,10784.313725490196,3,2,1,2.0,Old Property,612.0,0,0,0,0,0,0,36
flat,unitech fresco,sector 50,1.8,9589.770911028236,3,4,3+,6.0,Moderately Old,1870.0,0,1,0,0,0,1,174
flat,shapoorji pallonji joyville gurugram,sector 102,1.3,17687.07482993197,2,2,3,0.0,Relatively New,1009.0,0,0,1,0,0,0,125
flat,ansal height 86,sector 86,0.8,5882.35294117647,2,2,0,1.0,Relatively New,1360.0,0,0,0,0,0,0,0
flat,m3m ikonic,sector 68,1.8,9230.76923076923,3,3,3+,18.0,Relatively New,1845.0,0,0,0,0,0,1,126
flat,apex our homes,sector 37c,0.35,3783.783783783784,2,2,1,7.0,Relatively New,850.0,0,0,0,0,0,1,158
house,vipul tatvam villa,sector 48,8.5,21250.0,4,5,3+,2.0,Moderately Old,4000.0,1,1,0,1,1,1,49
flat,microtek greenburg,sector 86,1.25,8445.945945945947,3,4,3,0.0,Relatively New,1339.0,1,0,0,0,0,0,49
flat,shapoorji pallonji joyville gurugram,sector 102,1.77,9194.805194805194,3,3,3,1.0,Relatively New,1653.0,0,0,0,0,0,0,151
flat,vatika gurgaon,sector 83,1.1,6050.605060506051,3,3,3,12.0,Relatively New,1570.0,0,1,0,0,0,1,66
flat,central park resorts,sector 48,15.0,22388.059701492537,5,6,3+,17.0,Relatively New,7444.0,1,1,0,1,0,2,45
flat,antriksh heights,sector 84,0.69,5111.111111111111,2,2,3+,8.0,Relatively New,1222.0,1,0,0,0,0,0,59
flat,sare green parc,sector 92,0.85,6740.681998413957,3,2,2,14.0,Relatively New,1261.0,0,0,0,0,0,0,0
house,independent,sector 57,6.21,23000.0,6,6,3+,4.0,Old Property,2700.0,1,1,1,1,0,0,52
flat,puri diplomatic greens,sector 111,2.25,13235.29411764706,3,3,2,12.0,Relatively New,1538.0,0,0,0,0,0,0,101
flat,smartworld one dxp,sector 113,2.0,11074.197120708748,3,3,3,12.0,New Property,1806.0,0,0,0,0,0,0,70
flat,ramprastha primera,sector 37d,1.02,6000.0,3,2,3,22.0,Under Construction,1538.0,0,0,0,0,0,0,43
flat,dlf regal gardens,sector 90,1.2,6837.606837606838,3,3,3+,15.0,Relatively New,1572.0,0,0,0,0,0,0,118
flat,raheja revanta,sector 78,0.99,6099.815157116451,2,2,3,14.0,Under Construction,1467.0,0,0,0,0,1,0,39
flat,tulip violet,sector 69,2.0,9583.1336847149,4,4,2,0.0,Relatively New,1889.0,0,0,0,0,0,0,157
flat,the crew bos chs manesar,manesar,0.85,3695.652173913044,3,3,2,2.0,Moderately Old,2556.0,0,0,0,0,0,0,44
flat,surya vihar rwa,sector 21,1.3,6500.0,5,5,2,2.0,Old Property,2400.0,1,1,1,0,0,1,42
flat,mapsko mount ville,sector 79,1.1,12731.481481481482,3,3,3,22.0,Relatively New,1154.0,1,0,0,1,0,0,135
flat,shree vardhman victoria,sector 70,1.75,8204.406938584154,3,5,3,7.0,New Property,1527.0,0,1,0,1,0,0,37
flat,puri emerald bay,sector 104,1.59,10905.349794238684,2,2,2,12.0,Relatively New,1403.0,0,0,0,0,0,0,121
flat,experion windchants,sector 112,5.6,11529.750875025737,4,6,3+,15.0,Moderately Old,3662.34,0,1,0,0,0,1,157
flat,signature the roselia,sector 95,0.48,7164.179104477612,2,2,2,6.0,Relatively New,744.0,0,0,0,0,0,0,16
house,independent,sector 105,0.55,10912.698412698412,2,4,0,2.0,Moderately Old,56.0,0,0,0,0,0,0,0
house,independent,sector 92,1.8,7627.118644067797,4,5,0,13.0,Relatively New,2360.0,0,0,0,0,0,0,0
flat,capital residences 360,sector 70a,1.1,7586.206896551724,2,2,2,10.0,Relatively New,1312.0,1,0,0,0,0,0,42
flat,mvn athens,sohna road,0.25,5186.721991701244,2,2,1,0.0,Relatively New,535.0,0,0,0,1,0,0,90
flat,saan verdante,sector 95,2.0,10178.117048346056,3,4,3+,5.0,New Property,1964.0,0,1,0,0,0,0,49
flat,emaar mgf emerald floors premier,sector 65,2.25,13636.363636363636,3,3,3,3.0,Relatively New,1600.0,1,1,0,0,0,1,49
flat,pareena coban residences,sector 99a,1.56,7811.717576364546,3,5,3,4.0,New Property,1807.0,0,1,0,0,1,0,49
house,independent,sector 105,1.35,3857.142857142857,5,3,3,3.0,Moderately Old,3500.0,0,0,0,0,0,0,0
flat,raheja revanta,sector 78,4.75,16885.8869534305,3,3,2,31.0,Moderately Old,2813.0,0,1,0,0,0,0,100
flat,m3m golfestate,sector 65,4.94,16233.9796253697,3,4,3,15.0,Moderately Old,2754.0,0,1,0,0,0,0,165
flat,ansal heights 86,sector 86,0.74,5441.176470588235,2,2,1,11.0,Under Construction,1231.0,0,0,0,0,1,0,45
house,puri diplomatic greens,sector 111,9.0,11250.0,5,5,3+,3.0,Relatively New,8000.0,0,1,0,0,0,0,112
house,independent,sector 7,1.16,11693.548387096776,2,4,2,3.0,Moderately Old,1102.0,0,0,0,0,1,0,39
flat,ss the leaf,sector 85,1.91,5026.315789473684,4,6,3,6.0,Relatively New,3890.0,0,1,0,0,0,0,174
flat,birla navya,sector 63a,3.23,26871.880199667223,3,3,3,4.0,New Property,1202.0,0,1,0,0,0,0,52
flat,chintels paradiso,sector 109,1.8,8866.995073891625,3,3,2,0.0,Moderately Old,1910.0,0,1,0,0,0,0,83
flat,shapoorji pallonji joyville gurugram,sector 102,0.97,10601.092896174863,2,2,2,12.0,Relatively New,828.0,0,0,0,0,0,0,100
flat,bptp terra,sector 37d,1.67,7622.090369694203,4,4,3,11.0,Relatively New,2091.0,0,0,0,0,0,1,149
flat,dlf new town heights,sector 90,1.25,6476.683937823835,3,3,3+,17.0,Relatively New,1700.0,0,1,0,1,0,0,65
flat,valley view estate,gwal pahari,1.5,8278.14569536424,4,4,3+,9.0,Old Property,2013.0,1,1,0,0,1,0,135
flat,bestech park view sanskruti,sector 92,1.9,8172.043010752688,4,4,3+,10.0,Relatively New,1920.0,1,1,0,1,1,0,49
flat,godrej nature plus serenity,sector 33,1.39,11583.333333333334,3,2,3+,23.0,New Property,1333.0,0,0,0,0,0,0,105
flat,dnha cghs,sector 1,0.85,3863.636363636364,3,3,0,5.0,Moderately Old,2200.0,0,0,0,0,0,0,0
flat,the close north,sector 50,2.97,11401.151631477927,3,3,3+,8.0,Moderately Old,2600.0,0,1,0,0,0,1,174
house,independent,sector 53,4.0,17777.777777777777,5,5,2,3.0,Relatively New,2250.0,1,0,0,0,0,0,23
house,aindependentt raj estates,sector 63a,8.5,27139.20817369093,6,6,3+,3.0,Under Construction,3132.0,0,0,1,1,0,0,29
house,vipul tatvam villa,sector 48,8.25,38194.444444444445,4,4,3+,3.0,Relatively New,2160.0,0,1,1,0,0,1,160
house,central park flower valley,sector 33,1.15,9349.59349593496,2,2,3,2.0,Relatively New,1400.0,1,0,0,0,0,1,71
flat,supertech araville,sector 79,0.83,5424.83660130719,2,2,3,5.0,New Property,1700.0,1,0,0,0,0,2,49
flat,signature global park,sohna road,0.53,6385.542168674699,2,2,2,2.0,Relatively New,913.0,0,0,0,1,0,0,168
flat,aipl the peaceful homes,sector 70a,2.5,11627.906976744183,3,3,3+,15.0,Relatively New,1723.0,0,0,0,0,1,1,174
flat,ambience creacions,sector 22,6.16,20533.33333333333,4,5,3+,10.0,New Property,3333.0,0,1,0,1,0,1,49
flat,signature global city,sector 37d,1.0,8163.265306122449,3,3,3,4.0,Relatively New,1250.0,0,0,0,0,0,0,49
house,independent,sector 6,0.5,8333.333333333334,3,3,2,2.0,Moderately Old,600.0,0,0,0,1,0,0,0
flat,adarsh nagar,sector 12,0.65,6190.476190476191,3,3,1,1.0,New Property,1167.0,0,0,0,0,0,1,42
flat,signature andour heights,sector 71,0.59,8428.57142857143,2,2,1,6.0,Moderately Old,639.0,0,0,0,0,0,0,67
flat,pareena mi casa,sector 68,1.0,8163.265306122449,2,2,2,16.0,New Property,1361.0,0,1,0,0,0,0,65
house,unitech uniworld resorts,sector 33,11.0,26666.666666666668,5,6,3,3.0,New Property,4125.0,1,1,0,0,0,0,58
flat,emaar mgf the palm drive,sector 66,2.8,14358.97435897436,3,3,2,12.0,New Property,1950.0,1,1,0,1,0,2,69
flat,ansal housing highland park,sector 103,2.0,7490.63670411985,4,5,3+,14.0,New Property,2416.0,0,1,0,0,0,0,45
house,independent,sector 2,0.7,7777.777777777777,1,1,0,1.0,Moderately Old,900.0,0,0,0,0,0,0,0
flat,ss the leaf,sector 85,1.17,6720.27570361861,2,3,3,10.0,Relatively New,1550.0,0,0,0,0,1,0,49
flat,vatika city,sector 49,2.65,11772.545535317637,3,4,3,11.0,Moderately Old,2251.0,0,1,0,1,0,1,140
flat,raheja maheshwara,sohna road,0.48,4367.606915377616,2,2,2,11.0,Relatively New,995.0,0,0,0,0,0,0,45
flat,tulip violet,sector 69,1.66,8409.321175278623,4,4,1,12.0,Relatively New,1783.0,0,0,0,1,0,0,102
house,dlf gardencity enclave,sector 93,1.3,11284.722222222224,3,2,1,3.0,Relatively New,1152.0,0,0,0,0,0,0,50
house,bhim garh kheri,sector 3,1.5,7575.757575757576,7,2,0,1.0,Old Property,220.0,0,0,0,0,0,0,0
flat,silverglades the melia,sohna road,1.01,6999.306999306999,2,2,3,12.0,Relatively New,1184.0,1,0,0,0,0,0,80
flat,ambience creacions,sector 22,1.65,11956.521739130434,2,2,2,9.0,Relatively New,1200.0,0,0,0,1,1,2,133
flat,orris carnation residency,sector 85,0.72,4881.35593220339,3,3,2,9.0,Moderately Old,1350.0,0,0,0,0,1,0,49
house,independent,sector 49,4.45,15451.388888888889,6,6,3,3.0,Moderately Old,2880.0,1,1,1,1,0,2,152
flat,emaar palm gardens,sector 83,1.75,9210.526315789471,3,3,3,6.0,Relatively New,1600.0,0,1,0,0,0,1,150
flat,bestech park view city,sector 48,1.76,9909.90990990991,3,3,3+,9.0,Moderately Old,1576.0,0,1,0,1,0,1,158
flat,vatika gurgaon,sector 83,1.05,7000.0,3,3,3,3.0,Relatively New,1618.0,0,0,1,0,0,0,79
flat,park view apartments,sector 15,1.6,11034.48275862069,3,3,3+,2.0,Moderately Old,1611.0,0,0,0,1,0,0,56
flat,indiabulls centrum park,sector 103,1.9,5681.818181818182,3,4,3+,10.0,Relatively New,3716.0,1,1,0,1,1,1,49
flat,puri diplomatic greens,sector 111,3.9,13000.0,4,5,3+,6.0,Relatively New,2996.0,0,1,0,0,0,2,160
flat,emaar mgf palm hills,sector 77,1.65,8461.538461538461,4,3,3,9.0,Relatively New,1765.0,0,1,0,0,0,0,100
flat,pyramid urban,sector 67a,0.6,8571.42857142857,2,2,2,14.0,New Property,633.0,0,0,0,0,0,0,15
flat,dlf city plots phase 3,sector 24,6.5,18571.42857142857,4,5,3+,3.0,New Property,3889.0,0,1,0,0,0,2,42
house,dlf city plots,sector 26,4.0,4530.524408200249,4,3,2,2.0,Relatively New,8829.0,0,0,0,0,0,1,0
flat,vatika gurgaon,sector 83,1.18,6801.152737752162,3,3,2,14.0,Relatively New,1618.0,0,0,0,0,0,0,26
flat,supertech araville,sector 79,1.1,5641.025641025641,3,3,3,1.0,Relatively New,2167.0,0,0,0,0,0,1,106
flat,emaar mgf the palm drive,sector 66,3.2,17777.777777777777,3,3,3,12.0,Relatively New,1800.0,1,1,1,1,0,0,117
flat,mapsko mount ville,sector 79,1.3,8024.691358024691,3,3,2,6.0,Relatively New,1215.0,1,0,0,1,0,0,151
flat,puri diplomatic greens,sector 111,3.7,12542.372881355932,4,5,3+,12.0,Relatively New,2650.0,0,1,0,0,0,1,158
flat,nbcc heights,sector 89,1.5,7058.823529411765,3,3,3,8.0,Relatively New,1923.0,1,1,0,0,0,0,105
flat,orris aster court premier,sector 85,1.2,5660.377358490566,3,4,2,6.0,Relatively New,1650.0,0,1,0,0,0,0,28
house,independent,sector 4,1.9,8444.444444444445,4,3,2,2.0,Moderately Old,211.0,0,0,1,1,0,1,46
house,ss aaron ville,sector 49,6.5,18807.87037037037,5,5,2,2.0,Relatively New,3456.0,1,1,0,1,0,1,28
flat,raheja teachers apartments,sector 31,1.2,7272.727272727273,3,2,2,1.0,Moderately Old,1450.0,0,0,0,0,1,2,105
flat,sidhartha ncr one phase,sector 95,0.9,4500.0,3,3,1,15.0,Relatively New,2000.0,0,0,0,0,0,0,60
house,ansal sushant lok 2,sector 56,3.4,22222.222222222223,6,6,3+,2.0,Moderately Old,1530.0,0,0,0,0,0,1,29
flat,godrej,sector 79,1.47,16261.061946902655,2,2,3,9.0,New Property,93.0,1,0,0,0,0,0,99
flat,vatika the seven lamps,sector 82,1.37,8753.993610223642,3,3,3,11.0,Relatively New,2000.0,1,1,0,1,0,1,145
flat,vasant appartments,sector 14,1.7,7391.304347826087,5,5,2,2.0,Old Property,2556.0,1,0,1,1,0,2,71
flat,conscient heritage max,sector 102,1.9,9783.728115345006,3,4,3+,20.0,Relatively New,1757.0,0,1,0,0,0,0,165
flat,silverglades the melia,sohna road,0.91,6801.1958146487295,2,2,3,1.0,New Property,1222.0,1,0,0,0,0,0,72
flat,bestech park view ananda,sector 81,1.35,7541.899441340782,3,3,3+,10.0,Moderately Old,1438.0,0,0,1,0,0,1,72
flat,raheja vedaanta,sector 108,0.7,4666.666666666667,2,2,1,10.0,Moderately Old,1468.0,0,0,0,0,0,0,0
flat,tulip violet,sector 69,1.42,8998.73257287706,3,3,2,8.0,Relatively New,1428.0,0,0,0,1,0,1,94
flat,experion windchants,sector 112,3.75,13383.297644539614,3,5,3+,22.0,Relatively New,2536.0,0,1,0,0,0,1,49
flat,bptp terra,sector 37d,1.79,8981.435022579026,4,3,3,15.0,Relatively New,1808.0,0,0,0,0,1,1,37
flat,dlf regency park,sector 28,1.35,11739.130434782608,2,2,2,14.0,Old Property,1120.0,0,0,1,0,0,0,66
flat,rof ananda,sector 95,0.55,5500.0,3,2,2,14.0,New Property,866.0,1,0,0,0,0,2,30
flat,bestech park view residency,sector 2,1.26,8051.11821086262,2,2,3,7.0,Moderately Old,1416.0,1,0,0,0,0,0,84
flat,sidhartha ncr one phase,sector 95,0.46,4646.464646464647,2,2,0,6.0,New Property,990.0,0,0,0,0,0,0,0
flat,sapphire eighty three,sector 83,0.4,8547.008547008547,1,1,1,6.0,Relatively New,520.0,0,0,0,0,0,2,52
flat,aipl club residences,sector 70a,1.27,9776.751347190146,2,2,3+,24.0,Relatively New,1449.0,0,0,0,0,1,1,113
flat,greenopolis,sector 89,0.9,4699.738903394255,3,3,0,14.0,Under Construction,1910.0,0,0,0,0,0,0,67
flat,huda housing board society,sector 52,0.45,9740.25974025974,1,1,0,0.0,Moderately Old,513.0,0,0,0,1,0,1,43
flat,dlf regal gardens,sector 90,1.25,10416.666666666666,3,3,3,18.0,Moderately Old,1437.0,0,1,0,0,0,0,100
house,unitech nirvana birch court,sector 50,6.8,31481.48148148148,4,4,3+,2.0,Old Property,2160.0,1,1,0,1,0,0,105
flat,indiabulls centrum park,sector 103,1.2,8432.8882642305,2,2,3,3.0,Moderately Old,1288.0,0,0,0,0,0,0,26
flat,lotus elise,sector 99,0.95,6551.724137931034,2,3,3,7.0,Relatively New,1611.0,0,1,0,0,0,0,0
house,vatika signature villas,sector 82,4.7,21759.25925925926,3,3,3+,3.0,New Property,2160.0,0,1,0,0,0,0,33
flat,ireo the grand arch,sector 58,4.85,16934.35754189944,4,5,3,23.0,Relatively New,3182.0,1,1,0,1,1,1,49
flat,puri diplomatic greens,sector 111,2.65,13589.74358974359,3,4,2,7.0,Relatively New,2086.0,0,1,0,0,0,1,159
house,independent,sector 11,1.2,4444.444444444444,7,3,0,3.0,Moderately Old,300.0,0,0,0,0,0,0,0
flat,tulip white,sector 69,0.9,6000.0,3,2,3+,1.0,Relatively New,1326.0,0,0,0,0,0,1,149
flat,dlf royalton tower,sector 43,6.5,22108.843537414967,4,5,2,8.0,Relatively New,2661.0,0,1,0,0,0,0,15
house,vipul tatvam villa,sector 48,8.4,21000.0,4,5,3+,2.0,Moderately Old,4000.0,1,1,0,1,0,1,49
flat,emaar gurgaon greens,sector 102,1.35,8181.818181818182,3,3,3,5.0,Relatively New,1315.0,0,1,0,0,0,0,119
flat,godrej nature plus,sector 33,1.65,14335.360556038228,2,2,3,1.0,Under Construction,1279.0,0,0,0,0,0,0,38
flat,ansal plaza,sector 2,1.0,10000.0,2,3,0,1.0,Moderately Old,1000.0,0,0,0,0,0,0,0
flat,ss the leaf,sector 85,1.06,6343.506882106523,2,2,2,12.0,Relatively New,1512.0,0,0,0,0,0,0,44
flat,signature global city 81,sector 81,0.89,8279.06976744186,2,2,2,3.0,Relatively New,1194.0,0,0,0,0,1,0,20
flat,paras irene,sector 70a,1.3,9219.85815602837,2,2,3,19.0,Moderately Old,1426.0,0,0,0,0,0,1,49
flat,signature global grand iva,sector 103,0.5,6666.666666666667,2,2,0,10.0,Relatively New,750.0,0,0,0,0,0,0,0
flat,ats tourmaline,sector 109,1.4,8000.0,3,3,3+,9.0,Relatively New,1584.0,0,0,0,0,0,0,95
house,independent,sector 6,0.75,10518.934081346424,2,4,1,3.0,Moderately Old,713.0,0,0,0,0,0,0,62
flat,godrej nature plus,sector 33,1.4,15118.79049676026,3,2,3+,20.0,New Property,113.0,0,0,0,0,0,0,70
flat,emaar mgf the palm drive,sector 66,4.6,18400.0,3,3,3,11.0,Relatively New,2882.0,1,1,1,1,0,0,131
flat,tulip violet,sector 69,1.31,8517.555266579973,3,3,2,12.0,Relatively New,1392.0,0,0,0,1,0,1,174
house,independent,sector 3 phase 2,1.0,11111.111111111111,3,4,2,2.0,Relatively New,900.0,0,0,0,0,0,0,0
house,4s aradhya homes,sector 67a,1.83,6777.777777777777,4,4,2,4.0,New Property,300.0,0,0,0,1,0,1,145
flat,aardhya homesh,sector 67a,1.85,8043.478260869565,4,4,0,4.0,New Property,2556.0,0,0,0,0,0,0,0
house,independent,sector 47,5.25,11666.666666666666,9,9,3+,4.0,Relatively New,4650.0,0,1,0,0,0,1,142
house,experion windchants,sector 112,9.5,23456.79012345679,5,5,3,2.0,Relatively New,7450.0,0,1,0,0,0,0,45
flat,ss the leaf,sector 85,1.09,6662.591687041565,2,2,3,5.0,Relatively New,1475.0,0,0,0,0,0,0,49
house,independent,sector 8,1.6,3185.9816806053364,4,6,1,3.0,Relatively New,62.0,0,0,0,0,0,0,0
flat,tata primanti,sector 72,5.0,11111.111111111111,4,4,3+,2.0,Moderately Old,4500.0,1,1,0,1,1,1,174
flat,dlf the ultima,sector 81,3.25,11805.303305484926,4,4,3+,11.0,Moderately Old,2491.0,0,1,0,0,0,0,28
flat,tulip violet,sector 69,3.1,9822.56020278834,4,6,3+,14.0,Relatively New,2817.0,0,1,0,1,0,0,174
flat,corona gracieux,sector 76,1.46,5499.0583804143125,4,6,3+,8.0,New Property,2398.0,0,1,0,0,0,0,58
house,independent,sector 24,5.25,38888.88888888889,4,4,3+,2.0,Relatively New,1350.0,0,1,0,1,0,1,72
house,emaar mgf marbella,sector 66,12.0,37037.03703703704,4,4,3+,3.0,Relatively New,3240.0,1,1,1,1,0,1,160
flat,ss the leaf,sector 85,2.2,11178.861788617884,4,5,3+,4.0,Relatively New,2390.0,0,1,0,1,0,0,174
flat,mapsko mount ville,sector 79,1.2,8053.6912751677855,3,3,3,9.0,Relatively New,1321.0,1,0,0,0,0,1,104
flat,corona optus,sector 37c,1.44,7250.755287009063,3,3,3+,8.0,New Property,2211.0,0,1,0,0,0,0,37
flat,signature global synera,sector 81,0.31,7434.052757793765,1,1,1,13.0,Relatively New,366.0,0,0,0,0,0,2,123
house,international city by sobha phase 1,sector 109,6.0,9633.911368015417,5,5,3+,2.0,Relatively New,6228.0,1,1,1,1,0,0,160
flat,vatika gurgaon,sector 83,1.12,6455.3314121037465,3,3,2,4.0,Relatively New,1200.0,1,1,1,1,0,1,165
flat,dlf regency park,sector 28,2.25,14516.129032258064,3,3,2,16.0,Old Property,1700.0,0,1,0,0,0,0,89
flat,corona optus,sector 37c,1.2,6916.4265129683,3,4,3,8.0,Relatively New,1635.0,0,0,0,0,0,0,149
house,unitech espace,sector 50,10.45,32253.086419753086,5,7,3+,3.0,Moderately Old,3240.0,1,1,0,1,1,1,153
house,sai kripa floors 5,sector 11,0.9,11250.0,2,5,3,3.0,Relatively New,800.0,0,0,0,0,0,0,0
flat,suposhaa smartworld orchard,sector 61,2.25,14525.500322788896,3,3,2,3.0,New Property,1721.0,0,0,0,0,0,0,0
flat,signature the serenas,sohna road,0.28,56.999776072308286,1,1,2,1.0,Relatively New,54234.0,1,0,0,0,0,0,37
flat,imperia the esfera,sector 37c,0.7,4878.048780487805,2,3,3+,12.0,Under Construction,1299.0,1,0,0,0,1,0,58
flat,shapoorji pallonji joyville gurugram,sector 102,1.26,10039.8406374502,2,2,2,10.0,Relatively New,1100.0,0,0,0,0,0,0,108
flat,ats triumph,sector 104,1.73,7554.585152838428,3,4,3+,15.0,Relatively New,2072.0,0,1,0,0,0,0,159
flat,ss the leaf,sector 85,1.15,10017.421602787455,2,2,3+,18.0,Relatively New,1380.0,0,0,1,0,0,0,156
house,independent,sector 45,8.5,26234.567901234568,5,4,2,1.0,Moderately Old,3240.0,0,1,0,1,0,1,49
flat,pgr shree kripaluji apartment,sector 52,1.4,6086.95652173913,3,3,3+,8.0,Relatively New,2556.0,0,0,0,0,0,1,80
flat,shree vardhman flora,sector 90,0.65,4814.814814814815,2,2,3,6.0,Relatively New,1222.0,1,0,0,0,0,0,165
flat,ss the leaf,sector 85,1.25,7179.781734635267,2,2,2,16.0,Relatively New,1934.0,0,0,0,0,0,1,49
flat,shapoorji pallonji joyville gurugram,sector 102,1.95,13928.57142857143,3,3,3,6.0,New Property,1616.0,0,0,0,1,0,1,174
flat,eldeco accolade,sohna road,0.71,5608.214849921011,2,2,3,10.0,Relatively New,1154.0,0,0,0,0,0,0,159
flat,aipl the peaceful homes,sector 70a,2.5,10638.297872340425,3,4,3,8.0,Relatively New,2127.0,0,1,1,0,0,1,174
flat,emaar mgf emerald floors premier,sector 65,2.5,15151.515151515152,3,3,3,3.0,Relatively New,1493.0,1,1,0,0,0,0,15
house,international city by sobha phase 1,sector 109,12.0,20000.0,5,6,3,2.0,Relatively New,7000.0,1,1,0,0,0,1,154
flat,alpha corp gurgaonone,sector 84,1.52,7904.316172646906,3,4,3,15.0,Relatively New,1703.0,0,1,0,0,0,0,92
flat,emaar gurgaon greens,sector 102,1.4,8484.848484848484,3,3,3,3.0,Relatively New,1315.0,0,1,0,0,0,0,60
flat,m3m the marina,sector 68,1.45,9615.384615384615,3,2,3+,9.0,New Property,1365.0,0,0,0,0,0,0,0
flat,vipul lavanya,sector 81,0.75,5966.587112171837,2,2,2,7.0,Moderately Old,1397.0,0,0,0,0,0,0,37
flat,emaar mgf the palm drive,sector 66,3.98,18090.90909090909,3,4,3+,2.0,Moderately Old,2200.0,0,1,0,0,0,1,123
flat,sobha city,sector 108,3.25,15685.328185328186,3,3,3,12.0,Relatively New,2072.0,0,0,0,0,0,0,99
flat,vatika sovereign park,sector 99,3.2,9922.480620155038,4,4,0,5.0,New Property,3225.0,0,0,0,0,0,0,23
flat,supertech hues,sector 68,0.9,7627.118644067797,2,2,2,1.0,New Property,1311.0,0,0,0,0,0,0,44
flat,satya the hermitage,sector 103,0.89,6137.931034482759,2,3,3,1.0,Relatively New,1257.0,0,1,0,0,0,0,75
flat,dlf express greens,manesar,1.5,6358.62653666808,4,5,3+,10.0,New Property,2135.0,0,1,0,0,0,0,32
house,bptp visionnaire,sector 70a,4.6,17624.521072796935,4,4,3+,3.0,Moderately Old,2610.0,1,1,1,1,0,0,96
house,independent,sector 2,1.15,19360.26936026936,3,3,2,2.0,Old Property,66.0,0,0,0,0,0,1,32
flat,avl 36 gurgaon,sector 36a,0.37,10541.31054131054,1,1,1,3.0,Relatively New,319.0,0,0,0,0,0,1,88
flat,tata primanti,sector 72,3.3,15384.615384615385,3,3,3+,10.0,Relatively New,2000.0,0,1,0,0,0,1,165
house,vipul tatvam villa,sector 48,7.8,23145.40059347181,4,4,3+,2.0,Relatively New,3370.0,1,1,1,1,0,1,145
flat,signature global solera,sector 107,0.28,5622.489959839358,2,2,2,14.0,Relatively New,543.0,0,0,0,0,0,0,38
flat,ansal api esencia,sector 67,1.2,7407.407407407408,3,3,2,1.0,Relatively New,200.0,0,0,0,0,0,0,49
flat,alpha corp gurgaonone,sector 84,2.2,7586.206896551724,4,4,3,10.0,Relatively New,3222.0,0,1,0,0,0,0,21
flat,shree vardhman victoria,sector 70,1.64,8410.25641025641,3,5,3,8.0,Relatively New,1527.0,0,1,0,0,0,0,126
flat,signature global city 37d ph 2,sector 37d,1.35,9375.0,3,3,3+,3.0,Relatively New,1600.0,0,0,0,1,0,0,51
flat,ss the coralwood,sector 84,1.1,4856.512141280353,3,3,2,9.0,Relatively New,1584.0,0,0,0,0,0,0,75
flat,rof ananda,sector 95,0.46,6318.681318681319,2,2,2,11.0,New Property,809.0,1,0,0,0,0,0,82
house,not applicable,sector 4,0.65,13000.0,2,1,1,3.0,Moderately Old,500.0,0,0,0,0,0,0,7
flat,satya the hermitage,sector 103,0.99,6653.225806451613,3,4,3+,2.0,Relatively New,1731.0,0,1,0,1,0,0,174
house,independent,sector 55,3.1,20025.83979328165,5,4,3+,2.0,Moderately Old,1548.0,0,1,1,0,0,1,59
flat,godrej aria,sector 79,1.0,6653.35994677312,2,2,2,4.0,Relatively New,1300.0,1,0,0,0,0,0,49
flat,ss residency,sector 6,0.48,5333.333333333333,3,2,2,2.0,Moderately Old,111.0,0,0,0,0,0,0,54
flat,shapoorji pallonji joyville gurugram,sector 102,1.28,10534.979423868312,2,2,3,10.0,Relatively New,1100.0,0,0,0,0,0,0,49
flat,ashiana mulberry,sohna road,1.07,6184.971098265896,3,3,3+,7.0,Relatively New,1600.0,0,0,0,0,0,0,167
flat,dlf the primus,sector 82a,1.87,10394.663702056698,3,3,3,31.0,Moderately Old,1668.0,0,0,0,1,0,0,38
flat,bptp terra,sector 37d,1.49,8106.637649619151,3,3,3,20.0,Relatively New,1707.0,0,0,0,0,1,0,49
flat,tarc maceo,sector 91,0.95,5952.380952380952,2,2,2,10.0,Relatively New,1186.0,0,0,0,0,0,0,77
house,independent,sector 4,0.65,10317.460317460318,1,1,1,1.0,Moderately Old,70.0,0,0,0,0,1,0,21
flat,adani m2k oyster grande,sector 102,2.4,9305.932531989143,3,4,3+,3.0,Relatively New,2334.0,1,0,0,0,0,1,49
flat,indiabulls centrum park,sector 103,2.45,8521.739130434782,4,6,3,5.0,Relatively New,2602.0,0,1,0,0,0,0,38
flat,milan cghs 9,sector 39,2.0,8333.333333333334,3,3,3+,0.0,Old Property,2400.0,0,0,0,0,0,0,0
flat,sbr minda sec 1 imt manesar,manesar,0.65,4259.501965923984,3,2,3+,6.0,Moderately Old,1696.0,0,0,0,0,0,0,5
flat,indiabulls centrum park,sector 103,1.32,7787.610619469026,3,3,3+,6.0,Relatively New,1300.0,1,0,0,0,0,0,49
flat,smart world one,dwarka expressway,1.65,5933.117583603021,3,4,3,6.0,Under Construction,3094.0,0,0,0,0,0,0,0
flat,indiabulls centrum park,sector 103,1.33,8580.645161290322,3,3,3+,8.0,Relatively New,1671.0,1,0,0,0,0,0,150
flat,ambience creacions,sector 22,1.75,12699.56458635704,2,2,2,11.0,New Property,1249.0,0,0,0,0,0,0,57
flat,aipl joy square,sector 63a,0.7,10101.0101010101,1,1,0,7.0,Relatively New,693.0,0,0,0,0,0,0,0
flat,signature global the millennia,sector 37d,0.55,9166.666666666666,2,2,3,3.0,New Property,543.0,0,0,0,0,0,0,53
flat,citizen apartment,sector 51,3.55,6825.610459527014,5,6,3+,11.0,Moderately Old,5200.0,1,1,1,1,0,1,157
flat,bptp pedestal,sector 70a,1.6,10158.73015873016,3,3,3,2.0,New Property,1750.0,0,1,0,0,1,0,77
flat,bestech park view sanskruti,sector 92,1.55,9687.5,3,3,3,17.0,Relatively New,1792.0,0,1,0,0,0,1,60
flat,orris carnation residency,sector 85,0.88,5953.991880920163,3,3,1,1.0,Relatively New,1344.0,0,0,0,0,0,0,65
house,independent,sector 13,9.0,11111.111111111111,10,5,3+,4.0,Old Property,8100.0,0,0,0,0,0,0,0
flat,m3m woodshire,sector 107,1.29,8835.616438356165,3,3,3+,1.0,Relatively New,1690.0,0,0,0,1,0,1,174
flat,signature global solera,sector 107,0.36,6569.343065693431,2,2,1,9.0,Relatively New,496.0,0,0,0,0,0,0,28
flat,conscient heritage max,sector 102,2.2,10237.319683573754,3,4,3+,20.0,Relatively New,1186.0,1,1,0,0,0,1,45
flat,gls avenue 51,sector 92,0.45,7614.213197969543,2,2,1,10.0,New Property,646.0,1,0,0,0,0,1,20
flat,tulip violet,sector 69,1.68,8349.900596421472,4,4,2,1.0,Relatively New,1819.0,0,0,0,1,0,0,102
house,independent,sector 23,2.7,18620.689655172413,5,5,2,3.0,Old Property,1450.0,0,0,0,0,0,1,17
flat,dlf regal gardens,sector 90,1.7,7221.750212404418,4,4,3+,15.0,Moderately Old,2005.0,0,1,0,0,0,0,38
flat,antriksh heights,sector 84,0.6,5000.0,2,2,2,14.0,Relatively New,1086.0,0,0,0,0,0,0,52
flat,indiabulls enigma,sector 110,4.49,11572.164948453608,5,5,3+,4.0,Relatively New,3511.0,0,1,0,0,0,0,165
flat,dlf the ultima,sector 81,2.3,10936.757013789824,3,3,3+,19.0,Relatively New,1617.0,1,1,0,1,1,2,49
flat,suncity vatsal valley,gwal pahari,1.45,10139.86013986014,3,3,3,4.0,Under Construction,1430.0,0,0,0,0,0,0,49
flat,zara aavaas,sector 104,0.4,7029.8769771529,2,2,1,4.0,Relatively New,514.0,0,0,0,0,0,0,52
flat,sunischit apartments,sector 54,1.69,7952.941176470588,3,3,3+,5.0,Old Property,1991.0,0,1,0,0,0,1,65
flat,shree vardhman victoria,sector 70,1.6,8205.128205128205,3,5,3,6.0,Relatively New,2167.0,0,1,0,0,0,0,174
house,tata primanti,sector 72,8.5,13492.063492063491,5,6,3+,10.0,Relatively New,6300.0,1,1,1,1,0,1,145
flat,mapsko mount ville,sector 79,1.25,8389.261744966443,3,3,3+,16.0,Relatively New,1656.0,0,0,0,0,0,1,49
house,independent,sector 43,2.55,13178.29457364341,3,3,2,3.0,Relatively New,1935.0,0,0,0,0,0,1,60
flat,ss residency,sector 12,0.53,4818.181818181818,3,3,2,2.0,Relatively New,995.0,0,0,0,0,0,1,14
flat,zara aavaas,sector 104,0.4,7029.8769771529,2,2,1,14.0,Relatively New,515.0,0,0,0,0,0,0,38
flat,ambience creacions,sector 22,2.4,17391.304347826088,2,2,2,8.0,Relatively New,1200.0,0,0,0,0,1,2,112
house,eros rosewood city,sector 49,4.05,20769.23076923077,3,3,3,2.0,Moderately Old,2000.0,0,1,1,0,0,0,46
flat,antriksh heights,sector 84,0.89,4369.170348551792,3,3,3,8.0,Relatively New,1833.0,0,0,0,1,0,0,67
flat,signature global city,sector 37d,1.25,6082.725060827251,3,3,3,4.0,Relatively New,2283.0,0,0,0,0,0,0,16
house,international city by sobha phase 1,sector 109,6.1,25102.880658436214,5,6,3+,2.0,Moderately Old,2430.0,0,1,0,0,0,0,30
flat,signature global park,sohna road,0.58,7055.961070559611,2,2,2,3.0,Relatively New,822.0,0,0,0,0,0,0,58
flat,puri the aravallis,sector 61,3.87,17200.0,3,4,3+,21.0,New Property,2250.0,0,1,0,0,0,0,58
house,independent,sector 43,8.25,30555.555555555555,5,6,3+,3.0,Moderately Old,2700.0,1,1,1,1,0,1,64
flat,sare crescent parc,sector 92,0.71,4933.98193189715,3,3,2,6.0,Relatively New,1596.0,0,0,0,0,0,0,37
flat,emaar mgf emerald estate,sector 65,1.42,13921.56862745098,2,2,2,6.0,Relatively New,1010.0,1,0,0,0,0,1,174
flat,ss the leaf,sector 85,1.17,7001.795332136445,2,2,3,11.0,Relatively New,1660.0,0,0,0,0,0,0,49
flat,paras dews,sector 106,1.25,10656.436487638532,3,4,3,14.0,Relatively New,1305.0,1,1,0,0,0,0,167
flat,parsvnath green ville,sector 48,2.5,12820.51282051282,4,5,3,1.0,Moderately Old,2167.0,0,0,0,0,1,1,49
flat,bestech park view sanskruti,sector 92,2.0,8333.333333333334,4,5,3+,12.0,Relatively New,2453.0,0,1,0,0,0,1,60
house,independent,sector 26,15.0,33333.333333333336,4,4,3,3.0,Moderately Old,4500.0,0,1,1,0,0,1,36
flat,ss the leaf,sector 85,1.18,10094.09751924722,2,3,3,12.0,Relatively New,1420.0,0,0,0,1,0,1,150
house,independent,sector 47,4.6,26620.37037037037,2,6,3+,4.0,Moderately Old,1728.0,0,0,0,0,0,2,51
flat,dlf the ultima,sector 81,2.35,11233.269598470364,3,4,3+,18.0,Relatively New,1558.0,0,1,0,0,0,0,106
flat,experion windchants,sector 112,3.1,20666.666666666668,2,2,3,9.0,Relatively New,1500.0,1,1,1,0,0,1,80
flat,tata primanti,sector 72,4.1,14099.0371389271,4,5,3+,39.0,New Property,2629.0,0,1,0,0,1,0,103
flat,pyramid urban,sector 67a,0.56,7932.011331444759,2,2,2,0.0,Relatively New,778.0,0,0,0,0,1,0,49
flat,shapoorji pallonji joyville gurugram,sector 102,2.5,13997.760358342664,3,3,3,15.0,Relatively New,1653.0,0,0,0,0,0,0,151
flat,hero homes,dwarka expressway,1.6,7823.960880195599,3,3,3,1.0,New Property,1529.0,0,0,0,0,0,0,49
flat,prime habitat,sector 99a,0.27,5432.595573440643,2,2,1,4.0,New Property,552.0,0,0,0,0,0,0,7
house,eldeco mansionz,sector 48,6.4,23703.703703703704,4,4,3,3.0,Moderately Old,2700.0,0,1,1,0,0,1,151
flat,shree vardhman flora,sector 90,0.65,6792.058516196447,2,2,3,9.0,Relatively New,1050.0,1,0,0,0,0,0,67
flat,siddhi vinayak apartments,sector 55,1.44,9600.0,3,3,2,6.0,Moderately Old,1700.0,0,0,0,0,1,1,47
house,independent,sector 56,4.0,26613.43978709248,4,4,3+,2.0,Relatively New,1503.0,0,0,0,0,0,1,24
flat,parsvnath green ville,sector 48,1.75,7201.64609053498,3,3,3,7.0,Old Property,2200.0,0,1,0,0,0,1,109
flat,emaar mgf emerald floors premier,sector 65,2.36,14303.030303030304,3,3,3,2.0,Relatively New,1524.0,1,1,0,0,0,1,136
flat,spaze privy,sector 72,1.9,9620.253164556962,3,3,3,10.0,Relatively New,1975.0,0,0,0,0,0,0,0
house,independent,sector 12,1.5,11111.111111111111,5,5,2,3.0,Old Property,150.0,0,0,0,0,0,0,16
house,independent,sector 17,0.29,3254.769921436588,2,1,0,0.0,Old Property,891.0,0,0,0,0,0,0,0
flat,chd avenue,sector 71,1.25,7171.54331612163,3,4,2,7.0,Relatively New,1577.0,0,1,0,0,0,1,160
flat,today callidora,sector 73,1.0,7692.307692307692,2,2,2,13.0,New Property,1444.0,0,0,0,0,0,0,0
flat,jammu and kashmir bank employees cghs,sector 9a,0.95,6129.032258064516,3,3,2,5.0,Moderately Old,1403.0,0,0,0,0,1,0,30
flat,godrej aria,sector 79,1.1,11482.254697286013,2,2,3,9.0,New Property,81.0,0,0,0,0,0,0,62
house,ashok vihar phase 3 gurgaon,sector 3 phase 3 extension,0.95,8878.504672897196,4,3,2,1.0,Old Property,1070.0,0,0,0,0,0,0,8
flat,bestech park view grand spa,sector 81,2.91,9136.57770800628,4,5,2,6.0,Relatively New,3017.0,0,1,0,0,0,1,101
house,international city by sobha phase 2,sector 109,8.48,23555.555555555555,4,6,3+,3.0,New Property,3600.0,1,1,1,1,0,0,153
flat,ireo the grand arch,sector 58,2.2,16000.0,2,2,1,5.0,Relatively New,1528.0,0,0,0,1,0,1,49
flat,shree vardhman victoria,sector 70,1.55,7948.717948717948,3,5,3,8.0,Relatively New,1527.0,0,1,0,0,0,0,174
flat,pareena laxmi apartments,sector 99a,0.32,5517.241379310345,2,2,1,2.0,New Property,577.0,0,0,0,0,0,0,43
flat,bptp terra,sector 37d,1.4,7730.535615681943,3,3,3,5.0,Relatively New,1711.0,0,0,0,0,0,1,149
flat,umang monsoon breeze,sector 78,0.88,4746.4940668824165,3,4,3,8.0,Moderately Old,1668.0,0,1,0,1,0,0,111
house,huda ashok vihar phase,sector 4,0.7,10233.91812865497,3,2,1,2.0,New Property,684.0,1,0,0,0,0,0,7
house,independent,sector 50,11.58,35740.74074074074,5,5,3,2.0,Moderately Old,3240.0,0,1,0,0,0,0,20
flat,vatika lifestyle homes,sector 83,1.05,7500.0,3,2,2,1.0,Moderately Old,1600.0,0,0,0,0,0,1,106
flat,central park flower valley,sector 33,3.3,13750.0,3,3,3,2.0,New Property,2667.0,1,1,1,1,0,0,61
house,independent,sector 14,6.4,20317.46031746032,6,6,3+,3.0,Old Property,3150.0,0,0,0,0,1,0,35
flat,godrej,sector 79,1.3,8269.720101781171,2,2,3,3.0,New Property,1423.0,1,0,0,0,0,0,49
flat,dlf regal gardens,sector 90,1.19,5504.162812210916,3,3,2,11.0,Relatively New,1562.0,0,0,0,0,1,0,88
flat,ramprastha the edge towers,sector 37d,0.71,5419.847328244275,2,2,3,10.0,New Property,1100.0,0,0,0,0,1,0,38
flat,shree vardhman victoria,sector 70,1.15,8518.518518518518,2,2,2,6.0,Relatively New,1500.0,1,0,0,0,0,0,85
flat,tulip ivory,sector 70,2.0,8333.333333333334,4,5,3+,6.0,Moderately Old,2114.0,0,1,0,0,0,1,95
flat,mapsko mount ville,sector 79,1.25,8389.261744966443,3,3,3,18.0,Relatively New,1058.0,1,0,0,0,0,1,102
flat,signature the roselia,sector 95,0.41,7295.373665480427,2,2,2,12.0,New Property,670.0,0,0,0,0,0,1,93
flat,pyramid urban homes 2,sector 86,0.44,7321.131447587354,2,2,2,6.0,Relatively New,668.0,0,0,0,0,0,1,63
flat,bestech park view grand spa,sector 81,2.35,8834.586466165414,3,4,3+,6.0,Relatively New,2513.0,0,1,0,0,0,1,101
flat,umang winter hills,sector 77,1.2,6586.169045005488,3,3,3,14.0,Relatively New,1822.0,0,0,0,0,0,0,46
flat,bestech park view residency,sector 2,0.56,8628.659476117104,1,1,2,6.0,Moderately Old,723.0,0,0,0,0,0,0,77
house,anamika enclave,sector 12,6.0,14492.753623188406,9,9,3+,3.0,Old Property,9000.0,0,0,0,0,0,0,9
flat,gls avenue 51,sector 92,0.39,6074.7663551401865,3,3,3+,6.0,Relatively New,713.0,0,0,0,0,0,0,104
flat,sidhartha ncr one,sector 95,0.56,4105.571847507332,2,2,2,10.0,New Property,1364.0,0,0,0,0,0,0,0
house,row house,sector 105,0.43,9129.51167728238,3,3,3,2.0,Relatively New,1050.0,0,0,0,0,0,0,0
flat,global height,sohna road,0.45,6338.028169014085,2,2,2,6.0,Relatively New,789.0,0,0,0,0,0,2,49
flat,vatika inxt floors,sector 82a,0.75,7500.0,2,2,2,1.0,Relatively New,1000.0,0,0,0,0,0,0,0
flat,shree vardhman flora,sector 90,0.7,5177.514792899408,2,2,3,9.0,New Property,1224.0,1,0,0,0,0,0,97
flat,lotus homz,sector 111,0.36,8888.888888888889,1,1,1,10.0,Relatively New,450.0,0,0,0,0,0,0,44
flat,the lions cghs,sector 56,2.09,8708.333333333334,4,4,3+,7.0,Relatively New,2300.0,0,0,0,0,1,1,125
flat,ss the leaf,sector 85,2.15,7645.803698435277,4,5,3+,1.0,Relatively New,2545.0,0,1,0,0,0,0,165
flat,ss the leaf,sector 85,1.3,7926.829268292683,2,2,2,17.0,New Property,1484.0,0,0,0,0,0,0,90
flat,ats triumph,sector 104,2.65,8412.698412698413,4,4,3+,14.0,Relatively New,2898.0,0,1,0,0,0,0,21
house,ansal sushant residency,sector 57,4.6,17037.037037037036,6,6,3,3.0,Old Property,2700.0,1,1,1,1,0,2,102
flat,godrej oasis,sector 88a,1.15,7116.336633663366,2,2,3,14.0,Relatively New,1380.0,1,0,0,1,0,0,174
flat,ansal heights 86,sector 86,0.87,5367.057371992597,2,2,1,12.0,New Property,1231.0,0,0,0,0,1,1,45
flat,tata primanti,sector 72,3.4,15560.640732265449,3,4,3+,9.0,Moderately Old,2185.0,0,1,0,0,0,0,38
house,independent,sector 26,4.0,29629.62962962963,4,4,3,2.0,Old Property,1350.0,0,0,1,0,0,0,41
flat,emaar mgf emerald floors premier,sector 65,2.8,16969.696969696968,3,3,3+,3.0,Relatively New,1650.0,1,1,0,0,0,1,38
house,independent,sector 28,12.0,42194.09282700422,4,5,3+,4.0,Relatively New,2844.0,0,1,1,1,0,1,60
flat,adani m2k oyster grande,sector 102,4.55,10000.0,4,4,3+,11.0,Relatively New,4630.0,0,0,0,0,0,1,60
flat,signature global grand iva,sector 103,0.3,8287.292817679558,1,2,2,5.0,New Property,402.0,0,0,0,0,0,0,37
flat,shree vardhman victoria,sector 70,1.15,8518.518518518518,2,2,3,8.0,Relatively New,1222.0,1,0,0,0,1,0,49
flat,ireo victory valley,sector 67,2.95,12110.016420361248,3,3,3+,14.0,Moderately Old,2236.0,0,1,0,1,0,1,165
flat,godrej nature plus,sector 33,1.45,15658.747300215982,3,2,3+,20.0,Under Construction,118.0,1,0,0,0,0,0,144
flat,lig flat,sector 40,1.5,5555.555555555556,1,1,0,0.0,Moderately Old,300.0,0,0,0,0,0,0,0
house,rwa sector 46,sector 46,3.5,21604.938271604937,4,4,2,2.0,Relatively New,1620.0,0,0,0,1,0,1,30
flat,mvn athens,sohna road,0.25,5197.505197505197,2,2,0,0.0,Relatively New,481.0,0,0,0,0,0,0,37
house,independent,sector 28,10.5,32407.40740740741,5,6,3+,3.0,New Property,3240.0,1,1,0,1,0,1,153
flat,irwo westend towers,sector 47,0.65,12059.369202226346,1,1,2,3.0,Old Property,599.0,0,0,0,0,0,0,56
house,international city by sobha phase 2,sector 109,6.25,10035.324341682724,5,7,3+,3.0,Relatively New,6228.0,1,1,1,1,0,0,147
flat,pyramid pride,sector 76,0.5,6578.9473684210525,2,2,1,8.0,Under Construction,844.0,0,0,0,0,0,0,76
house,housing board colony,sector 28,2.1,23333.33333333333,2,8,3+,4.0,Moderately Old,100.0,0,0,0,0,1,1,38
flat,indiabulls enigma,sector 110,3.25,9558.823529411764,4,4,3,11.0,Relatively New,3077.0,0,1,0,0,1,0,125
flat,pioneer park,sector 61,2.04,14623.655913978497,3,3,3+,16.0,Moderately Old,1595.0,0,1,0,0,0,1,165
flat,shapoorji pallonji joyville gurugram,sector 102,0.97,16440.677966101695,2,2,2,10.0,Relatively New,742.0,0,0,0,0,0,0,151
house,independent,sohna road,0.07,2527.075812274368,1,1,0,1.0,Relatively New,33.0,0,0,0,0,0,0,0
flat,ss radiance residency,sector 12,0.6,5660.377358490566,3,3,2,3.0,Relatively New,1178.0,0,0,0,0,0,0,44
flat,m3m heights,sector 65,1.99,15793.650793650791,2,2,2,26.0,Relatively New,1140.0,0,0,0,0,0,0,48
flat,ss,sector 85,2.17,7716.927453769559,4,4,3,7.0,Relatively New,2600.0,1,1,0,1,0,0,49
flat,godrej,sector 79,2.0,8453.085376162298,3,4,3+,2.0,Relatively New,2629.0,0,1,0,0,0,1,156
house,independent,sector 56,2.99,20634.92063492064,4,4,2,2.0,Moderately Old,1449.0,1,1,0,1,0,1,49
house,vipul tatvam villa,sector 48,7.25,22376.543209876545,4,4,3,2.0,Relatively New,3240.0,1,1,1,1,0,1,103
flat,ambience creacions,sector 22,1.99,15546.875,2,2,2,9.0,New Property,1285.0,0,0,0,0,0,0,49
flat,espire south,sector 68,1.32,9047.292666209732,2,2,2,9.0,New Property,1460.0,0,0,0,0,0,0,0
flat,godrej nature plus,sector 33,1.2,13363.0289532294,2,2,0,11.0,Under Construction,85.0,0,0,0,0,0,0,56
flat,breez global heights,sohna road,0.4,6688.963210702341,2,2,2,7.0,Relatively New,762.0,0,0,0,0,0,0,57
flat,bptp amstoria,sector 102,1.9,8444.444444444445,3,3,3+,1.0,Relatively New,2500.0,0,1,0,0,0,0,174
flat,shree vardhman flora,sector 90,1.27,4951.267056530214,4,5,2,9.0,New Property,2248.0,1,1,0,0,0,0,83
house,independent,sector 21,1.6,11851.851851851852,5,5,2,3.0,Relatively New,120.0,0,0,0,0,0,0,0
flat,experion the heartsong,sector 108,2.0,7196.833393306945,4,4,3+,10.0,Relatively New,2500.0,0,1,0,1,0,1,174
house,vatika the seven lamps,sector 82,1.6,6597.938144329897,4,4,3+,16.0,Moderately Old,2425.0,0,1,0,0,0,0,94
flat,ambience creacions,sector 22,4.1,28101.43934201508,3,3,3+,2.0,New Property,2069.0,0,0,0,0,0,2,119
flat,suncity vatsal valley,gwal pahari,1.38,9650.34965034965,3,3,2,1.0,Relatively New,1294.0,0,0,0,0,0,1,151
flat,umang winter hills,sector 77,1.35,7780.979827089337,3,3,3+,7.0,New Property,1451.0,0,0,1,0,0,1,96
flat,ats tourmaline,sector 109,1.4,8000.0,3,3,3+,5.0,Relatively New,1466.0,0,0,0,0,0,0,44
flat,breez global hill view,sohna road,0.35,5600.0,2,2,2,14.0,Relatively New,694.0,0,0,0,0,0,0,98
flat,ashiana mulberry,sohna road,0.74,6197.654941373535,2,2,3+,12.0,New Property,1344.0,0,0,0,0,0,0,67
flat,umang winter hills,sector 77,1.05,5762.897914379802,3,3,3,7.0,Relatively New,1600.0,0,0,0,0,0,0,49
flat,mapsko mount ville,sector 79,1.5,8264.462809917355,3,4,3+,11.0,Relatively New,1416.0,0,1,0,0,0,1,144
house,independent,sector 43,5.3,27390.18087855297,3,9,3+,3.0,Moderately Old,1935.0,0,1,0,0,0,1,71
flat,godrej,sector 79,1.18,8532.176428054952,2,2,3,7.0,Relatively New,1252.0,0,0,0,0,0,0,158
house,independent,sector 46,2.25,2723.3115468409587,4,3,3,3.0,Relatively New,90.0,1,0,0,0,0,1,35
flat,krrish provence estate,gwal pahari,5.5,9482.758620689656,4,5,3+,11.0,New Property,5249.0,1,1,0,1,0,0,151
flat,shri ram apartments,sector 4,0.46,5111.111111111111,2,2,1,1.0,Relatively New,1000.0,0,0,0,0,0,1,69
flat,bestech spa signature,sector 81,4.45,10595.238095238095,4,4,3+,8.0,Relatively New,3850.0,1,1,0,1,1,1,49
house,independent,sector 26,4.5,33333.333333333336,3,3,2,2.0,Old Property,1350.0,0,0,0,1,0,1,58
flat,ramsons kshitij,sector 95,0.4,5839.41605839416,3,2,2,6.0,New Property,761.0,0,0,0,0,0,0,0
flat,the lions cghs,sector 56,2.05,9534.883720930233,4,4,3,7.0,Relatively New,2000.0,0,1,0,0,1,1,49
house,independent,sector 25,9.9,29333.33333333333,5,5,2,2.0,Moderately Old,3375.0,0,0,0,1,0,1,106
flat,ireo victory valley,sector 67,3.49,12998.137802607076,3,3,3,19.0,Relatively New,2724.0,0,1,0,0,0,0,103
flat,tulip violet,sector 69,1.68,8358.208955223881,4,4,2,2.0,Relatively New,1819.0,0,0,0,1,0,0,112
flat,shapoorji pallonji joyville gurugram,sector 102,1.26,10370.37037037037,2,2,3,7.0,Relatively New,1100.0,0,0,0,0,0,1,49
flat,adani m2k oyster grande,sector 102,2.5,7817.385866166354,4,5,3+,10.0,Relatively New,2600.0,0,1,0,1,0,1,174
flat,mittal surya vihar,sector 21,0.8,7079.646017699115,2,2,2,6.0,Old Property,1256.0,0,0,0,0,0,0,0
flat,tulip violet,sector 69,1.43,9039.190897597977,3,3,2,1.0,Relatively New,1428.0,0,0,0,1,0,0,102
flat,ss the leaf,sector 85,2.03,7229.34472934473,4,4,3+,3.0,Relatively New,2225.0,0,0,0,0,1,0,49
house,independent,sector 38,4.0,21786.49237472767,6,6,3+,4.0,Old Property,1836.0,1,1,0,1,1,1,137
flat,m3m woodshire,sector 107,0.8,5856.515373352855,2,2,3+,7.0,Relatively New,1236.0,0,0,0,0,0,1,165
flat,antriksh heights,sector 84,0.84,4869.565217391304,3,3,3+,8.0,New Property,1561.0,0,0,0,1,0,0,60
flat,tulip violet,sector 69,1.76,9513.513513513511,3,4,2,0.0,Relatively New,1674.0,0,0,0,0,0,0,157
house,independent,sector 15,1.8,10000.0,4,3,1,1.0,Old Property,200.0,0,0,0,0,0,0,16
flat,ats triumph,sector 104,1.85,8078.602620087337,3,3,3+,24.0,Relatively New,2072.0,0,1,0,0,0,0,174
flat,emaar digihomes,sector 62,2.1,13925.729442970822,2,2,3,12.0,New Property,1500.0,0,0,0,0,1,1,49
flat,rof ananda,sector 95,0.26,6842.105263157895,1,1,1,8.0,New Property,422.0,0,0,0,0,0,0,49
house,independent,sector 45,17.0,37777.77777777778,5,8,3+,3.0,Relatively New,4500.0,1,1,1,1,0,2,152
house,independent,sector 43,5.5,19298.245614035088,8,7,3+,3.0,Moderately Old,2850.0,1,1,0,1,1,1,123
flat,signature global park,sohna road,0.65,7907.542579075426,2,1,2,3.0,New Property,913.0,0,0,0,0,0,0,87
flat,ireo victory valley,sector 67,4.75,13929.618768328446,4,4,3+,0.0,Relatively New,3200.0,1,1,1,1,0,1,165
flat,signature global park,sohna road,0.75,6938.020351526365,3,2,3+,4.0,New Property,1201.0,0,0,0,0,0,0,101
house,iffco nagar and 17b rwa,sector 17,3.5,24305.555555555555,2,5,3,3.0,Old Property,1440.0,0,0,0,0,0,0,44
flat,bptp park generations,sector 37d,1.5,9868.421052631578,3,2,3+,17.0,Relatively New,1376.0,0,0,0,0,0,0,42
flat,puri emerald bay,sector 104,1.8,8823.529411764706,2,3,3,23.0,New Property,1538.0,0,1,0,0,0,0,36
flat,vatika gurgaon,sector 83,1.15,5808.080808080808,3,3,2,3.0,Relatively New,1350.0,1,1,1,1,0,1,165
flat,bestech park view city,sector 49,2.7,12505.789717461788,3,4,3+,6.0,Moderately Old,2159.0,0,0,0,0,0,0,0
flat,tata primanti,sector 72,4.1,13726.146635420157,3,3,3,8.0,Moderately Old,2308.0,0,1,0,0,0,0,38
flat,ss the leaf,sector 85,1.05,6161.971830985915,2,2,3+,7.0,Relatively New,1512.0,0,0,1,0,0,0,144
flat,rof ananda,sector 95,0.31,5646.630236794172,2,2,1,5.0,Relatively New,610.0,0,0,0,1,0,1,74
house,dlf city plots,sector 26,19.0,42054.00619743249,6,6,3,2.0,Relatively New,4518.0,1,1,0,0,0,1,121
flat,dlf the belaire,sector 54,10.0,24557.95677799607,4,5,3+,17.0,Moderately Old,3000.0,0,1,0,0,0,2,167
flat,adani m2k oyster grande,sector 102,1.8,9528.851244044468,3,4,3,17.0,Relatively New,1710.0,0,1,0,0,0,0,49
flat,ireo skyon,sector 60,2.65,13125.309559187715,3,4,3+,7.0,Moderately Old,2037.0,0,1,0,0,0,1,152
house,international city by sobha phase 2,sector 109,7.0,12962.962962962964,5,6,2,2.0,Relatively New,5400.0,0,1,0,0,0,0,154
house,dlf pink town house,sector 24,1.9,3786.3690713431647,10,9,3+,3.0,Relatively New,5018.0,0,0,0,0,1,2,29
flat,godrej oasis,sector 88a,1.0,6896.551724137931,2,2,3,7.0,Relatively New,1611.0,1,0,0,0,0,0,72
flat,the close north,sector 50,2.35,11767.651477215824,3,3,3+,8.0,Moderately Old,1950.0,0,0,0,0,0,1,165
house,independent,sector 11,1.35,3857.142857142857,10,6,3+,3.0,Old Property,3500.0,0,0,0,0,0,0,0
flat,m3m the marina,sector 68,2.22,14322.58064516129,3,2,3,4.0,Relatively New,1403.0,0,0,0,0,0,0,44
house,independent,sector 25,9.0,28490.02849002849,10,10,3,3.0,Old Property,3159.0,0,0,0,1,0,1,64
flat,millenium bajrang society,sector 43,2.5,9433.962264150943,4,4,3+,2.0,Relatively New,2398.0,0,0,0,0,0,1,94
flat,bestech park view ananda,sector 81,0.95,6985.294117647059,2,2,2,14.0,Relatively New,1260.0,0,0,0,0,0,1,165
flat,godrej,sector 79,2.03,9046.345811051691,3,4,3+,7.0,Relatively New,2031.0,0,1,0,0,0,0,118
house,independent,sector 24,6.5,22855.133614627284,4,4,2,2.0,Old Property,2844.0,0,0,0,1,0,0,35
flat,dlf new town heights,sector 86,1.4,5942.275042444821,4,4,3+,20.0,Relatively New,2132.0,0,1,0,1,0,0,65
flat,experion windchants,sector 112,5.6,11551.15511551155,4,6,3+,8.0,Relatively New,3655.35,0,1,0,0,0,1,168
flat,conscient heritage max,sector 102,2.15,10004.653327128895,3,4,3+,18.0,Relatively New,1945.0,1,1,0,0,0,1,134
house,independent,sector 26,13.5,29880.478087649404,5,5,3+,2.0,Relatively New,4518.0,1,1,0,1,1,2,49
flat,bestech park view grand spa,sector 81,2.25,8458.646616541353,3,4,3+,8.0,Relatively New,2300.0,1,1,1,0,0,1,122
house,independent,sector 14,3.5,18087.85529715762,6,4,2,2.0,Old Property,1935.0,0,0,0,0,1,1,27
flat,vatika sovereign next,sector 82a,3.85,7500.487044613286,5,6,3+,6.0,New Property,5711.0,0,1,0,1,0,0,148
flat,bestech park view city,sector 48,2.65,10323.334631865991,4,4,3+,11.0,Moderately Old,2134.0,1,1,0,0,0,1,174
flat,m3m merlin,sector 67,2.98,14557.88959452858,3,3,3,0.0,Relatively New,2047.0,0,0,0,0,1,1,49
house,independent,sector 28,8.4,34567.9012345679,4,4,3+,2.0,Relatively New,2430.0,0,1,1,1,0,1,139
house,uppal southend,sector 49,3.75,25562.37218813906,2,6,3,3.0,Moderately Old,1467.0,0,0,0,0,1,0,49
flat,dlf express greens,manesar,1.2,6504.065040650406,3,4,2,5.0,Relatively New,1670.0,0,1,0,0,1,0,43
flat,the lions cghs,sector 56,2.05,7884.615384615385,4,4,3+,7.0,Old Property,2600.0,0,0,1,0,0,1,120
flat,emaar palm heights,sector 77,1.75,11666.666666666666,3,3,3+,11.0,Relatively New,1900.0,0,1,0,0,0,0,94
flat,ss the leaf,sector 85,1.87,7778.702163061564,3,4,3,7.0,Relatively New,2225.0,0,0,0,0,0,0,49
flat,micasa sec 68,sohna road road,1.5,12244.897959183674,2,2,3,11.0,New Property,1361.0,0,0,0,0,0,0,44
flat,emaar mgf emerald floors premier,sector 65,2.3,13939.39393939394,3,4,3,3.0,Relatively New,1833.0,1,1,1,1,0,2,174
house,independent,sector 23,5.1,16569.200779727096,3,2,0,1.0,Old Property,3078.0,0,0,0,0,1,0,27
flat,ansal heights 86,sector 86,0.67,5098.934550989346,2,2,1,10.0,Relatively New,1231.0,0,0,0,0,0,0,115
flat,orris carnation residency,sector 85,0.8,4857.316332726169,3,4,3,4.0,Relatively New,1390.0,0,1,0,0,0,1,40
flat,imt view society,manesar,0.95,3652.441368704344,3,4,3,6.0,Moderately Old,2232.0,0,1,0,0,0,0,81
flat,signature global park,sohna road,0.67,5537.190082644628,2,2,3,4.0,Relatively New,1095.0,0,0,0,1,0,0,127
flat,emaar gurgaon greens,sector 102,1.3,7878.787878787879,3,3,3,4.0,Relatively New,1315.0,0,1,0,0,0,1,125
house,independent,sector 8,0.82,9111.111111111111,2,3,3,2.0,Moderately Old,100.0,0,0,0,0,0,0,12
flat,alpha corp gurgaonone,sector 84,2.28,8769.23076923077,4,4,3+,8.0,Relatively New,2998.0,0,1,0,0,0,0,61
flat,godrej air,sector 85,1.05,10606.060606060606,2,2,1,15.0,Relatively New,97.0,0,0,0,0,0,0,45
flat,m3m merlin,sector 67,2.9,14167.073766487543,3,3,3,0.0,Relatively New,2047.0,0,0,0,0,1,1,49
flat,aipl zen residences,sector 70a,1.34,10276.0736196319,2,2,3+,17.0,New Property,1180.0,0,0,0,0,0,1,110
flat,hsiidc sidco aravali,manesar,0.9,3477.5888717156104,3,3,3+,8.0,Moderately Old,1900.0,0,1,0,0,0,0,23
flat,bestech park view residency,sector 2,1.55,8072.916666666667,3,4,3+,4.0,Old Property,1738.0,0,1,0,0,0,0,84
house,independent,sector 3,0.9,8928.57142857143,3,3,0,2.0,Old Property,112.0,0,0,0,0,0,0,0
flat,dlf regency park,sector 28,1.24,12400.0,2,2,3+,19.0,Moderately Old,1050.0,0,0,0,1,0,1,157
flat,smart world orchard,sector 61,1.6,13913.04347826087,2,2,2,3.0,New Property,1278.0,1,0,0,0,0,0,37
flat,trisara our homes 3,sohna road,0.21,4338.842975206611,1,1,0,2.0,Relatively New,484.0,0,0,0,0,0,0,0
house,dlf city plots phase 2,sector 25,6.3,35000.0,4,4,3+,2.0,Old Property,1800.0,0,1,1,0,0,0,89
flat,bajrang apartments,sector 6,0.38,4470.588235294118,2,2,2,1.0,Moderately Old,944.0,0,0,0,0,0,0,0
flat,mittal cosmos executive apartments,sector 2,0.75,6550.218340611354,2,2,2,15.0,Old Property,1100.0,0,0,0,0,0,1,42
flat,conscient habitat,sector 99a,0.27,5601.659751037344,2,2,1,8.0,Relatively New,538.0,0,0,0,0,1,0,49
house,independent,sector 12,0.38,4222.222222222223,3,3,3,3.0,Relatively New,900.0,0,0,0,0,0,0,0
flat,smriti apartment,sector 56,0.45,7500.0,1,1,2,3.0,Old Property,543.0,0,0,0,0,0,0,57
flat,sobha city,sector 108,1.9,13758.146270818248,2,2,2,8.0,Relatively New,1250.0,0,0,0,0,0,0,85
flat,tulip violet,sector 69,1.4,8928.57142857143,3,3,1,12.0,Relatively New,1376.0,0,0,0,1,0,0,174
house,independent,sector 4,3.25,14444.444444444443,3,3,2,2.0,Old Property,2250.0,0,0,0,0,0,0,27
flat,emaar mgf the enclave,sector 66,2.1,12352.941176470587,3,4,2,12.0,Relatively New,1800.0,0,1,0,0,0,1,156
flat,assotech blith,sector 99,1.6,6666.666666666667,3,4,0,15.0,New Property,2400.0,0,0,0,0,0,0,51
house,emaar mgf marbella,sector 66,8.7,38666.66666666666,4,5,2,3.0,New Property,2250.0,1,1,0,0,0,0,144
house,unitech espace,sector 50,7.5,34722.22222222222,3,3,2,2.0,Moderately Old,2160.0,0,1,0,0,0,1,66
flat,apna enclave,sector 3,0.5,7692.307692307692,2,2,1,1.0,Old Property,722.0,0,0,0,0,0,1,37
flat,tulip orange,sector 70,1.1,8148.148148148148,3,2,2,5.0,Relatively New,1350.0,0,0,0,0,0,0,0
flat,kiran residency,sector 56,1.55,6888.888888888889,3,3,3+,5.0,Moderately Old,1900.0,0,1,0,1,0,1,92
flat,unitech the palms,sector 41,2.75,16768.29268292683,3,3,2,14.0,Old Property,1640.0,0,0,0,0,0,2,79
flat,capital residences 360,sector 70a,1.55,7844.12955465587,3,3,3,8.0,Relatively New,1600.0,1,1,0,1,1,0,42
flat,uphaar residency 2,sector 105,0.42,5600.0,3,2,1,0.0,Moderately Old,833.0,0,0,0,0,1,0,7
flat,uphaar homes,sector 105,0.45,4736.8421052631575,3,2,1,1.0,Relatively New,1056.0,0,0,0,0,0,1,44
flat,afnhb jalvayu vihar,sector 30,1.3,10000.0,3,3,2,2.0,Old Property,1401.0,0,0,0,0,0,0,19
flat,experion windchants,sector 112,3.4,12134.189864382584,3,3,2,14.0,Relatively New,2225.56,0,0,0,0,0,1,159
house,independent,sector 3,0.6,6000.0,1,1,0,1.0,Old Property,1000.0,0,0,0,0,0,0,0
flat,chd avenue,sector 71,1.15,6526.674233825199,3,3,2,15.0,Moderately Old,1541.0,0,1,0,0,0,1,66
flat,raheja vanya,sector 99a,0.59,3975.7412398921833,2,2,3,1.0,New Property,1133.0,0,0,0,0,1,0,96
house,international city by sobha phase 2,sector 109,6.2,25514.40329218107,5,5,2,2.0,Relatively New,2430.0,0,1,0,0,0,0,135
house,independent,sector 4,1.1,6111.111111111111,4,4,3+,2.0,Old Property,200.0,0,0,0,0,0,0,7
flat,experion the heartsong,sector 108,2.0,8554.31993156544,3,3,3+,14.0,Relatively New,2116.0,0,1,0,0,0,0,95
house,unitech deerwood chase,sector 50,8.45,26152.893840916124,3,3,2,2.0,Old Property,3231.0,1,1,0,0,0,1,102
flat,central park 2 bellevue,sector 48,5.0,11627.906976744183,3,4,3,14.0,Moderately Old,4778.0,0,0,0,0,0,0,82
flat,kiran residency,sector 56,1.55,7750.0,3,3,3,5.0,Old Property,1810.0,0,1,0,0,0,1,52
flat,ashiana anmol,sohna road,0.93,7294.117647058823,2,2,2,9.0,Under Construction,1000.0,0,0,0,0,1,0,31
flat,chintels paradiso,sector 109,2.0,7604.5627376425855,4,4,2,11.0,Relatively New,2380.0,0,1,0,1,0,0,64
house,sushant lok 1 builder floors,sector 43,6.25,30727.63028515241,7,7,3+,3.0,Moderately Old,2034.0,1,1,1,0,0,0,46
flat,vatika the seven lamps,sector 82,1.39,6411.439114391144,3,3,3+,11.0,Relatively New,1955.0,1,1,0,0,0,1,117
flat,ireo victory valley,sector 67,2.99,11832.21210922042,3,3,3,4.0,Relatively New,2200.0,0,1,0,0,0,1,37
flat,dlf regal gardens,sector 90,1.23,7052.752293577982,3,3,2,19.0,Relatively New,1578.0,0,0,0,0,1,0,6
house,tata primanti,sector 72,8.6,12285.714285714286,4,5,3+,3.0,Relatively New,7000.0,0,0,0,0,0,1,30
house,independent,sector 11,2.5,17857.14285714286,5,4,3,1.0,Old Property,1850.0,0,0,1,0,0,0,0
flat,tulip violet,sector 69,1.36,8618.50443599493,3,3,1,12.0,Relatively New,1291.0,0,0,0,1,0,0,95
flat,conscient heritage max,sector 102,1.78,9218.0217503884,3,4,3+,5.0,Moderately Old,1748.0,0,1,0,0,0,0,125
flat,sbtl caladium,sector 109,1.7,6679.764243614931,3,3,3+,9.0,Relatively New,2303.0,0,1,0,0,0,0,159
flat,bestech park view grand spa,sector 81,3.3,12222.222222222224,4,5,3+,4.0,Relatively New,3070.0,1,1,0,0,0,1,174
flat,trisara our homes 3,sohna road,0.36,5980.066445182724,2,2,1,1.0,New Property,522.0,0,0,0,0,0,0,45
flat,green court,sector 90,0.5,8333.333333333334,2,2,1,8.0,New Property,650.0,0,0,0,0,0,0,42
flat,ansal api sushant estate,sector 52,0.29,11600.0,1,1,0,0.0,Moderately Old,278.0,0,0,0,0,0,1,49
flat,dlf belvedere towers,sector 25,3.7,17619.04761904762,4,4,3,18.0,Old Property,2333.0,0,1,0,0,0,1,26
flat,dlf beverly park,sector 25,8.0,15384.615384615385,5,5,3+,2.0,Old Property,5778.0,1,1,0,1,1,2,26
flat,orris aster court,sector 85,0.9,5671.077504725898,3,3,3,8.0,Relatively New,1436.0,0,0,0,0,0,0,49
flat,tata primanti,sector 72,3.25,10545.10058403634,3,3,3,2.0,Moderately Old,2986.0,0,1,0,0,0,0,94
flat,pareena coban residences,sector 99a,1.02,8793.103448275862,2,2,3,3.0,Relatively New,1430.0,1,0,0,0,0,0,174
flat,piedmont taksila heights,sector 37c,1.05,4792.332268370607,3,3,3,7.0,Relatively New,1738.0,0,0,0,0,0,1,81
house,independent,sector 56,3.25,21494.708994708995,5,6,3+,4.0,Relatively New,1512.0,0,0,0,1,1,1,27
flat,m3m woodshire,sector 107,1.3,10815.3078202995,3,3,3,7.0,Relatively New,1547.0,0,0,0,1,0,0,89
flat,rof ananda,sector 95,0.2,5464.48087431694,1,1,1,10.0,Relatively New,407.0,0,0,0,0,0,0,82
flat,mariners home,sector 56,2.11,8612.244897959185,3,2,3,4.0,Relatively New,2250.0,0,0,0,0,1,1,126
house,experion windchants,sector 112,7.46,10259.936734974555,4,4,3+,2.0,Relatively New,6350.0,0,1,0,1,0,1,62
flat,raheja sampada,sector 92,0.9,6569.343065693431,3,2,3,11.0,Relatively New,1240.0,0,0,0,0,0,0,88
flat,godrej habitat,sector 3,1.3,9002.770083102492,2,2,2,6.0,Under Construction,1604.0,0,0,0,0,0,0,36
flat,shapoorji pallonji joyville gurugram,sector 102,1.2,14563.106796116504,2,2,3,0.0,Relatively New,1073.0,0,0,0,0,0,0,49
house,independent,sector 3 phase 3 extension,0.85,8500.0,1,1,0,1.0,Moderately Old,1000.0,0,0,0,0,0,0,0
house,independent,sector 15,1.07,11888.888888888889,2,2,1,1.0,Old Property,900.0,0,1,0,0,0,0,7
flat,emaar palm gardens,sector 83,1.8,12000.0,3,4,3+,6.0,Relatively New,1667.0,0,1,0,0,0,1,96
flat,dlf new town heights,sector 86,1.55,6578.9473684210525,4,4,3+,12.0,Moderately Old,2038.0,0,1,0,1,0,1,120
house,independent,sector 7,2.25,15625.0,3,3,2,2.0,Old Property,160.0,0,0,0,0,0,1,27
house,unitech uniworld resorts,sector 33,11.5,24572.64957264957,5,6,3+,4.0,Relatively New,4680.0,0,1,0,0,0,0,84
flat,vipul world,sector 48,1.38,9484.536082474227,3,3,1,2.0,Relatively New,1611.0,0,0,0,0,0,0,60
flat,m3m merlin,sector 67,3.5,14843.08736217133,3,4,3+,15.0,Relatively New,2134.0,0,1,0,0,0,1,158
flat,dlf the ultima,sector 81,3.46,12047.353760445683,4,4,3+,10.0,New Property,2599.0,0,1,0,0,0,2,161
flat,dlf the skycourt,sector 86,1.55,8031.088082901554,3,3,3,5.0,Relatively New,1900.0,0,0,0,0,0,0,49
flat,bptp terra,sector 37d,1.8,8215.426745778184,4,3,3,18.0,Relatively New,2025.0,1,1,0,1,0,0,49
flat,puri emerald bay,sector 104,2.45,10000.0,3,4,3+,14.0,Relatively New,2131.0,0,1,0,0,0,1,56
flat,dhoot time residency,sector 63,2.2,12813.046010483402,3,4,3+,8.0,Moderately Old,1554.0,1,0,0,0,0,1,61
flat,wings apartment,sector 9,1.2,6666.666666666667,4,3,2,4.0,Moderately Old,2000.0,0,0,0,0,0,1,23
flat,pivotal riddhi siddhi,sector 99,0.5,8517.887563884156,2,1,2,7.0,New Property,652.0,0,0,0,0,0,0,24
flat,shree vardhman victoria,sector 70,1.75,8974.358974358975,3,4,2,16.0,Relatively New,1950.0,0,1,0,1,0,0,49
flat,m3m heights,sector 65,2.5,13601.741022850923,3,3,3,19.0,Relatively New,1654.0,0,0,0,0,0,0,48
flat,ramprastha skyz,sector 37d,1.2,6000.0,3,2,1,9.0,Under Construction,1900.0,0,1,0,0,1,0,53
flat,vatika lifestyle homes,sector 83,1.04,5698.630136986301,3,2,2,2.0,Moderately Old,1500.0,0,0,0,0,0,0,95
flat,shree vardhman victoria,sector 70,1.67,14384.151593453918,3,5,3,5.0,Moderately Old,1527.0,0,1,0,0,0,0,108
flat,signature global synera,sector 81,0.5,7886.435331230284,2,2,1,11.0,New Property,704.0,0,0,0,0,0,2,97
flat,ambience creacions,sector 22,4.3,13915.857605177993,3,4,3+,6.0,Relatively New,2600.0,0,1,0,0,1,2,120
flat,afnhb jalvayu vihar,sector 30,1.45,11153.846153846154,3,2,2,2.0,Old Property,1300.0,0,0,0,0,0,2,75
house,eros rosewood villas,sector 49,2.8,15555.555555555557,3,3,3,2.0,Moderately Old,1800.0,0,0,0,1,0,0,68
flat,unitech uniworld gardens,sector 47,2.15,10306.807286673058,3,4,3+,10.0,Moderately Old,1950.0,0,1,0,0,0,0,49
house,independent,sector 4,0.47,3517.964071856288,3,4,0,3.0,Moderately Old,1350.0,0,0,0,0,0,0,0
flat,godrej,sector 79,1.12,7147.415443522655,2,2,3,6.0,Relatively New,1325.0,1,0,0,0,0,0,49
flat,dlf the ultima,sector 81,2.2,11190.233977619531,3,4,3+,7.0,Relatively New,1900.0,0,1,0,0,0,2,104
flat,bestech park view ananda,sector 81,1.35,7541.899441340782,3,3,3+,8.0,Old Property,1989.0,0,0,0,0,0,0,114
house,independent,sector 28,9.0,27777.777777777777,6,7,3+,3.0,Moderately Old,3240.0,1,1,1,1,0,0,67
house,independent,sector 7,8.0,22222.222222222223,4,5,3+,1.0,Old Property,3600.0,1,1,0,1,0,0,31
house,independent,sector 9,0.5,6082.725060827251,3,2,1,1.0,Old Property,822.0,0,0,0,0,0,0,0
house,independent,sector 55,5.0,44444.444444444445,2,9,3+,5.0,New Property,1125.0,0,0,0,0,1,1,44
flat,bestech park view grand spa,sector 81,4.2,10000.0,4,4,3+,25.0,Relatively New,3512.0,0,1,0,0,0,1,90
flat,orris aster court premier,sector 85,1.25,5896.226415094339,3,4,2,6.0,Relatively New,1616.0,0,1,0,0,0,1,49
flat,central park flower valley aqua front towers,sector 33,2.96,13870.66541705717,4,4,3,1.0,New Property,2371.0,0,1,0,0,0,1,24
house,ansals palam vihar,sector 2,5.0,12500.0,6,4,0,3.0,Moderately Old,4000.0,0,0,0,0,0,0,0
flat,ireo victory valley,sector 67,3.05,12650.352550808791,3,3,3+,21.0,Relatively New,2029.0,0,1,0,0,0,1,157
house,independent,sector 3,0.9,10000.0,3,4,3,3.0,Moderately Old,3500.0,0,0,0,0,1,1,42
flat,signature andour heights,sector 71,0.37,8222.222222222223,1,1,2,2.0,Relatively New,450.0,0,0,0,0,0,0,65
flat,shree vardhman flora,sector 90,1.0,5128.205128205128,3,4,3,8.0,New Property,1765.0,0,1,0,0,0,0,95
flat,bptp mansions park prime,sector 66,3.0,10853.83502170767,4,4,3,3.0,Relatively New,2700.0,1,1,0,1,1,1,174
flat,emaar palm gardens,sector 83,1.38,8023.255813953488,3,3,3,5.0,Relatively New,1350.0,0,1,0,0,0,1,8
flat,breeze global heights,sector 33,0.4,6420.545746388443,2,2,2,4.0,New Property,623.0,0,0,0,0,0,0,0
house,dlf city plots phase 2,sector 25,4.25,31481.48148148148,3,2,3,2.0,Old Property,1350.0,1,0,0,0,0,0,35
flat,aipl the peaceful homes,sector 70a,2.6,12009.237875288683,3,2,2,12.0,Moderately Old,2406.0,0,1,0,0,0,0,52
flat,indiabulls centrum park,sector 103,1.05,5859.375,2,2,3,1.0,Relatively New,1365.0,0,0,0,0,0,1,51
flat,signature global solera,sector 107,0.28,5725.971370143149,2,2,2,10.0,Relatively New,543.0,0,0,0,0,0,0,38
flat,the roselia 2,sector 95,0.45,6474.820143884892,2,2,2,19.0,New Property,695.0,0,0,0,0,0,0,0
flat,ambience creacions,sector 22,4.8,19200.0,4,6,3+,10.0,New Property,2778.0,0,1,0,1,0,2,49
flat,vatika gurgaon,sector 83,1.25,7812.5,4,4,3,12.0,Moderately Old,1970.0,0,1,0,0,0,0,103
flat,godrej frontier,sector 80,1.1,5705.39419087137,3,3,3,8.0,Moderately Old,1580.0,0,1,0,0,0,0,111
flat,gls arawali homes,sohna road,0.29,6029.106029106029,2,2,2,9.0,Relatively New,534.0,0,0,0,0,0,0,55
house,surendra homes dayaindependentd colony,sector 6,0.75,15625.0,4,4,2,1.0,Moderately Old,480.0,0,0,0,0,0,0,0
flat,supertech araville,sector 79,1.45,7455.012853470437,3,3,3,3.0,Relatively New,2161.0,0,0,0,0,0,0,0
flat,ireo victory valley,sector 67,4.5,14097.744360902256,4,4,3+,0.0,Relatively New,3160.0,0,1,0,1,0,1,42
house,independent,sector 23,1.2,6230.529595015576,3,2,2,3.0,New Property,1500.0,0,0,0,0,0,1,79
flat,adani m2k oyster grande,sector 102,2.61,10046.189376443415,3,3,3,14.0,Relatively New,2200.0,1,1,0,0,0,0,21
house,independent,sector 7,3.1,13777.777777777776,3,3,2,2.0,Old Property,2250.0,0,0,0,0,0,0,22
house,dlf city plots phase 3,sector 24,1.44,2962.962962962963,4,2,2,1.0,Old Property,60.0,0,0,0,0,0,0,8
flat,m3m merlin,sector 67,3.4,14418.99915182358,3,4,3+,16.0,Relatively New,2134.0,0,1,0,0,0,1,158
flat,godrej nature plus serenity,sector 33,1.45,8677.438659485339,3,2,3,3.0,New Property,1512.0,0,0,0,0,0,0,49
flat,sobha city,sector 108,2.33,14463.06641837368,3,3,3,17.0,Relatively New,1711.0,0,0,1,0,0,1,159
flat,shapoorji pallonji joyville gurugram,sector 102,1.6,11695.906432748538,2,2,3,14.0,Moderately Old,1368.0,0,0,0,0,0,0,0
flat,m3m woodshire,sector 107,0.82,6002.928257686676,2,2,3+,7.0,Relatively New,1236.0,0,0,0,0,0,0,111
flat,la vida by tata housing,sector 113,2.35,10599.909788001803,3,3,3,11.0,New Property,2210.0,0,1,0,0,0,0,174
flat,greenopolis,sector 89,0.8,4819.277108433735,2,3,3,8.0,Under Construction,1502.0,1,0,0,0,1,0,60
flat,dlf new town heights,sector 90,1.54,6514.382402707276,4,4,3+,12.0,Moderately Old,2200.0,0,1,0,1,0,1,111
flat,dlf the ultima,sector 81,3.45,12012.534818941504,4,4,3+,10.0,New Property,2599.0,0,1,0,0,0,2,165
flat,unitech greenwood city,sector 45,2.4,12345.67901234568,3,3,2,1.0,New Property,195.0,0,1,0,0,0,1,19
flat,elevate,sector 50,6.75,19882.17967599411,4,4,0,10.0,Moderately Old,3395.0,0,0,0,0,0,0,0
flat,breez global hill view,sohna road,0.3,5405.405405405405,2,2,2,6.0,New Property,605.0,0,0,0,0,0,0,109
flat,tulip violet,sector 69,1.36,8842.652795838752,3,3,1,12.0,Relatively New,1392.0,0,0,0,1,0,0,86
flat,m3m golfestate,sector 65,5.2,17455.521987244043,3,3,3,18.0,Relatively New,2696.0,1,1,0,0,0,1,76
flat,godrej icon,sector 88a,1.75,14893.617021276596,3,3,3+,6.0,New Property,1306.0,0,0,0,0,0,0,55
house,independent,sector 24,2.75,7666.573738500139,7,7,3+,3.0,Moderately Old,3000.0,0,0,0,0,1,1,0
house,vipul tatvam villa,sector 48,8.5,26234.567901234568,4,4,1,2.0,Relatively New,3240.0,0,0,0,0,0,0,21
flat,tulip monsella,sector 53,6.02,20816.044260027666,3,3,3,29.0,Relatively New,2892.0,0,0,0,0,0,0,68
house,independent,sector 41,1.65,13750.0,1,1,0,1.0,Moderately Old,1200.0,0,0,0,0,0,0,0
house,ats tourmaline,sector 109,1.87,8697.67441860465,3,4,0,12.0,Relatively New,2150.0,0,0,0,0,0,0,0
flat,dlf the ultima,sector 81,2.5,11726.078799249532,3,3,2,20.0,Relatively New,1700.0,0,1,0,0,0,2,174
house,independent,sector 7,0.53,5888.888888888889,2,2,0,1.0,Old Property,900.0,0,0,0,0,0,0,0
flat,emaar mgf emerald floors premier,sector 65,2.8,14177.215189873416,4,4,3,2.0,Relatively New,2194.0,1,1,0,0,0,1,108
flat,bestech spa signature,sector 81,4.4,12571.42857142857,4,4,3+,6.0,New Property,3700.0,1,1,0,1,1,2,49
flat,puri emerald bay,sector 104,2.25,10465.116279069767,3,4,3+,4.0,Relatively New,2303.0,0,1,0,0,0,1,159
house,bptp visionnaire,sector 70a,5.25,20114.94252873563,5,4,3+,3.0,New Property,2610.0,0,1,0,0,0,1,49
flat,bptp freedom park life,sector 57,5.5,8982.524906091785,5,6,3+,19.0,Moderately Old,5010.0,0,1,0,1,0,1,153
flat,dlf the primus,sector 82a,1.85,10283.49082823791,3,3,3+,2.0,Relatively New,1668.0,0,0,0,0,0,1,44
flat,ss the leaf,sector 85,1.25,7179.781734635267,2,2,3,10.0,Relatively New,1730.0,0,0,0,0,0,0,49
flat,dlf the ultima,sector 81,2.2,10461.245839277222,3,3,3+,5.0,Relatively New,1570.0,1,1,0,1,1,2,49
flat,m3m skywalk,sector 74,1.52,13345.03950834065,2,2,3,6.0,Relatively New,1250.0,0,0,1,0,0,0,174
house,independent,sector 91,3.6,14814.814814814816,4,4,3,2.0,New Property,2430.0,0,0,0,0,0,1,49
flat,adani m2k oyster grande,sector 102,1.95,7561.070182241178,3,4,3,9.0,Relatively New,2334.0,1,1,0,0,0,1,83
flat,smart world orchard,sector 61,1.6,13913.04347826087,2,2,2,3.0,New Property,1278.0,1,0,0,0,0,0,122
flat,shree vardhman victoria,sector 70,1.6,8205.128205128205,3,5,3,6.0,Relatively New,1527.0,0,1,0,0,0,0,108
house,independent,sector 48,5.5,23504.273504273504,4,4,2,2.0,Relatively New,2340.0,0,1,0,0,0,1,22
flat,hcbs sports ville,sohna road,0.29,5587.668593448941,2,2,1,4.0,Relatively New,577.0,0,0,0,0,0,0,44
flat,zara aavaas,sector 104,0.49,6577.181208053691,3,2,2,7.0,Under Construction,695.0,0,0,0,0,0,0,74
house,independent,sector 109,1.55,6567.796610169492,3,2,0,1.0,Relatively New,2360.0,0,0,0,0,0,0,0
flat,professional society,manesar,0.75,3067.4846625766872,3,4,3,3.0,Relatively New,2717.0,0,1,0,0,0,0,21
flat,pareena mi casa,sector 68,1.1,8835.341365461847,2,2,3,11.0,New Property,1127.0,0,0,0,0,0,0,95
house,independent,sector 39,7.0,10000.0,10,11,3+,4.0,Relatively New,7000.0,0,0,0,1,0,1,38
flat,gls arawali homes,sohna road,0.26,4513.888888888889,2,2,2,5.0,New Property,640.0,0,0,0,0,0,0,78
flat,m3m heights,sector 65,2.86,13999.021047479197,3,3,3,45.0,Relatively New,2267.0,0,1,0,0,0,0,48
flat,supertech araville,sector 79,0.95,6209.150326797386,2,2,3,7.0,New Property,1385.0,1,0,0,0,0,0,49
flat,smart world gems,sector 89,1.1,9972.801450589302,3,1,0,0.0,New Property,1103.0,0,0,0,0,0,0,45
flat,paras dews,sector 106,1.05,8536.585365853658,3,4,3+,10.0,Relatively New,1345.0,0,1,0,0,0,0,174
flat,capital residences 360,sector 70a,1.1,7586.206896551724,2,2,3+,8.0,New Property,1312.0,0,0,0,0,0,0,60
flat,lotus homz,sector 111,0.7,10057.471264367816,2,2,2,8.0,Relatively New,773.0,0,0,0,0,0,0,68
flat,emaar gurgaon greens,sector 102,1.49,9030.30303030303,3,3,3,10.0,Relatively New,1315.0,0,0,0,0,0,1,159
house,independent,sector 26,4.45,35177.865612648224,4,4,3,3.0,Old Property,1265.0,0,0,0,0,0,0,25
flat,hsiidc sidco shivalik apartments,manesar,0.73,3559.2393954168697,3,3,3+,2.0,Moderately Old,1705.0,0,1,0,0,0,0,80
flat,m3m woodshire,sector 107,1.21,6227.483273288729,3,3,3,7.0,Moderately Old,1713.0,0,0,0,0,0,1,126
flat,capital residences 360,sector 70a,1.64,8299.595141700405,3,3,3+,4.0,New Property,1950.0,0,1,0,0,0,0,144
flat,puri diplomatic greens,sector 111,3.4,11525.42372881356,4,5,3+,14.0,Relatively New,2670.0,0,1,0,0,0,0,94
flat,m3m soulitude,sector 89,1.0,9066.183136899366,2,2,2,2.0,New Property,1226.0,1,0,0,0,0,0,49
house,independent,sector 55,3.55,24499.65493443754,4,4,3+,2.0,Old Property,1449.0,0,0,0,0,0,1,27
flat,capital residences 360,sector 70a,1.66,8400.80971659919,3,3,3+,8.0,New Property,1900.0,0,1,0,0,0,0,132
flat,pioneer park,sector 61,1.6,11594.202898550724,2,2,2,21.0,Relatively New,1533.0,0,1,0,0,0,0,105
house,independent,sector 37d,2.5,13157.894736842103,5,5,3+,2.0,Relatively New,1900.0,0,0,0,0,0,0,0
house,independent,sector 13,1.5,11538.46153846154,2,7,3,4.0,Moderately Old,1300.0,0,0,0,0,0,0,0
flat,mapsko royale ville,sector 82,1.15,6424.581005586592,3,4,2,15.0,Relatively New,1620.0,0,1,0,1,0,1,104
flat,bptp astaire gardens,sector 70a,1.25,8771.929824561403,3,3,2,1.0,Relatively New,1300.0,0,0,0,0,1,0,49
flat,indiabulls enigma,sector 110,3.79,9895.56135770235,5,5,3,4.0,Relatively New,3466.0,0,1,0,0,1,0,125
house,greenopolis,sector 89,0.7,5397.070161912105,2,2,2,14.0,New Property,1297.0,0,0,0,0,0,0,0
flat,alpha corp gurgaonone,sector 84,2.2,6406.523005241701,4,4,3+,15.0,Relatively New,3108.0,0,1,0,0,0,0,97
house,ansals palam vihar,sector 2,2.68,17212.588310854208,4,3,2,3.0,Moderately Old,1557.0,0,0,1,0,0,1,74
flat,godrej summit,sector 104,1.16,6387.665198237885,3,4,3+,8.0,Relatively New,2018.0,0,1,0,0,0,1,96
flat,bestech park view residency,sector 2,1.5,7824.726134585289,3,4,3+,10.0,Moderately Old,1738.0,0,1,0,0,0,0,93
flat,conscient elevate,sector 59,4.02,17501.088376142794,3,3,1,3.0,Under Construction,2550.0,0,0,0,0,0,0,31
flat,ireo skyon,sector 60,2.15,23344.19109663409,2,3,2,5.0,Relatively New,1250.0,0,1,0,0,0,1,49
flat,hcbs sports ville,sohna road,0.22,3142.8571428571427,1,1,1,1.0,New Property,778.0,0,0,0,0,0,0,86
flat,ss,sector 85,2.1,7467.994310099573,4,4,3,2.0,Relatively New,2600.0,0,0,0,0,0,0,49
flat,tulip violet,sector 69,1.32,8413.00191204589,3,3,1,12.0,Relatively New,1419.0,0,0,0,1,0,0,86
flat,mapsko mount ville,sector 79,1.65,9090.90909090909,3,3,0,12.0,Relatively New,1815.0,0,0,0,0,0,0,0
flat,ss the leaf,sector 85,1.22,13318.777292576418,2,2,3,16.0,Relatively New,1300.0,0,0,1,0,0,0,81
flat,m3m heights,sector 65,2.65,18492.672714584787,2,2,3,4.0,New Property,1433.0,1,0,0,0,0,0,38
flat,m3m golfestate,sector 65,5.0,18518.51851851852,3,3,3+,28.0,Relatively New,2800.0,0,1,0,1,0,1,165
flat,signature global park 4,sector 36,0.72,6428.571428571428,3,2,3,2.0,New Property,1244.0,0,0,0,0,0,0,0
house,independent,sector 43,9.5,42222.22222222222,5,5,3+,2.0,Relatively New,2250.0,0,1,0,1,0,1,88
flat,emaar palm gardens,sector 83,1.55,9011.627906976744,3,3,3,4.0,Relatively New,1400.0,0,1,0,0,0,1,174
flat,sidhartha ncr one phase,sector 95,0.43,3152.492668621701,2,2,2,6.0,Relatively New,1300.0,0,0,0,0,0,0,120
flat,mapsko paradise,sector 83,0.95,6299.73474801061,3,3,3,1.0,Moderately Old,1489.0,0,0,0,0,0,0,0
flat,green court,sector 76,0.38,5507.246376811594,2,2,1,7.0,Under Construction,767.0,0,0,0,0,0,0,35
flat,ireo the corridors,sector 67a,1.62,9380.428488708743,3,3,2,4.0,New Property,1346.0,0,0,1,0,0,1,142
flat,m3m skycity,sector 65,2.0,15267.175572519083,2,2,2,16.0,New Property,1186.0,0,0,0,0,0,1,174
flat,shree vardhman victoria,sector 70,1.63,8358.97435897436,3,5,3,12.0,Relatively New,1527.0,0,1,0,0,0,0,43
flat,antriksh heights,sector 84,0.85,4927.536231884058,3,3,3+,10.0,Relatively New,1561.0,1,0,0,0,0,0,52
flat,mahindra luminare,sector 59,5.5,18181.81818181818,3,3,1,26.0,Under Construction,2738.0,0,1,0,0,0,0,24
flat,smart world orchard,sector 61,2.6,14722.536806342016,3,3,2,2.0,New Property,1766.0,0,0,0,0,0,0,47
house,independent,sector 12,0.7,4117.64705882353,4,4,1,2.0,Moderately Old,1700.0,0,0,0,0,0,0,0
flat,dlf royalton tower,sector 43,6.5,20687.46021642266,4,4,3+,9.0,Moderately Old,2712.0,0,1,0,0,0,0,7
flat,ramprastha skyz,sector 37d,1.25,7250.580046403712,3,3,3+,2.0,Relatively New,1725.0,0,0,0,0,0,0,8
flat,dlf regal gardens,sector 90,1.29,7103.52422907489,3,3,3+,12.0,Relatively New,1817.0,0,1,0,0,0,0,152
flat,signature global solera,sector 107,0.5,7751.937984496124,3,2,2,6.0,Relatively New,717.0,0,0,0,0,1,0,15
flat,vatika city,sector 49,1.72,7818.181818181818,3,3,2,2.0,Old Property,2444.0,0,0,0,0,0,1,144
flat,signature global park,sohna road,0.9,8035.714285714285,3,2,2,2.0,Relatively New,1014.0,0,0,0,0,0,0,144
house,independent,sector 7,0.66,12000.0,3,1,1,3.0,Relatively New,550.0,0,0,0,0,1,0,22
flat,dlf new town heights,sector 86,1.54,5785.123966942148,4,4,3+,21.0,Moderately Old,2139.0,1,1,0,1,0,0,80
flat,sare homes,sector 92,0.6,5000.0,3,2,3,4.0,Moderately Old,1333.0,0,0,0,0,0,1,49
flat,tulip violet,sector 69,1.44,9125.475285171102,3,3,2,1.0,Relatively New,1381.0,0,0,0,1,0,0,174
flat,ss the leaf,sector 85,1.78,7392.02657807309,3,4,3+,6.0,New Property,2179.0,0,0,1,0,0,0,113
flat,smart world gems,sector 89,1.0,9009.009009009009,2,2,3,3.0,New Property,1233.0,1,0,0,0,1,0,99
flat,pareena laxmi apartments,sector 99a,0.32,6106.8702290076335,2,2,2,2.0,New Property,473.0,0,0,0,0,0,0,50
flat,paras dews,sector 106,1.15,6534.090909090909,3,4,3+,12.0,Relatively New,1186.0,1,1,0,0,0,1,174
flat,viridian the plaza 106,sector 106,0.46,6571.428571428572,1,1,1,18.0,New Property,778.0,0,0,0,0,0,0,104
house,independent,sector 12,3.71,19818.37606837607,3,3,1,4.0,Moderately Old,1872.0,0,0,0,1,0,0,0
flat,godrej summit,sector 104,1.3,9027.777777777776,3,2,3+,16.0,Relatively New,1303.0,1,0,1,1,0,1,0
house,eldeco mansionz,sector 48,4.75,20299.1452991453,7,7,3,2.0,Moderately Old,2340.0,1,0,0,0,0,1,33
house,independent,sector 14,7.5,16600.265604249667,3,3,2,1.0,Old Property,4518.0,1,1,0,1,0,1,27
flat,emaar mgf emerald floors premier,sector 65,2.79,14126.582278481012,4,4,3+,2.0,Relatively New,2194.0,1,1,0,0,0,2,174
flat,eldeco accolade,sohna road,1.1,7549.759780370625,3,2,3,13.0,Relatively New,1319.0,0,0,0,0,0,0,56
flat,experion the heartsong,sector 108,0.9,7014.809041309431,2,3,3,2.0,Relatively New,978.23,0,1,0,0,0,0,94
flat,godrej nature plus,sector 33,1.31,15975.60975609756,2,2,2,4.0,Under Construction,85.0,0,0,0,0,0,0,92
flat,godrej,sector 79,1.34,8524.173027989822,3,3,3,7.0,Relatively New,1423.0,0,0,0,0,0,0,158
house,independent,sector 43,7.85,29074.074074074077,9,9,3+,3.0,Relatively New,2700.0,1,1,0,1,1,2,49
flat,bestech park view city,sector 48,1.78,10022.522522522522,3,4,2,5.0,Relatively New,1526.0,1,0,0,1,0,0,53
house,international city by sobha phase 1,sector 109,5.7,10555.555555555557,4,5,3+,3.0,Relatively New,5400.0,1,1,1,1,0,0,160
flat,kiran residency,sector 56,1.54,8324.324324324325,3,4,3+,5.0,Old Property,1900.0,0,1,0,0,0,1,98
flat,zara aavaas,sector 104,0.26,7807.807807807808,1,1,2,0.0,Relatively New,301.0,0,0,0,0,0,0,91
flat,gls arawali homes,sohna road,0.3,4687.5,2,2,2,4.0,Relatively New,711.0,0,0,0,0,0,0,42
flat,vipul belmonte,sector 53,6.5,21922.428330522765,3,4,3+,0.0,Old Property,2683.0,1,0,0,0,1,0,72
flat,mapsko mount ville,sector 79,1.2,8053.6912751677855,3,3,3,24.0,Relatively New,1348.0,0,0,0,0,0,1,8
flat,central park resorts,sector 48,5.15,20900.974025974025,3,3,3+,8.0,Moderately Old,2364.0,0,1,0,0,0,2,53
flat,hcbs sports ville,sohna road,0.3,4010.695187165775,2,2,2,3.0,Relatively New,743.0,0,0,0,0,0,0,0
flat,tata gurgaon gateway,sector 113,3.21,11823.204419889502,3,3,3,9.0,New Property,2281.0,0,0,0,0,0,0,49
house,independent,sector 7,0.95,21111.11111111111,2,1,1,3.0,New Property,450.0,0,0,0,0,0,0,15
flat,signature global the millennia 3,sector 37d,0.45,7627.118644067797,2,3,2,8.0,Relatively New,656.0,0,0,0,0,0,0,8
flat,dlf the ultima,sector 81,2.26,10761.90476190476,3,4,3+,17.0,New Property,1900.0,0,1,0,0,0,2,174
house,independent,sector 17b,7.2,15925.6801592568,4,4,2,1.0,Old Property,4521.0,0,1,1,0,0,0,0
flat,signature global orchard avenue,sector 93,0.36,6716.417910447762,2,2,2,6.0,Relatively New,604.0,0,0,0,0,0,0,16
flat,shree arihant apartment,sector 54,1.5,8108.108108108108,3,3,3+,4.0,Moderately Old,1700.0,0,0,0,1,0,1,75
flat,smart world gems,sector 89,1.3,9135.628952916371,3,3,2,2.0,New Property,1581.0,1,0,0,0,0,0,44
flat,emaar gurgaon greens,sector 102,1.54,9333.333333333334,3,3,3,12.0,Relatively New,1315.0,0,1,0,0,0,0,61
flat,experion the heartsong,sector 108,0.98,13351.49863760218,2,3,3,12.0,Relatively New,978.223232,1,1,1,1,0,0,31
flat,signature global park,sohna road,0.75,6938.020351526365,2,2,0,1.0,Relatively New,1081.0,0,0,0,0,0,0,58
flat,ireo victory valley,sector 67,2.87,11903.774367482372,3,3,3+,16.0,Relatively New,2095.0,0,1,0,0,0,1,174
flat,signature global park,sohna road,0.95,7851.239669421488,3,2,3+,3.0,New Property,1210.0,0,0,0,0,0,0,85
house,raj villas,sector 52,8.0,25542.784163473814,6,5,3+,4.0,Moderately Old,3132.0,0,0,0,0,0,0,0
flat,signature global synera,sector 81,0.45,7525.083612040134,2,2,2,6.0,Relatively New,664.0,0,0,1,0,0,1,39
flat,dlf ridgewood estate,sector 28,2.0,14598.540145985402,3,3,1,12.0,Old Property,1240.0,0,0,0,0,0,1,96
flat,ambience lagoon,sector 24,4.25,13281.25,3,4,3+,3.0,Old Property,3201.0,0,1,1,0,0,1,131
flat,bestech park view grand spa,sector 81,2.29,8609.022556390977,3,4,3+,10.0,Relatively New,2315.0,1,1,0,0,0,2,174
flat,tarc maceo,sector 91,1.8,7758.620689655172,3,3,3+,0.0,Relatively New,2578.0,0,0,0,1,0,2,45
flat,dlf the arbour,sector 63,7.52,18999.49469429005,4,4,3,15.0,New Property,3956.0,0,0,0,0,0,0,61
house,independent,sohna road,1.55,14719.848053181386,2,3,2,1.0,New Property,117.0,1,0,0,1,0,1,49
flat,godrej aria,sector 79,1.45,9062.5,2,2,3+,9.0,Relatively New,1494.0,1,0,0,0,0,0,113
house,naman residency,sector 4,0.5,11111.111111111111,2,2,2,2.0,New Property,450.0,1,1,0,1,1,0,14
flat,emaar mgf emerald floors premier,sector 65,2.0,12121.212121212122,3,3,3,1.0,Relatively New,1833.0,0,1,0,0,0,1,124
flat,kendriya vihar,sector 56,0.55,9016.393442622952,1,2,1,0.0,Old Property,678.0,0,0,0,0,0,0,68
flat,smart world gems,sector 89,0.9,8144.796380090498,2,2,2,1.0,New Property,1105.0,0,0,0,0,0,0,45
house,ansals palam vihar,sector 2,4.0,16666.666666666668,4,4,3+,2.0,Moderately Old,2400.0,0,1,0,0,0,0,0
flat,ats triumph,sector 104,2.63,9563.636363636364,4,4,3+,21.0,Relatively New,2953.0,0,1,0,0,0,1,161
flat,orchid petals,sector 49,4.79,11629.0361738286,5,5,3+,14.0,Relatively New,3724.0,1,1,0,1,0,0,49
flat,emaar palm gardens,sector 83,1.6,8648.648648648648,3,3,3+,6.0,Relatively New,1674.0,1,1,1,1,0,1,167
house,independent,sector 105,0.74,7400.0,3,3,0,2.0,Moderately Old,1000.0,0,0,0,0,0,0,0
flat,bptp terra,sector 37d,1.95,14444.444444444443,4,3,3,7.0,Relatively New,1650.0,0,0,0,0,0,0,53
flat,emaar mgf palm hills,sector 77,1.09,5382.716049382716,3,4,3+,5.0,Relatively New,1833.0,0,1,0,0,1,1,167
house,independent,sector 2,19.5,27083.33333333333,8,9,3+,2.0,New Property,7200.0,1,1,0,1,0,0,122
flat,godrej air,sector 85,1.3,14541.3870246085,2,2,3,30.0,Relatively New,1130.0,0,0,0,0,0,0,111
flat,sbtl caladium,sector 109,1.9,6219.312602291326,4,4,3,8.0,Relatively New,2765.0,0,1,0,0,0,0,151
house,independent,sector 10a,1.7,18888.88888888889,2,1,2,2.0,Old Property,900.0,0,0,0,0,1,0,8
flat,ramprastha primera,sector 37d,1.2,13333.333333333334,3,3,3,5.0,Relatively New,1000.0,0,0,1,0,0,0,50
flat,signature global synera,sector 81,0.5,6802.721088435374,2,2,3,6.0,Relatively New,700.0,0,0,0,0,0,0,117
flat,chd avenue,sector 71,1.12,6215.316315205328,3,4,3,0.0,Moderately Old,1631.0,0,1,0,0,0,0,65
flat,m3m golfestate,sector 65,5.0,16666.666666666668,3,3,3,2.0,Relatively New,3245.0,0,1,0,0,0,1,174
flat,m3m skywalk,sector 74,1.55,13790.035587188611,2,2,3+,18.0,Relatively New,1300.0,0,0,0,0,1,0,137
house,international city by sobha phase 2,sector 109,9.5,26388.88888888889,7,6,3,3.0,Relatively New,3600.0,1,1,0,1,0,0,138
flat,tulip violet,sector 69,1.75,8706.467661691542,4,4,2,10.0,Relatively New,1819.0,0,0,0,0,0,1,109
house,bhawani enclave,sector 12,0.42,8235.29411764706,3,3,0,2.0,New Property,567.0,0,0,0,1,0,0,0
flat,smart world orchard,sector 61,1.58,13739.130434782608,2,2,2,3.0,New Property,1278.0,1,0,0,0,0,0,15
house,independent,sector 4,0.85,7522.123893805309,3,3,0,1.0,Moderately Old,1130.0,0,0,0,0,0,0,0
house,independent,sector 9,0.6,10752.68817204301,2,2,1,1.0,Moderately Old,62.0,0,0,0,0,0,0,8
flat,imperia the esfera,sector 37c,0.99,5454.545454545455,3,5,3+,5.0,Relatively New,1400.0,0,1,0,0,0,0,49
house,international city by sobha phase 1,sector 109,6.0,24691.35802469136,4,4,3+,2.0,Relatively New,2430.0,1,1,1,1,0,0,160
house,ss hibiscus,sector 50,12.25,20940.17094017094,5,7,3+,1.0,Relatively New,5850.0,1,1,0,1,1,1,160
flat,signature global park,sohna road,0.55,6690.997566909976,2,2,3,3.0,Relatively New,913.0,0,0,0,0,0,0,58
flat,paras dews,sector 106,0.87,9255.31914893617,2,2,3+,1.0,New Property,1120.0,0,0,0,0,0,0,174
flat,global hill view,sector 11,0.33,4269.08150064683,2,2,0,11.0,Relatively New,761.0,0,0,0,0,0,0,0
flat,greenopolis,sector 89,0.65,5195.843325339728,2,2,2,15.0,New Property,1390.0,0,0,0,0,0,0,37
flat,central park flower valley,sector 33,1.35,10384.615384615385,3,2,2,3.0,New Property,1444.0,0,0,0,0,0,0,87
house,independent,sector 5,3.5,15555.555555555557,6,5,2,3.0,Old Property,2250.0,1,1,0,1,1,2,155
flat,ashiana anmol,sohna road,0.9,7058.823529411765,2,2,2,8.0,Relatively New,1275.0,0,0,0,0,0,0,0
flat,emaar gurgaon greens,sector 102,1.45,8787.878787878788,3,3,3,7.0,Relatively New,1493.0,0,1,0,0,0,0,159
flat,shri banke bihari society,sector 56,1.37,9133.333333333334,3,3,3+,2.0,Old Property,1450.0,0,0,0,0,1,0,174
flat,samadhan shri kamal cghs,sector 1,2.01,11426.947129050595,4,4,3+,10.0,Moderately Old,1956.0,0,0,0,0,0,2,0
flat,dlf the crest,sector 54,11.0,35222.54242715338,4,6,3,7.0,Relatively New,2826.0,0,1,0,0,0,2,125
house,independent,sector 8,0.45,9000.0,1,1,1,3.0,Moderately Old,556.0,0,0,0,0,0,0,0
flat,tata primanti,sector 72,3.19,12152.380952380952,4,5,3+,20.0,Relatively New,2376.0,0,1,0,0,0,1,159
flat,chd avenue,sector 71,0.95,7916.666666666667,2,2,0,5.0,Moderately Old,1200.0,0,0,0,0,0,0,0
flat,tata primanti,sector 72,3.5,11426.705843943846,4,5,3+,16.0,Relatively New,2625.0,0,1,0,0,1,0,31
flat,ashok vihar phase 2,sector 3 phase 2,0.28,4307.692307692308,2,2,1,3.0,Relatively New,600.0,0,0,0,0,0,0,64
flat,bestech altura,sector 79,2.69,12500.0,3,4,3+,3.0,New Property,2152.0,0,1,0,0,0,0,49
flat,godrej aria,sector 79,1.69,8522.440746343924,3,3,2,7.0,Relatively New,1795.0,0,0,0,0,0,0,112
house,independent,sector 56,2.95,20233.19615912209,2,2,0,1.0,Moderately Old,1458.0,0,0,0,0,0,0,0
flat,raheja vedaanta,sector 108,1.0,4854.368932038835,2,2,2,0.0,Relatively New,2060.0,0,0,0,0,0,0,0
flat,godrej icon,sector 88a,1.31,8101.422387136673,2,2,3+,3.0,Relatively New,1463.0,1,0,0,0,0,0,102
flat,m3m woodshire,sector 107,0.9,6588.579795021962,2,2,3+,4.0,Relatively New,1236.0,0,0,0,0,0,0,21
flat,suncity vatsal valley,gwal pahari,1.28,9552.23880597015,3,3,3,1.0,Relatively New,1489.0,0,0,0,0,0,1,49
flat,m3m golfestate,sector 65,5.9,17543.859649122805,3,3,3,9.0,Moderately Old,3043.0,1,0,0,0,0,2,21
flat,ireo victory valley,sector 67,3.65,13528.539659006672,3,4,3+,18.0,Relatively New,2490.0,0,1,0,1,0,1,61
flat,signature global solera,sector 107,0.28,5679.513184584179,2,2,2,6.0,Relatively New,543.0,0,0,0,0,0,0,45
house,nul,sector 25,15.0,23437.5,5,5,3,2.0,Moderately Old,6400.0,1,1,0,1,0,1,112
flat,ardee city,sector 52,1.55,7380.952380952381,4,4,3,1.0,Moderately Old,2100.0,0,0,0,0,0,0,0
flat,smart world orchard,sector 61,2.3,14110.42944785276,3,3,2,2.0,New Property,1475.0,1,0,0,0,0,0,79
flat,m3m capital,sector 113,2.87,12489.12097476066,4,4,3+,3.0,Under Construction,2553.0,0,1,0,0,0,0,65
flat,shapoorji pallonji joyville gurugram,sector 102,2.4,10544.815465729347,4,4,3+,15.0,Relatively New,1957.0,0,0,0,0,0,0,108
flat,bestech park view grand spa,sector 81,2.35,8834.586466165414,3,4,3+,10.0,Relatively New,2511.0,0,1,0,0,0,0,109
house,eldeco mansionz,sector 48,5.15,18885.221855518885,5,7,3,2.0,Moderately Old,2727.0,0,1,0,1,0,1,145
flat,umang monsoon breeze,sector 78,0.95,5491.329479768786,3,3,2,9.0,Relatively New,1730.0,0,0,0,0,0,1,65
flat,m3m merlin,sector 67,3.4,14418.99915182358,3,4,3,17.0,Relatively New,2134.0,0,1,0,0,0,1,174
flat,signature global solera,sector 107,0.5,4761.9047619047615,3,2,2,5.0,Relatively New,850.0,0,0,0,0,1,0,35
flat,signature global synera,sector 81,0.48,8450.704225352112,2,2,1,7.0,Relatively New,613.0,0,0,0,0,0,1,70
flat,indiabulls centrum park,sector 103,2.2,7652.173913043478,4,6,3+,4.0,Relatively New,2602.0,0,1,0,0,0,1,108
flat,malibu towne,sector 47,2.4,10000.0,3,3,0,0.0,Moderately Old,2667.0,0,0,0,0,0,1,22
house,independent,sector 110,0.34,6800.0,1,1,0,1.0,Moderately Old,500.0,0,0,0,0,0,0,0
house,independent,sector 13,0.62,3587.962962962963,6,6,0,3.0,Old Property,192.0,0,0,0,0,0,0,0
flat,orchid island,sector 51,1.7,10651.629072681704,3,4,3,2.0,Moderately Old,1773.0,0,0,1,1,0,0,90
flat,ireo the corridors,sector 67a,1.6,9264.620729588882,3,3,2,3.0,New Property,1346.0,0,0,1,0,0,1,142
flat,eldeco accolade,sohna road,0.95,6542.699724517906,2,2,3+,6.0,New Property,1129.0,1,0,0,0,0,1,56
house,independent,sector 43,8.49,31444.444444444445,3,3,2,4.0,Relatively New,2700.0,0,1,0,1,0,1,21
flat,godrej,sector 79,1.93,8532.272325375774,3,4,3+,5.0,Relatively New,2047.0,0,1,0,0,0,0,158
flat,vatika independent floors,sector 82,0.67,5826.086956521739,2,2,3,2.0,Moderately Old,1150.0,0,0,0,0,0,0,53
house,independent,sector 26,8.9,32962.96296296296,4,4,3+,2.0,Old Property,2700.0,1,1,1,1,0,0,82
flat,m3m heights,sector 65,3.29,17997.81181619256,3,3,3,33.0,New Property,1828.0,0,0,0,0,0,0,49
flat,m3m crown,sector 111,4.67,17000.36403349108,4,4,3+,8.0,Relatively New,3056.0,0,0,0,0,0,0,73
flat,ss the leaf,sector 85,1.58,7714.84375,3,4,3,8.0,Relatively New,2227.0,0,1,0,0,0,0,159
flat,m3m sky lofts,sector 71,0.9,13177.159590043924,1,1,0,6.0,New Property,683.0,0,0,0,0,0,0,77
flat,pioneer park,sector 61,2.1,11666.666666666666,3,3,3,15.0,Relatively New,1592.0,0,0,0,0,0,1,49
flat,godrej,sector 33,0.95,6859.205776173285,2,2,3+,3.0,Under Construction,1253.0,0,0,0,0,0,0,0
flat,piedmont taksila heights,sector 37c,1.0,6506.180871828236,3,3,3+,8.0,Relatively New,1708.0,0,0,0,0,0,1,49
house,independent,sector 69,0.8,10484.927916120576,1,1,0,1.0,New Property,763.0,0,0,0,0,0,0,0
flat,ambience creacions,sector 22,2.79,15000.0,3,3,3,13.0,New Property,1860.0,0,0,0,0,0,2,158
flat,kiran residency,sector 56,1.5,6648.936170212766,3,5,3+,4.0,Moderately Old,2250.0,1,0,0,1,0,1,134
flat,ansal harmony homes,sector 57,1.12,10666.666666666666,2,2,1,0.0,Old Property,950.0,0,0,0,0,0,0,72
flat,sare homes,sector 92,1.19,5219.298245614035,4,3,3,14.0,Relatively New,2533.0,0,1,0,0,0,0,100
house,independent,sector 13,0.45,4807.692307692308,1,1,0,1.0,Old Property,936.0,0,0,0,0,0,0,0
flat,m3m woodshire,sector 107,1.39,5887.335874629394,3,4,3+,6.0,Relatively New,2057.0,0,1,0,1,0,1,174
flat,microtek greenburg,sector 86,1.65,8707.12401055409,3,4,3,8.0,Relatively New,1715.0,0,1,0,0,0,0,124
flat,trisara our homes 3,sohna road,0.38,6312.292358803987,2,2,2,1.0,Relatively New,602.0,0,0,0,0,0,0,0
flat,ats triumph,sector 104,2.78,8825.396825396825,4,4,3+,11.0,Relatively New,2851.0,0,1,0,0,0,0,110
flat,godrej,sector 79,2.01,8495.350803043111,3,4,3+,6.0,Relatively New,2141.0,0,1,0,0,0,0,158
flat,smart world orchard,sector 61,1.47,12782.608695652174,2,2,2,4.0,New Property,1278.0,1,0,0,0,0,0,31
house,independent,sector 14,6.46,18888.88888888889,5,5,2,3.0,Moderately Old,3420.0,1,1,0,1,0,1,27
flat,breez global heights,sohna road,0.21,5329.94923857868,1,1,1,2.0,Relatively New,438.0,0,0,0,0,0,0,21
flat,shree vardhman flora,sector 90,0.65,4814.814814814815,2,2,3,10.0,Moderately Old,1222.0,1,0,0,0,0,1,83
flat,tulip violet,sector 69,1.68,10071.942446043166,3,3,2,0.0,Relatively New,1510.0,0,0,0,0,0,0,157
flat,sare green parc 2,sector 92,0.61,4837.430610626487,3,2,2,6.0,Under Construction,1141.0,0,0,0,0,1,0,0
house,independent,sector 81,0.89,8127.853881278539,1,1,0,1.0,Relatively New,1095.0,0,0,0,0,0,0,0
house,independent,sector 4,5.0,10101.0101010101,3,3,2,1.0,Old Property,4950.0,0,0,0,0,0,0,22
house,unitech south city,sector 50,5.88,27222.222222222223,3,9,3+,3.0,Relatively New,2160.0,1,1,0,1,1,2,128
flat,ireo the corridors,sector 67a,1.85,9531.1695002576,3,4,3,4.0,New Property,1941.0,1,0,1,0,0,1,150
flat,ireo the corridors,sector 67a,1.7,9843.659525188188,3,3,2,10.0,New Property,1346.0,0,1,0,0,1,1,44
flat,mapsko mount ville,sector 79,1.85,9640.437727983324,3,4,3,21.0,New Property,1643.0,0,1,0,1,0,0,49
flat,smart world gems,sector 89,1.2,12526.096033402922,3,3,3,3.0,New Property,1064.0,0,0,1,1,0,0,131
flat,"ganpati apartment  2, laxman vihar phase 1",sector 4,0.45,4707.112970711297,2,2,1,0.0,Relatively New,944.0,0,0,0,0,0,0,46
house,independent,sector 2,3.0,19267.82273603083,6,4,3+,3.0,Old Property,1557.0,0,0,0,0,0,1,28
flat,bestech park view residency,sector 2,1.01,7137.809187279152,2,2,3,0.0,Moderately Old,1281.0,0,0,0,0,0,0,92
flat,tulip violet,sector 69,1.38,8972.691807542262,3,3,1,12.0,Relatively New,1709.0,0,0,0,0,0,0,174
flat,the center court,sector 88a,2.1,12173.91304347826,4,4,3,0.0,New Property,1745.0,1,1,0,0,0,0,142
house,eldeco mansionz,sector 48,6.0,22222.222222222223,4,4,3+,2.0,Moderately Old,2700.0,0,1,0,0,0,0,69
flat,indiabulls enigma,sector 110,3.4,10000.0,4,5,3,10.0,Relatively New,3000.0,0,1,0,0,0,0,152
flat,m3m heights,sector 65,2.1,16653.449643140364,2,2,3,8.0,New Property,1015.0,0,0,0,0,0,0,31
house,independent,sector 26,15.0,33200.531208499335,5,6,3+,3.0,Moderately Old,4518.0,1,1,1,1,0,1,78
flat,emaar mgf the palm drive,sector 66,3.5,15909.09090909091,3,3,3,7.0,Moderately Old,2125.0,0,1,1,0,0,1,149
flat,godrej nature plus,sector 33,1.35,8231.707317073171,3,2,3+,7.0,New Property,1484.0,0,0,0,1,0,0,49
flat,ild greens,sector 37c,0.75,5244.755244755244,2,2,3+,13.0,Relatively New,1430.0,0,0,0,0,0,0,51
flat,godrej oasis,sector 88a,1.38,6679.574056147144,3,3,3+,7.0,Relatively New,2296.0,0,1,0,0,0,0,72
flat,vatika lifestyle homes,sector 83,1.25,6838.074398249453,3,2,1,6.0,Relatively New,1654.0,1,1,1,1,0,2,174
flat,chd avenue,sector 71,1.1,6104.328523862375,3,4,3,3.0,Moderately Old,1631.0,0,1,0,0,0,0,26
flat,smriti apartment,sector 56,0.6,10000.0,1,1,1,2.0,Moderately Old,543.0,0,0,0,0,0,0,49
flat,m3m golfestate,sector 65,5.5,16959.605303731114,3,4,3,3.0,Relatively New,2803.0,0,1,0,0,0,0,49
flat,signature global park,sohna road,0.65,7295.173961840628,2,2,3,1.0,New Property,822.0,0,0,0,0,0,0,58
flat,experion the heartsong,sector 108,1.6,7988.01797304044,3,4,3+,3.0,Relatively New,1500.29,0,1,0,0,0,1,60
flat,bsf chs,gwal pahari,0.95,5937.5,3,3,3,13.0,Old Property,1778.0,0,0,0,0,0,0,37
flat,experion the heartsong,sector 108,1.02,7950.116913484022,2,3,3,4.0,Relatively New,1283.0,1,0,0,0,0,0,112
house,ansal sushant lok plots,sector 43,11.5,17692.30769230769,7,8,3+,3.0,Old Property,9000.0,0,1,1,1,0,1,31
house,international city by sobha phase 1,sector 109,6.0,9633.911368015417,4,5,3,2.0,Moderately Old,6228.0,0,0,0,0,0,0,76
flat,chd avenue,sector 71,1.35,5744.68085106383,4,4,3,8.0,Moderately Old,2127.0,0,1,0,0,0,0,26
flat,vatika gurgaon,sector 83,1.42,8875.0,4,4,3,7.0,Relatively New,2000.0,1,1,0,0,0,0,103
flat,ild greens,sector 37c,0.78,5714.285714285715,2,2,3,1.0,Moderately Old,1068.1,0,0,0,0,0,1,103
house,unitech nirvana birch court,sector 50,11.95,36882.71604938272,3,3,2,1.0,Moderately Old,3240.0,1,1,0,0,0,0,101
flat,green court,sector 90,0.45,7188.498402555911,2,2,1,2.0,New Property,696.0,0,0,0,0,0,1,42
house,independent,sector 22,4.75,20067.596113223488,7,5,3+,3.0,Old Property,2367.0,0,0,0,1,1,1,49
flat,aipl zen residences,sector 70a,1.4,11093.50237717908,2,2,2,16.0,Relatively New,1262.0,0,0,0,0,0,0,0
house,independent,sector 24,3.25,30373.83177570093,4,4,3,3.0,Old Property,1070.0,0,0,0,0,0,0,15
house,independent,sector 7,1.75,11111.111111111111,4,2,2,2.0,Old Property,1575.0,0,0,0,0,1,0,31
flat,godrej nature plus,sector 33,1.65,8266.533066132264,3,3,3,2.0,New Property,2218.0,0,1,0,0,0,0,37
flat,.,gwal pahari,7.0,10999.371464487744,4,4,3+,6.0,Relatively New,5430.0,0,1,0,0,0,0,52
flat,spaze privy at,sector 84,1.2,7453.416149068323,2,2,3,3.0,Relatively New,1457.0,1,0,0,0,0,1,133
flat,residency grand,sector 52,5.0,9615.384615384615,5,5,3+,2.0,Moderately Old,5200.0,0,0,0,0,0,0,0
flat,lotus homz,sector 111,0.6,8450.704225352112,2,2,3,9.0,New Property,789.0,0,0,0,0,0,0,52
flat,emaar gurgaon greens,sector 102,1.6,9696.969696969696,3,3,3,8.0,Relatively New,1315.0,0,0,0,0,0,0,46
flat,signature andour heights,sector 71,0.37,7400.0,1,1,2,2.0,Relatively New,425.0,0,0,0,0,0,1,37
house,independent,sector 39,0.34,7555.555555555556,1,1,1,1.0,Relatively New,450.0,0,0,0,0,0,0,0
flat,raisina residency,sector 59,5.0,13058.239749281796,4,4,3+,13.0,Relatively New,4254.0,1,1,1,1,0,1,174
house,malibu towne,sector 47,1.15,4646.464646464647,3,3,3,2.0,Old Property,275.0,0,0,0,0,0,1,33
flat,gls arawali homes,sohna road,0.28,4938.271604938272,2,2,2,3.0,Relatively New,500.0,0,0,0,0,0,1,42
flat,the close north,sector 50,2.65,10685.483870967742,3,4,3+,6.0,Moderately Old,2470.0,0,1,0,0,0,1,174
flat,experion windchants,sector 112,4.25,11294.180175391975,3,5,2,15.0,Relatively New,3000.0,0,1,0,1,0,0,72
flat,dlf the ultima,sector 81,2.25,10699.001426533525,3,3,3+,11.0,Relatively New,1600.0,1,1,0,1,1,2,49
flat,aipl the peaceful homes,sector 70a,2.4,11162.790697674418,3,3,3,11.0,Relatively New,1946.0,0,1,0,0,0,0,108
house,emaar mgf marbella,sector 66,18.0,40000.0,5,6,3+,3.0,Relatively New,4500.0,1,1,1,1,0,2,153
flat,signature global solera,sector 107,0.49,8221.476510067114,2,2,1,8.0,Relatively New,598.0,0,0,0,0,1,2,49
flat,tulip purple,sector 69,2.6,10833.333333333334,4,4,3+,4.0,Moderately Old,2172.0,0,1,0,0,0,0,37
flat,emaar gurgaon greens,sector 102,1.55,9393.939393939394,3,4,3,7.0,Relatively New,1315.0,0,1,0,0,0,1,152
house,hero homes,sector 104,1.95,21195.652173913044,3,5,3+,2.0,Moderately Old,920.0,0,0,0,0,0,0,64
flat,tulip monsella,sector 53,5.6,19363.762102351317,3,3,3+,1.0,Relatively New,2617.0,0,0,0,0,0,0,42
flat,ss the leaf,sector 85,1.3,7779.772591262717,2,2,3+,16.0,Relatively New,1406.0,0,0,1,0,0,0,148
flat,ansal heights 86,sector 86,0.78,5735.294117647059,2,2,1,8.0,New Property,1231.0,0,0,0,0,0,0,67
flat,hero homes,sector 104,1.75,10361.160449970395,3,3,3,2.0,Relatively New,1529.0,0,0,0,0,0,0,30
flat,la vida by tata housing,sector 113,1.85,11716.276124129196,3,2,2,7.0,New Property,1429.0,0,0,0,0,0,0,13
house,unitech uniworld resorts,sector 33,11.75,23239.71518987342,5,7,3+,3.0,Relatively New,5056.0,0,1,0,0,0,0,80
flat,m3m merlin,sector 67,4.5,14267.596702599873,4,4,3+,15.0,Relatively New,2854.0,0,1,0,0,0,1,158
flat,godrej aria,sector 79,1.3,9622.501850481123,2,4,2,3.0,Relatively New,1223.0,0,0,0,0,0,0,53
flat,park royal apartment,sector 56,1.71,7600.0,3,3,3+,5.0,Moderately Old,2251.0,0,1,0,0,0,1,118
house,independent,sector 7,2.25,16891.891891891893,5,3,0,2.0,Old Property,148.0,0,0,0,0,0,0,0
house,vipul tatvam villa,sector 48,8.5,26234.567901234568,4,4,2,2.0,Moderately Old,3240.0,0,1,1,1,0,0,88
flat,signature global park,sohna road,0.54,6330.597889800703,2,2,2,4.0,Relatively New,939.0,0,0,0,1,0,0,159
flat,raheja vedaanta,sector 108,0.7,4651.162790697675,2,2,2,12.0,Relatively New,1505.0,0,0,0,0,0,0,0
flat,emaar palm gardens,sector 83,1.72,9052.631578947368,3,3,3,4.0,Relatively New,1600.0,0,1,0,0,0,1,165
flat,vatika gurgaon,sector 83,0.87,6987.951807228916,2,2,2,3.0,Moderately Old,1127.0,0,0,0,0,0,0,35
flat,m3m golfestate,sector 65,7.0,18181.81818181818,3,3,2,12.0,Moderately Old,4278.0,0,0,1,0,0,0,60
flat,raheja revanta,sector 78,1.2,10016.69449081803,1,2,2,32.0,Under Construction,823.0,0,0,0,0,0,0,39
flat,signature global park,sohna road,0.9,6254.343293954134,3,3,3,3.0,Relatively New,1599.0,0,0,0,1,0,0,96
flat,godrej nature plus,sector 33,1.2,12000.0,2,2,3+,3.0,New Property,1111.0,0,0,0,0,0,0,105
flat,the close north,sector 50,2.5,11944.577161968466,3,3,3,11.0,Relatively New,1894.0,0,0,0,1,0,1,127
flat,ss the leaf,sector 85,1.14,6433.408577878104,2,2,3,16.0,Relatively New,1604.0,0,0,0,0,0,0,44
flat,shyam sadan,sector 3 phase 2,0.55,6470.588235294118,2,2,1,4.0,Relatively New,778.0,1,0,0,0,0,1,69
flat,central park flower valley,sohna road,1.2,6741.573033707865,3,3,0,11.0,Relatively New,1780.0,0,0,0,0,0,0,66
flat,suncity avenue,sector 102,0.47,8935.361216730038,2,2,1,5.0,Relatively New,582.0,0,0,1,0,0,0,142
flat,emaar mgf the palm drive,sector 66,3.0,15384.615384615385,3,3,2,12.0,Relatively New,1950.0,0,1,0,0,0,0,96
flat,central park resorts,sector 48,11.25,28266.331658291456,4,5,3+,2.0,Relatively New,4422.0,0,1,0,1,0,0,45
flat,ats tourmaline,sector 109,1.72,8000.0,3,4,3+,7.0,Relatively New,1797.0,0,1,0,0,0,0,167
flat,corona optus,sector 37c,1.43,7185.929648241206,3,3,3+,2.0,Relatively New,1845.0,1,1,0,0,1,0,49
flat,breez global hill view,sohna road,0.35,5319.148936170212,2,2,2,18.0,New Property,658.0,0,0,0,0,0,0,15
flat,green homes,sector 52,1.85,7872.340425531915,3,3,3,7.0,Moderately Old,2127.0,0,1,0,0,0,0,28
flat,ramprastha primera,sector 37d,1.08,6000.0,3,3,3,9.0,Relatively New,1700.0,0,0,0,0,0,0,158
flat,ireo uptown,sector 66,1.32,11438.474870017331,2,2,2,6.0,Relatively New,1048.0,0,0,0,0,0,0,45
house,independent,sector 48,8.4,25925.925925925927,4,4,3,2.0,Old Property,3240.0,0,1,0,1,0,1,15
flat,suncity heights,sector 54,3.85,16445.96326356258,3,3,3+,8.0,Old Property,2119.0,0,1,0,0,0,0,67
flat,tulip violet,sector 69,1.2,8888.888888888889,2,3,1,0.0,Relatively New,1222.0,0,0,0,0,0,0,150
house,vipul tatvam villa,sector 48,7.65,19125.0,4,4,3,2.0,Moderately Old,4000.0,1,1,0,0,1,0,49
flat,bptp terra,sector 37d,1.17,8297.872340425532,2,2,2,0.0,Relatively New,1276.0,0,0,0,0,0,0,107
flat,la lagune,sector 54,6.75,21360.759493670885,4,6,3+,11.0,Moderately Old,2455.0,0,1,0,0,0,1,119
flat,eldeco accolade,sohna road,1.35,6136.363636363636,3,3,3,2.0,New Property,2444.0,0,1,0,0,0,0,72
house,independent,sector 108,1.34,5000.0,1,1,0,1.0,Relatively New,2680.0,0,0,0,0,0,0,0
flat,smart world orchard,sector 61,1.57,13652.173913043478,2,2,2,3.0,New Property,1150.0,1,0,0,0,1,0,71
flat,emaar mgf palm hills,sector 77,1.5,12744.26508071368,3,3,3,4.0,Relatively New,1310.0,0,0,0,0,0,1,97
flat,dlf the skycourt,sector 86,1.35,6998.444790046657,3,3,1,9.0,Relatively New,1746.0,0,0,0,0,0,0,119
flat,ss the leaf,sector 85,1.12,6451.612903225807,2,2,3,10.0,Relatively New,1485.0,0,0,0,0,1,0,49
flat,pyramid urban homes 2,sector 86,0.41,8282.828282828283,2,2,1,7.0,New Property,557.0,1,1,0,1,1,0,49
flat,signature global park,sohna road,0.53,6294.536817102137,2,2,2,1.0,Relatively New,939.0,0,0,0,1,0,0,168
flat,dlf regal gardens,sector 90,1.26,7636.363636363636,3,3,2,12.0,Relatively New,1650.0,0,0,0,0,1,0,8
flat,umang winter hills,sector 77,0.8,5961.251862891208,2,2,2,10.0,Relatively New,1163.0,0,0,0,0,0,1,49
flat,vatika gurgaon,sector 83,1.25,6313.131313131313,3,3,2,2.0,Relatively New,1792.0,0,1,0,0,0,0,119
house,independent,sector 45,7.35,29696.969696969696,6,4,3+,3.0,Old Property,2475.0,1,1,1,1,0,1,61
flat,shree vardhman victoria,sector 70,1.25,9259.25925925926,2,2,3,3.0,Relatively New,1222.0,1,0,0,0,0,0,43
flat,m3m golfestate,sector 65,5.4,18126.888217522657,3,4,3,19.0,Moderately Old,2696.0,1,1,0,0,0,1,174
flat,paras dews,sector 106,1.0,7220.216606498195,2,2,3+,2.0,New Property,940.0,0,0,0,0,0,1,21
flat,professors enclave cghs,sector 56,1.54,8324.324324324325,3,3,2,6.0,Old Property,1920.0,0,1,0,1,0,1,104
flat,the arzoo cghs,sector 51,2.1,9130.434782608696,4,4,3,1.0,Relatively New,2300.0,0,0,0,0,0,0,58
flat,m3m woodshire,sector 107,1.7,6141.618497109826,4,5,3+,9.0,Relatively New,2505.0,0,1,0,0,0,0,79
flat,m3m heights,sector 65,1.9,13991.16347569956,2,2,2,40.0,Relatively New,1358.0,0,0,0,0,0,0,48
flat,dlf regal gardens,sector 90,1.25,7167.431192660551,3,3,2,11.0,Relatively New,1578.0,0,0,0,0,1,0,14
flat,pyramid urban,sector 67a,0.62,11854.6845124283,2,2,2,2.0,Relatively New,581.0,0,0,0,0,0,0,64
flat,emaar mgf palm terraces select,sector 66,3.4,14107.883817427386,4,4,3+,2.0,Relatively New,2210.0,0,1,0,0,0,1,157
flat,tulip monsella,sector 53,7.4,33198.74383131449,4,4,3,21.0,Relatively New,2477.0,0,0,0,0,0,0,35
flat,vipul belmonte,sector 53,6.0,24489.79591836735,3,4,3+,6.0,Moderately Old,2217.0,0,1,0,0,1,1,26
flat,emaar emerald hills,sector 65,1.95,13928.57142857143,3,3,3+,1.0,New Property,1556.0,0,0,1,0,0,1,117
flat,godrej,sector 79,1.41,8998.085513720485,2,2,3,3.0,New Property,1747.0,1,0,0,0,0,0,104
house,independent,sector 4,2.3,17011.834319526628,4,4,3,2.0,Old Property,160.0,0,0,0,0,0,1,15
flat,south city 1 floors,sector 41,3.4,11724.137931034482,4,4,3,0.0,Old Property,2900.0,0,0,0,0,0,0,0
flat,pooja apartment,sector 3 phase 3 extension,0.25,3571.428571428572,2,2,2,2.0,Relatively New,778.0,0,0,0,0,0,0,0
house,independent,sector 2,5.0,15384.615384615385,6,6,2,1.0,Moderately Old,3611.0,0,0,0,0,0,0,0
house,bptp visionnaire,sector 70a,5.35,8916.666666666666,4,4,3+,3.0,Relatively New,6000.0,1,1,1,1,0,1,160
house,vipul tatvam villa,sector 48,5.75,22183.64197530864,4,4,2,2.0,Moderately Old,2592.0,0,1,0,0,0,0,30
flat,godrej habitat,sector 3,1.25,8656.509695290859,2,2,3,14.0,Old Property,1161.0,0,0,0,0,0,0,36
flat,ireo the grand arch,sector 58,3.83,21577.464788732395,3,4,2,10.0,Relatively New,2000.0,1,1,0,0,0,1,174
house,independent,sector 3,1.5,10288.0658436214,3,3,0,2.0,Old Property,210.0,0,0,0,0,0,0,0
house,kothi,sector 17b,6.95,15444.444444444443,4,4,3+,2.0,Old Property,3500.0,1,1,1,1,0,0,33
flat,dlf new town heights,sector 90,1.2,6217.616580310881,3,3,3+,15.0,Relatively New,1747.0,0,0,0,0,0,0,37
flat,shapoorji pallonji joyville gurugram,sector 102,1.75,15514.18439716312,3,3,3+,1.0,Relatively New,1465.0,0,0,0,0,0,0,49
house,dlf city plots,sector 26,17.3,38737.124944021496,6,7,3+,3.0,New Property,4466.0,1,1,1,1,0,1,124
flat,dlf new town heights,sector 90,1.21,6243.550051599587,3,3,3+,7.0,Relatively New,1929.0,0,1,0,1,0,0,127
flat,kibithu villas,sector 48,3.45,12777.777777777776,4,4,3+,2.0,Moderately Old,3000.0,0,0,0,0,0,0,0
flat,godrej oasis,sector 88a,1.45,8082.497212931996,3,3,3,12.0,Relatively New,1993.0,0,0,0,0,0,0,49
flat,godrej oasis,sector 88a,1.15,9854.32733504713,2,2,1,12.0,New Property,120.0,1,0,0,0,0,0,79
flat,birla navya,sector 63a,3.15,14630.747793776129,3,3,3,4.0,Relatively New,2153.0,0,0,0,0,1,0,44
flat,ireo the corridors,sector 67a,2.0,11428.57142857143,3,3,3,12.0,New Property,1584.0,1,0,0,0,0,0,38
flat,m3m urbana,sector 67,1.0,12106.537530266343,1,1,1,17.0,Relatively New,826.0,0,0,0,0,0,0,49
flat,ambience creacions,sector 22,3.99,12912.621359223302,3,5,3+,3.0,New Property,2796.0,0,1,0,0,0,2,102
house,independent,sector 25,6.6,36666.66666666666,6,7,3+,2.0,Moderately Old,1800.0,1,1,0,0,0,1,119
house,shri shyam residency,sector 104,0.62,12400.0,3,3,1,2.0,Moderately Old,900.0,0,0,0,0,1,2,8
flat,suncity avenue 76,sector 76,0.55,7422.402159244264,2,2,2,9.0,Under Construction,823.0,0,0,0,0,0,0,26
flat,raheja vedaanta,sector 108,1.25,5681.818181818182,3,2,0,0.0,Relatively New,1991.0,0,0,0,0,0,1,65
flat,shree vardhman victoria,sector 70,1.62,8307.692307692309,3,5,3,9.0,Relatively New,1527.0,0,1,0,0,0,0,43
flat,tata gurgaon gateway,sector 113,1.75,10441.527446300715,2,2,2,10.0,Relatively New,1430.0,1,0,0,0,0,0,104
house,vipul tatvam villa,sector 48,18.5,26428.571428571428,4,4,1,1.0,Moderately Old,7000.0,0,0,0,0,0,0,30
flat,ramsons kshitij,sector 95,0.19,590.9797822706065,1,1,1,14.0,Relatively New,3569.0,0,0,0,0,0,0,49
house,independent,sector 108,1.7,5666.666666666667,4,4,3+,1.0,Relatively New,3000.0,0,0,0,0,0,0,0
flat,shree balaji appartment,sector 33,0.4,5000.0,2,2,2,1.0,Relatively New,724.0,0,0,0,0,0,2,0
flat,spaze privy at,sector 84,1.24,6465.067778936392,3,3,3,8.0,Relatively New,1650.0,1,0,0,0,0,1,158
house,international city by sobha phase 2,sector 109,6.25,11574.074074074077,4,4,3+,2.0,Relatively New,5400.0,0,1,0,0,0,0,138
flat,park view apartment,sector 56,1.74,7565.217391304348,3,3,3+,2.0,Old Property,2400.0,0,1,0,1,0,1,104
house,huda floor,sector 38,4.0,22222.222222222223,4,9,3+,2.0,Relatively New,4800.0,0,0,1,1,0,1,152
flat,emaar mgf emerald floors premier,sector 65,2.77,14025.316455696202,4,4,3+,3.0,Relatively New,2194.0,1,1,0,0,0,2,174
house,independent,sector 7,1.2,11194.029850746268,2,4,2,3.0,Old Property,1072.0,0,0,0,0,0,0,0
house,independent,sector 82,7.0,21604.938271604937,4,4,3+,1.0,Relatively New,3240.0,1,1,0,1,0,1,49
flat,shyam apartment,sector 3,0.26,3714.285714285714,2,1,2,2.0,Relatively New,611.0,0,0,0,0,0,0,0
flat,signature global solera,sector 107,0.28,5833.333333333333,2,2,2,11.0,Relatively New,543.0,0,0,0,0,0,0,45
flat,ireo the corridors,sector 67a,2.0,11580.775911986104,3,3,2,6.0,Under Construction,1346.0,0,0,0,0,1,0,15
flat,bptp terra,sector 37d,1.6,7302.60155180283,4,3,3+,7.0,Relatively New,2000.0,0,0,0,0,1,1,139
flat,adani aangan arcade,sector 88a,0.45,7188.498402555911,2,2,1,8.0,New Property,695.0,0,0,0,0,0,0,14
flat,dlf park place,sector 54,5.75,24688.707599828253,3,4,3,12.0,Relatively New,2329.0,0,1,0,0,0,2,174
flat,bestech park view spa next,sector 67,3.32,12599.620493358634,4,5,3+,12.0,Moderately Old,2385.0,0,1,0,0,0,1,174
flat,rof ananda,sector 95,0.2,5602.240896358543,1,1,1,2.0,Relatively New,407.0,0,0,0,1,0,0,53
flat,smart world gems,sector 89,1.1,9972.801450589302,2,2,2,3.0,New Property,1226.0,0,0,1,0,0,0,77
flat,ansal heights 86,sector 86,1.05,5540.8970976253295,3,3,3,9.0,Under Construction,1715.0,0,1,0,0,0,0,0
flat,tulip violet,sector 69,1.9,9452.73631840796,4,4,2,0.0,Relatively New,1819.0,0,0,0,0,0,0,49
flat,ireo the grand arch,sector 58,4.0,18484.288354898337,3,4,3,5.0,Old Property,2164.0,0,1,0,0,0,1,49
flat,sbtl caladium,sector 109,1.88,6153.846153846154,4,5,3,10.0,Relatively New,2765.0,0,0,0,0,0,0,110
house,independent,sector 4,4.12,8888.888888888889,2,1,3+,2.0,Moderately Old,4635.0,0,0,0,0,0,0,0
flat,baani city center,sector 63,0.88,10945.273631840795,1,1,2,4.0,New Property,804.0,0,0,0,0,0,0,0
flat,emaar mgf emerald floors premier,sector 65,2.85,14430.379746835442,4,4,3,3.0,Relatively New,2194.0,1,1,0,0,0,0,28
flat,dlf the ultima,sector 81,2.3,14375.0,3,4,3+,18.0,Relatively New,1854.0,0,1,0,0,0,2,174
flat,emaar mgf palm studios,sector 66,1.7,13502.779984114375,2,2,2,7.0,Relatively New,1072.0,0,0,0,0,1,0,99
flat,dlf the ultima,sector 81,2.25,10755.258126195027,3,4,3+,11.0,Relatively New,2090.0,0,1,0,0,0,2,174
house,independent,sector 39,1.8,21871.20291616039,1,1,2,3.0,Relatively New,800.0,0,0,0,0,0,0,0
flat,ansal heights 86,sector 86,1.25,7396.449704142012,3,2,1,11.0,New Property,1529.0,0,0,0,0,0,0,45
flat,silverglades the melia,sohna road,0.78,5777.777777777777,2,2,3,9.0,Under Construction,1222.0,1,0,0,0,0,0,72
house,independent,sector 36,0.66,7166.123778501628,2,2,3,4.0,New Property,823.0,0,0,0,0,0,0,0
house,signature global city 63a,sector 63,1.5,6289.308176100629,3,3,2,1.0,New Property,2385.0,0,0,0,0,0,0,0
flat,vipul lavanya,sector 81,0.64,5263.1578947368425,2,2,3,12.0,Relatively New,1361.0,0,0,0,0,0,1,93
flat,rof aalayas,sector 102,0.45,6000.0,1,1,2,6.0,Relatively New,750.0,0,0,0,0,0,0,0
flat,dlf the ultima,sector 81,2.3,10994.263862332697,3,4,3+,6.0,New Property,1893.0,0,1,0,0,0,2,167
flat,signature global park,sohna road,0.91,6288.873531444368,3,3,3,1.0,Relatively New,1599.0,0,0,0,1,0,0,165
flat,cghs rail vihar,sector 15,1.4,10769.23076923077,4,3,3,3.0,Old Property,1444.0,0,0,0,0,0,1,81
flat,pivotal devaan,sector 84,0.37,6346.483704974271,2,2,1,5.0,Relatively New,532.0,0,0,0,0,0,0,73
flat,shree vardhman flora,sector 90,0.92,4906.666666666667,3,4,3,4.0,Relatively New,1493.0,0,1,0,0,0,0,116
flat,bptp terra,sector 37d,1.78,8124.144226380648,4,3,3,10.0,Relatively New,1983.0,0,1,0,0,0,0,127
flat,emaar gurgaon greens,sector 102,1.4,8484.848484848484,3,3,3,9.0,Relatively New,1413.0,0,1,0,0,0,0,49
flat,signature global park,sohna road,0.65,5637.467476149176,2,2,2,2.0,Relatively New,1043.0,0,0,0,1,0,0,118
flat,the close south,sector 50,3.1,12444.80128462465,3,4,3+,4.0,Moderately Old,2450.0,0,1,0,0,0,1,165
flat,supertech hues,sector 68,1.0,8474.57627118644,2,2,3,23.0,New Property,1311.0,0,0,0,0,0,0,49
flat,vatika the seven lamps,sector 82,0.94,6568.832983927324,2,2,2,12.0,Relatively New,1299.0,1,0,0,0,0,1,103
flat,tarc maceo,sector 91,1.75,11118.170266836089,4,3,3+,8.0,Relatively New,2107.0,1,1,1,1,0,0,128
house,housing board colony,sector 28,5.5,30555.555555555555,4,3,3,2.0,Old Property,1800.0,0,0,0,1,1,1,22
flat,tulip violet,sector 69,1.7,8625.063419583968,4,4,1,12.0,Relatively New,1783.0,0,0,0,0,0,0,88
flat,tulip violet,sector 69,1.55,9639.303482587064,3,3,2,2.0,Relatively New,1455.0,0,0,0,1,0,1,86
flat,indiabulls centrum park,sector 103,1.15,7765.023632680622,2,2,3,8.0,Relatively New,1250.0,1,0,0,0,0,1,135
flat,indiabulls centrum park,sector 103,1.01,8080.0,2,2,3,5.0,Relatively New,1338.0,0,0,1,0,0,1,165
flat,dlf the ultima,sector 81,2.28,10841.654778887303,3,3,3+,14.0,Relatively New,1750.0,0,1,0,0,0,2,49
house,nirvana country,sector 50,10.0,14285.714285714286,5,7,2,4.0,Moderately Old,7000.0,0,1,0,0,0,2,0
flat,shree vardhman flora,sector 90,0.75,5769.2307692307695,2,2,3,8.0,Relatively New,1444.0,0,0,0,0,0,0,60
flat,aipl the peaceful homes,sector 70a,2.8,11914.893617021276,3,4,3,22.0,Relatively New,2350.0,0,1,0,0,0,0,49
house,independent,sector 17b,8.5,18813.63435148296,4,4,2,2.0,Old Property,4518.0,1,1,0,1,0,1,21
house,independent,sector 12,1.4,8701.05655686762,2,2,1,2.0,Old Property,166.0,0,0,0,0,0,0,0
flat,gls arawali homes,sohna road,0.28,5982.905982905983,2,2,2,3.0,Relatively New,520.0,0,0,0,0,0,0,42
flat,sare crescent parc,sector 92,1.0,5128.205128205128,4,3,2,1.0,Relatively New,2167.0,0,0,0,0,0,0,49
flat,alpha corp gurgaonone,sector 84,1.5,7641.365257259297,3,3,3,20.0,Relatively New,1833.0,0,1,0,0,0,1,37
flat,hcbs sports ville,sohna road,0.28,3768.506056527591,2,2,1,11.0,Relatively New,743.0,0,0,0,0,0,0,38
flat,shree vardhman flora,sector 90,0.85,4404.145077720207,3,4,3,3.0,Relatively New,1679.0,0,1,1,0,0,0,110
house,sector 15 part 2 rwa,sector 15,10.0,22222.222222222223,5,5,2,2.0,Old Property,4500.0,0,0,0,0,0,0,49
house,international city by sobha phase 1,sector 109,6.0,24691.35802469136,4,5,3+,2.0,Relatively New,2430.0,0,1,0,0,0,1,96
flat,bestech park view ananda,sector 81,1.15,6927.710843373494,3,2,3+,12.0,Relatively New,1352.0,0,0,0,0,0,0,101
flat,smart world orchard,sector 61,2.45,15796.26047711154,3,3,3,3.0,New Property,1223.0,1,1,0,0,0,0,119
flat,dlf new town heights,sector 91,1.75,7402.707275803723,4,4,3+,9.0,Relatively New,2139.0,0,1,0,1,0,0,88
flat,tulip violet,sector 69,1.38,8966.861598440546,3,3,1,12.0,Relatively New,1392.0,0,0,0,1,0,0,86
house,ardee city,sector 52,2.25,16071.42857142857,3,3,3,4.0,New Property,1800.0,0,1,0,0,0,1,22
flat,ansal heights 86,sector 86,1.25,7396.449704142012,3,2,1,2.0,New Property,1529.0,0,0,0,0,0,0,100
flat,indiabulls enigma,sector 110,3.45,10147.058823529413,4,4,3,9.0,Moderately Old,3077.0,0,1,0,0,0,1,125
flat,ss the leaf,sector 85,2.0,8305.647840531561,3,4,3,6.0,Relatively New,2300.0,0,1,0,0,0,0,49
flat,sare crescent parc royal greens phase 1,sector 92,1.0,3713.330857779428,4,4,3,15.0,New Property,1828.0,0,0,0,0,0,0,31
flat,ats marigold,sector 89,1.5,8571.42857142857,3,3,3,2.0,New Property,1944.0,0,0,0,0,1,0,49
flat,signature global solera,sector 107,0.5,7751.937984496124,3,2,2,6.0,Relatively New,717.0,0,0,0,0,1,0,49
flat,godrej summit,sector 104,1.1,8668.242710795903,2,2,3,16.0,Under Construction,1148.0,0,0,0,0,1,0,88
flat,ss the coralwood,sector 84,1.01,5771.428571428572,3,3,2,18.0,Relatively New,1475.0,0,0,0,0,0,0,40
flat,ashiana mulberry,sohna road,0.9,6143.344709897611,2,2,3+,7.0,Moderately Old,1100.0,1,0,0,0,0,1,156
flat,apna enclave,sector 3,0.55,5789.473684210527,2,2,2,2.0,Old Property,900.0,0,0,0,0,0,0,66
flat,ramprastha the edge towers,sector 37d,0.98,5536.723163841808,3,3,3+,5.0,Relatively New,1675.0,0,0,0,1,0,0,174
flat,antriksh heights,sector 84,0.79,4579.710144927536,3,3,3+,8.0,New Property,1561.0,0,0,0,0,0,0,24
flat,tata gurgaon gateway,sector 113,6.0,9139.37547600914,5,6,3+,24.0,Moderately Old,7294.0,0,0,0,0,0,0,117
house,independent,sector 25,4.35,32222.222222222223,5,4,3,3.0,Old Property,1350.0,0,1,0,0,0,0,49
flat,imperia the esfera,sector 37c,0.99,5454.545454545455,3,4,3,9.0,Relatively New,1660.0,0,1,0,0,0,0,49
house,spaze privy,sector 72,3.09,6981.473113420696,5,5,3+,14.0,Relatively New,3653.0,0,1,0,0,0,1,33
house,nul,sector 25,6.25,34722.22222222222,5,5,3,2.0,Moderately Old,1800.0,0,1,0,1,0,1,112
flat,signature global solera,sector 107,0.35,6493.506493506494,2,2,2,8.0,Relatively New,608.0,0,0,0,0,0,0,45
flat,bestech park view grand spa,sector 81,2.22,8345.864661654135,3,4,3+,15.0,Relatively New,2407.0,0,1,0,0,0,1,174
flat,brisk lumbini terrace homes,sector 109,1.5,6616.674018526687,3,3,1,4.0,New Property,2519.0,0,1,0,0,0,0,37
flat,godrej oasis,sector 88a,1.5,8108.108108108108,3,3,2,3.0,Relatively New,2056.0,0,0,0,0,0,0,47
flat,tulip violet,sector 69,1.65,8870.967741935483,3,3,2,1.0,Relatively New,1578.0,0,0,0,0,0,1,69
house,independent,sector 31,4.6,32258.064516129038,2,2,2,2.0,Moderately Old,1426.0,0,0,0,0,0,0,0
house,signature global city,sector 37d,1.27,8089.171974522293,3,3,3,4.0,Relatively New,1570.0,0,0,0,1,0,0,89
flat,ss the coralwood,sector 84,1.1,5820.10582010582,3,3,3+,12.0,Moderately Old,1710.0,0,0,0,0,0,1,104
house,independent,sector 7,2.0,13888.888888888889,2,2,2,2.0,Old Property,160.0,0,0,0,0,0,0,22
flat,birla navya,sector 63a,3.5,25925.925925925927,3,3,3,1.0,Under Construction,1350.0,0,0,0,0,0,0,38
house,independent,sector 2,5.7,22637.013502779984,9,9,3+,3.0,Moderately Old,2518.0,0,0,0,1,0,1,0
flat,paras dews,sector 106,1.35,7297.2972972972975,4,4,3+,18.0,Relatively New,2100.0,0,1,0,1,0,1,174
house,independent,sector 57,7.25,26851.85185185185,9,9,3+,2.0,New Property,2700.0,0,1,0,1,1,1,49
house,huda flats,sector 7,2.3,17037.037037037036,5,3,3+,3.0,Old Property,150.0,1,1,0,1,0,0,27
flat,tulip violet,sector 69,1.4,8838.38383838384,3,3,2,1.0,Relatively New,1428.0,0,0,0,0,0,0,95
flat,cghs vidya enclave,sector 56,1.7,10967.741935483871,3,2,3,6.0,Old Property,1585.0,0,0,1,0,0,0,101
house,independent,sector 4,0.67,9795.3216374269,3,3,2,2.0,Relatively New,76.0,0,0,0,0,1,0,7
flat,shree vardhman victoria,sector 70,1.63,8358.97435897436,3,3,3,5.0,New Property,1527.0,0,1,0,0,1,0,49
flat,signature global park 4,sector 36,0.82,7585.568917668825,3,2,3,2.0,New Property,1201.0,0,0,0,0,0,0,24
flat,signature global the millennia,sector 37d,0.55,9166.666666666666,2,2,3,3.0,New Property,610.0,0,0,0,0,0,0,71
house,independent,sector 14,4.6,20444.444444444445,1,1,0,1.0,Old Property,2250.0,0,0,0,0,0,0,0
house,independent,sector 28,0.7,8101.851851851852,2,2,0,2.0,Old Property,864.0,0,0,0,0,0,0,7
house,vipul tatvam villa,sector 48,8.5,26234.567901234568,4,6,3,3.0,Old Property,3240.0,0,1,0,1,1,0,49
house,independent,sector 23,5.65,17706.048260733314,7,7,3+,2.0,Moderately Old,5000.0,0,1,0,1,0,0,68
flat,antriksh heights,sector 84,0.73,6083.333333333333,2,2,3+,4.0,Relatively New,1026.0,1,0,1,1,0,0,158
flat,m3m the marina,sector 68,1.02,8095.238095238095,2,2,2,11.0,Relatively New,1250.0,0,0,0,0,1,1,49
flat,smart world orchard,sector 61,2.24,14460.9425435765,3,3,2,3.0,New Property,1402.0,0,0,0,0,1,0,61
flat,sare crescent parc royal greens phase 1,sector 92,0.79,6086.286594761171,3,2,2,15.0,New Property,1175.0,0,0,0,0,0,0,25
flat,central park flower valley aqua front towers,sector 33,1.7,9449.694274597,3,3,3+,5.0,New Property,1697.0,0,0,0,0,0,1,44
flat,m3m golfestate,sector 65,5.9,17481.48148148148,3,3,3,18.0,Relatively New,3043.0,1,1,0,0,0,0,76
house,unitech uniworld resorts,sector 33,8.0,17777.777777777777,6,5,3+,4.0,Relatively New,4500.0,0,0,0,0,0,0,0
house,independent,sector 12,3.5,14786.64976763836,8,8,3+,3.0,Relatively New,4800.0,1,1,0,1,0,2,77
house,independent,sector 9,0.6,10752.68817204301,3,3,1,2.0,Relatively New,62.0,0,0,0,0,0,0,0
flat,godrej air,sector 85,1.83,10005.467468562056,3,3,3+,18.0,Relatively New,2032.0,0,0,0,0,0,0,110
house,independent,sector 23,2.4,12000.0,3,3,2,2.0,Moderately Old,2000.0,0,0,1,1,0,0,28
house,independent,sector 55,5.6,20740.74074074074,6,4,3,3.0,Old Property,2700.0,0,1,0,0,0,1,41
flat,central park flower valley,sector 33,2.15,13522.012578616352,3,3,3+,1.0,New Property,1439.0,0,0,0,0,0,0,31
flat,dlf trinity towers,sector 43,3.8,15510.204081632652,3,3,3+,1.0,Moderately Old,2450.0,0,1,0,1,0,1,68
flat,m3m skywalk,sector 74,1.48,12333.333333333334,2,2,3,13.0,Relatively New,1300.0,0,0,1,0,0,0,158
flat,bestech park view sanskruti,sector 92,1.83,7870.967741935484,4,3,3,8.0,New Property,2104.0,0,1,0,0,0,0,128
flat,m3m woodshire,sector 107,1.65,5960.982658959538,4,5,3+,12.0,Relatively New,2505.0,0,1,0,0,0,0,21
flat,shree vardhman victoria,sector 70,1.8,9230.76923076923,3,3,3+,10.0,New Property,1765.0,0,0,0,0,1,1,49
flat,pivotal devaan,sector 84,0.41,7032.590051457976,2,2,2,10.0,New Property,565.0,0,0,0,0,0,1,23
flat,imperia elvedor,sector 37c,0.55,8221.225710014947,1,1,0,5.0,Relatively New,669.0,0,0,0,0,0,0,0
house,international city by sobha phase 1,sector 109,6.15,27333.33333333333,5,5,3+,3.0,Relatively New,2250.0,0,1,1,1,0,1,130
flat,godrej,sector 79,2.0,8474.57627118644,3,4,3+,9.0,Relatively New,1963.0,0,1,0,0,0,0,108
flat,antriksh green,sector 45,2.25,7826.086956521739,4,4,2,9.0,Old Property,3194.0,0,1,0,0,0,2,23
flat,signature global solera,sector 107,0.38,6333.333333333333,2,2,2,3.0,Relatively New,627.0,0,0,0,0,0,2,23
flat,la vida by tata housing,sector 113,1.5,11755.485893416928,2,2,2,13.0,New Property,1155.0,0,0,0,0,0,0,60
flat,vatika the seven lamps,sector 82,0.94,6532.314107018763,2,2,3+,9.0,Relatively New,1299.0,1,0,0,0,0,1,117
flat,paras dews,sector 106,1.32,5605.095541401274,4,5,3+,11.0,Relatively New,1535.0,0,1,0,0,0,0,49
house,experion windchants,sector 112,7.99,12519.586336571609,4,6,3,2.0,New Property,6382.0,0,1,1,1,0,1,129
flat,prime habitat,sector 99a,0.26,4744.525547445255,2,2,1,6.0,Relatively New,611.0,0,0,0,0,1,0,79
flat,essel towers,sector 14,2.2,12500.0,3,4,3+,3.0,Old Property,1956.0,0,0,0,0,0,0,0
flat,cghs hewo apartments,sector 31,1.25,11574.074074074077,2,2,2,2.0,Old Property,1200.0,0,0,0,0,0,0,28
flat,smart world orchard,sector 61,1.7,15178.57142857143,2,2,2,4.0,Under Construction,1244.0,1,0,0,0,0,0,127
house,saksham welfare association,sector 22,4.7,19847.972972972973,6,6,3+,2.0,Old Property,2368.0,0,0,1,1,0,1,106
flat,pivotal riddhi siddhi,sector 99,0.72,946.994607391819,2,2,2,12.0,Relatively New,784.0,0,0,1,0,0,0,31
flat,apex our homes,sector 37c,0.33,3567.5675675675675,2,2,1,3.0,Relatively New,850.0,0,0,0,0,0,1,158
flat,m3m soulitude,sector 89,1.14,8000.0,3,3,2,2.0,New Property,1581.0,1,0,0,0,0,0,77
house,independent,sector 2,2.95,15989.159891598916,4,4,3+,2.0,Old Property,1845.0,0,0,0,0,0,0,27
flat,raheja vedaanta,sector 108,0.8,4079.55124936257,3,3,3,9.0,Relatively New,1663.0,0,0,0,1,0,0,174
flat,tulip violet,sector 69,2.0,9950.248756218904,4,4,2,0.0,Relatively New,1819.0,0,0,0,0,0,0,95
flat,umang winter hills,sector 77,0.86,6408.345752608047,2,2,2,16.0,New Property,1214.0,0,0,0,0,0,1,79
house,indiabulls centrum park,sector 103,3.25,8125.0,4,3,3+,20.0,Relatively New,4000.0,0,0,0,0,0,0,51
flat,paras dews,sector 106,0.88,6353.790613718412,2,2,3+,3.0,Relatively New,1120.0,0,0,0,0,0,0,49
flat,sare petioles,sector 92,1.22,5249.569707401033,4,3,3,9.0,Under Construction,2093.0,0,1,0,0,0,0,99
flat,ss the leaf,sector 85,1.25,10888.50174216028,2,2,3+,17.0,Relatively New,1426.0,0,0,1,0,0,0,156
flat,emaar mgf the palm drive,sector 66,3.4,15454.545454545454,3,4,3,9.0,Relatively New,2200.0,0,1,1,0,0,1,96
flat,m3m golfestate,sector 65,5.3,24211.968935587025,3,3,3,38.0,Moderately Old,2506.0,0,1,0,0,0,2,49
house,independent,sector 12,1.7,8000.0,5,5,3,3.0,Moderately Old,2000.0,0,0,0,1,1,0,9
flat,m3m merlin,sector 67,2.8,13678.553981436247,3,3,3,5.0,Moderately Old,2047.0,0,1,0,0,0,2,26
flat,emaar mgf palm hills,sector 77,1.08,5400.0,3,4,3+,5.0,Relatively New,1810.0,1,1,0,0,1,1,167
flat,godrej frontier,sector 80,1.4,6189.21308576481,3,4,2,6.0,Moderately Old,1922.0,0,1,0,1,0,0,111
flat,mahindra aura,sector 110,2.25,9266.8863261944,4,4,3+,2.0,Relatively New,2350.0,0,1,0,0,0,0,152
flat,pareena coban residences,sector 99a,1.6,8000.0,3,3,3,6.0,Under Construction,1810.0,0,0,0,0,0,0,0
house,independent,sector 26,17.0,37627.26870296592,5,5,3+,2.0,Relatively New,4518.0,1,1,1,1,0,1,124
flat,vatika independent floors,sector 82,1.16,6987.951807228916,3,3,3+,1.0,Relatively New,1844.0,0,1,1,1,0,1,151
flat,parsvnath exotica,sector 53,4.8,16580.310880829016,3,4,3+,8.0,Relatively New,2500.0,0,1,0,1,1,1,174
flat,breez global heights,sohna road,0.39,4105.263157894737,2,2,2,3.0,Relatively New,720.0,0,0,0,0,0,0,0
flat,ss the leaf,sector 85,2.2,5641.025641025641,4,6,3,10.0,Relatively New,3920.0,0,1,0,0,0,0,174
flat,godrej nature plus,sector 33,1.75,8767.53507014028,3,3,0,2.0,New Property,1996.0,0,0,0,0,0,0,56
flat,antriksh heights,sector 84,0.9,4931.506849315068,3,3,3,11.0,Relatively New,1652.0,0,0,0,0,0,0,87
flat,ats tourmaline,sector 109,2.1,8123.791102514507,3,4,3+,11.0,Relatively New,2100.0,0,1,0,0,0,1,165
flat,puri emerald bay,sector 104,2.23,9911.111111111111,3,4,3+,10.0,Relatively New,2359.0,0,1,0,0,0,1,159
flat,ireo victory valley,sector 67,3.15,12846.655791190864,3,4,3+,15.0,Relatively New,2219.0,0,1,0,1,0,1,149
flat,the close north,sector 50,2.7,9981.5157116451,3,3,3+,3.0,Moderately Old,2357.0,0,1,0,0,0,0,117
flat,breez global heights,sohna road,0.25,7002.801120448179,1,1,1,1.0,Relatively New,386.0,0,0,0,0,0,0,57
flat,godrej air,sector 85,1.35,13636.363636363636,2,2,3,19.0,Relatively New,102.0,0,0,0,0,0,0,44
flat,umang winter hills,sector 77,0.75,5588.673621460507,2,2,2,7.0,Relatively New,1180.0,0,0,0,0,0,1,174
flat,guru gram haryana cghs,sector 56,1.39,8424.242424242424,3,2,3,6.0,Old Property,1750.0,0,1,0,1,0,1,89
flat,dlf park place,sector 54,4.86,25920.0,3,4,3+,7.0,Relatively New,1875.0,0,1,0,0,0,1,49
flat,ss the leaf,sector 85,1.85,7682.724252491695,3,4,3,2.0,Relatively New,2179.0,1,1,0,0,0,1,49
flat,dlf the arbour,sector 63,7.9,20000.0,4,4,3+,34.0,New Property,3950.0,0,0,0,0,0,0,61
flat,parsvnath green ville,sector 48,1.6,8376.96335078534,3,3,3+,8.0,Old Property,1895.0,0,0,0,0,1,1,49
flat,experion the heartsong,sector 108,1.36,6541.606541606541,3,2,3+,2.0,Relatively New,1343.0,1,1,0,0,0,1,77
flat,mapsko mount ville,sector 79,1.28,8556.14973262032,3,3,3,16.0,Relatively New,1265.0,1,0,0,0,0,1,128
flat,ireo uptown,sector 66,1.85,12567.934782608696,2,3,3,16.0,Relatively New,1470.0,0,1,0,0,1,1,79
flat,m3m golf hills,sector 79,1.45,10211.267605633802,2,2,3,15.0,Relatively New,1578.0,0,0,0,0,0,0,67
flat,vatika iris floors,sector 82,0.63,5590.062111801242,2,2,3+,2.0,Relatively New,1026.0,1,0,0,0,0,0,110
flat,bestech park view ananda,sector 81,1.45,8734.939759036144,3,2,3+,3.0,Relatively New,1352.0,0,0,0,0,1,0,45
flat,m3m golf hills phase 1,sector 79,1.7,10828.025477707006,3,2,3,10.0,Relatively New,1570.0,0,0,0,0,0,0,0
house,independent,sector 105,0.65,9027.777777777776,3,2,1,1.0,Relatively New,80.0,0,0,0,1,1,0,14
house,birla navya,sector 63a,3.85,15437.048917401764,3,3,3+,4.0,New Property,2771.0,0,1,0,0,0,1,160
flat,paras dews,sector 106,1.25,11061.946902654869,3,4,3+,7.0,Relatively New,1186.0,1,1,0,0,0,0,167
house,independent,sector 25,6.5,36111.11111111111,4,3,3,3.0,Moderately Old,1800.0,1,0,0,1,0,0,19
flat,bptp terra,sector 37d,1.8,8215.426745778184,4,3,3,12.0,Relatively New,1983.0,1,0,0,0,0,1,144
flat,adani aangan arcade,sector 89,0.5,7763.975155279503,2,2,1,4.0,Relatively New,672.0,0,0,0,0,0,2,69
flat,emaar palm heights,sector 77,2.25,11250.0,3,3,3,22.0,New Property,1810.0,0,1,0,0,0,1,42
flat,jmd gardens,sector 33,3.25,7509.2421441774495,4,4,3+,17.0,Old Property,4809.0,0,1,0,0,0,1,130
flat,ramsons kshitij,sector 95,0.22,6470.588235294118,1,1,1,2.0,New Property,308.0,0,0,0,0,0,0,0
flat,signature global solera,sector 107,0.36,6581.352833638026,2,2,2,8.0,Relatively New,608.0,0,0,0,0,0,0,45
flat,pivotal devaan,sector 84,0.35,7276.507276507276,2,2,1,10.0,Relatively New,531.0,0,0,1,0,0,0,103
flat,vatika city,sector 49,1.69,8622.448979591836,3,3,3,3.0,Moderately Old,2178.0,0,0,0,1,0,0,136
flat,dlf the ultima,sector 81,2.2,10476.190476190475,3,4,3+,17.0,Relatively New,1900.0,0,1,0,0,0,2,49
flat,raheja vedaanta,sector 108,0.65,4761.9047619047615,2,2,2,5.0,Relatively New,1235.0,0,0,0,1,0,1,174
