property_type,society,sector,price,price_per_sqft,area,areaWithType,bedRoom,bathroom,balcony,floorNum,facing,agePossession,super_built_up_area,built_up_area,carpet_area,study room,servant room,store room,pooja room,others,furnishing_type,luxury_score,area_room_ratio
flat,on request,sector 103,1.69,9145.021645021645,1848.0,Super Built up area 1845(171.41 sq.m.),3,3,3+,8.0,,Relatively New,1845.0,,,0,0,0,0,0,0,49,616.0
house,independent,sector 40,5.0,21123.785382340517,2367.0,Plot area 263(219.9 sq.m.),9,9,3+,3.0,North-West,Moderately Old,,263.0,,0,1,1,0,0,1,83,263.0
flat,zara aavaas,sector 104,0.2,6644.518272425249,301.0,Built Up area: 301 (27.96 sq.m.),1,1,1,3.0,North-East,Undefined,,301.0,,0,0,0,0,0,0,67,301.0
house,independent,sector 23,2.8,17983.30122029544,1557.0,Plot area 173(16.07 sq.m.)Built Up area: 160 sq.ft. (14.86 sq.m.)Carpet area: 150 sq.ft. (13.94 sq.m.),5,5,3+,2.0,North-East,Old Property,,160.0,150.0,0,0,0,1,0,1,74,311.4
house,independent,sector 47,5.15,26614.987080103358,1935.0,Plot area 215(179.77 sq.m.),3,9,3+,3.0,East,Relatively New,,215.0,,0,0,1,0,0,1,75,645.0
house,independent,sector 13,1.5,10518.934081346424,1426.0,Plot area 1426(132.48 sq.m.),2,2,2,3.0,South-West,Old Property,,1426.0,,1,0,0,1,0,0,7,713.0
flat,tulip violet,sector 69,1.29,8227.040816326531,1568.0,Super Built up area 1568(145.67 sq.m.),3,3,1,12.0,North-East,Relatively New,1568.0,,,0,0,0,1,0,1,86,522.6666666666666
flat,shree vardhman victoria,sector 70,1.75,8974.358974358975,1950.0,Built Up area: 1950 (181.16 sq.m.),3,5,0,0.0,,Undefined,,1950.0,,0,0,0,0,0,0,47,650.0
flat,signature global solera,sector 107,0.28,5833.333333333333,480.0,Carpet area: 489 (45.43 sq.m.),2,2,2,0.0,North-East,Relatively New,,,489.0,0,0,0,0,0,0,45,240.0
house,sector 57 huda,sector 57,3.8,26063.10013717421,1458.0,Plot area 162(135.45 sq.m.)Built Up area: 162 sq.yards (135.45 sq.m.)Carpet area: 160 sq.yards (133.78 sq.m.),2,8,3+,4.0,East,Relatively New,,162.0,160.0,0,0,1,1,0,1,94,729.0
flat,tarc maceo,sector 91,0.87,6641.221374045802,1310.0,Super Built up area 1310(121.7 sq.m.)Carpet area: 1000 sq.ft. (92.9 sq.m.),2,2,2,9.0,North-West,Relatively New,1310.0,,1000.0,0,0,1,0,0,0,78,655.0
house,independent,sector 40,2.15,23888.88888888889,900.0,Plot area 100(83.61 sq.m.),3,3,3,3.0,,Moderately Old,,100.0,,1,0,1,1,0,0,45,300.0
flat,orchid petals,sector 49,1.9,10526.315789473685,1805.0,Super Built up area 1805(167.69 sq.m.)Built Up area: 1600 sq.ft. (148.64 sq.m.)Carpet area: 1400 sq.ft. (130.06 sq.m.),3,3,3,2.0,South,Old Property,1805.0,1600.0,1400.0,0,0,0,0,1,1,49,601.6666666666666
house,emaar mgf marbella,sector 66,12.0,38095.23809523809,3150.0,Plot area 350(292.64 sq.m.),5,6,3+,3.0,North-East,Relatively New,,350.0,,0,1,1,0,0,1,153,630.0
flat,shapoorji pallonji joyville gurugram,sector 102,1.05,11475.409836065573,915.0,Carpet area: 915 (85.01 sq.m.),2,2,2,0.0,,Undefined,,,915.0,0,0,0,0,0,0,49,457.5
flat,supertech araville,sector 79,0.8,5266.6227781435155,1519.0,Carpet area: 1519 (141.12 sq.m.),2,2,2,12.0,,New Property,,,1519.0,1,0,0,0,0,0,49,759.5
house,independent,sector 14,3.4,15111.111111111111,2250.0,Plot area 250(209.03 sq.m.),3,3,3,1.0,North-West,Old Property,,250.0,,0,0,0,0,0,0,32,750.0
flat,godrej aria,sector 79,1.1,7773.851590106007,1415.0,Super Built up area 1351(125.51 sq.m.),2,2,3+,4.0,North-East,New Property,1351.0,,,0,0,0,0,0,1,49,707.5
flat,indiabulls centrum park,sector 103,1.65,8250.0,2000.0,Super Built up area 2000(185.81 sq.m.)Carpet area: 1400 sq.ft. (130.06 sq.m.),3,3,3+,15.0,,Relatively New,2000.0,,1400.0,1,0,0,0,0,0,38,666.6666666666666
flat,signature global city 63a,sector 63a,2.0,12804.097311139565,1562.0,Built Up area: 1540 (143.07 sq.m.),3,3,2,1.0,North,Undefined,,1540.0,,0,0,0,0,0,0,36,520.6666666666666
flat,tulip monsella,sector 53,8.25,28004.0733197556,2946.0,Super Built up area 2940(273.13 sq.m.),3,4,3,8.0,,Undefined,2940.0,,,0,1,0,0,0,2,35,982.0
flat,cghs airport apartment,sector 47,1.8,6000.0,3000.0,Super Built up area 3000(278.71 sq.m.)Carpet area: 2700 sq.ft. (250.84 sq.m.),4,4,3+,4.0,North-West,Moderately Old,3000.0,,2700.0,0,0,1,0,0,1,120,750.0
flat,tulip violet,sector 69,1.3,8285.5321861058,1569.0,Super Built up area 1568(145.67 sq.m.),3,3,1,12.0,South-West,Relatively New,1568.0,,,0,0,0,1,0,0,86,523.0
flat,supertech basera,sector 79,0.36,7643.3121019108285,471.0,Built Up area: 546 (50.73 sq.m.)Carpet area: 471 sq.ft. (43.76 sq.m.),2,2,1,4.0,,New Property,,546.0,471.0,0,0,0,0,0,0,60,235.5
flat,bestech park view ananda,sector 81,0.88,8043.875685557587,1094.0,Super Built up area 1360(126.35 sq.m.)Carpet area: 1094 sq.ft. (101.64 sq.m.),2,2,3,8.0,West,Relatively New,1360.0,,1094.0,1,0,0,0,0,1,95,547.0
flat,signature global city 37d ph 2,sector 37d,1.36,8848.405985686402,1537.0,Built Up area: 1535 (142.61 sq.m.),3,3,3,1.0,North-East,Undefined,,1535.0,,0,0,0,1,1,0,37,512.3333333333334
flat,la vida by tata housing,sector 113,2.4,10825.439783491205,2217.0,Super Built up area 2217(205.97 sq.m.)Built Up area: 1940 sq.ft. (180.23 sq.m.)Carpet area: 1730 sq.ft. (160.72 sq.m.),3,4,3+,5.0,North-East,Relatively New,2217.0,1940.0,1730.0,0,1,0,0,0,0,49,739.0
flat,siddhartha apartment,sector 95,1.1,4327.301337529504,2542.0,Carpet area: 2542 (236.16 sq.m.),4,3,3,9.0,North,Relatively New,,,2542.0,0,1,0,0,1,0,22,635.5
flat,godrej summit,sector 104,1.25,6778.741865509762,1844.0,Super Built up area 1844(171.31 sq.m.),3,4,3+,12.0,East,Relatively New,1844.0,,,0,1,0,0,1,0,79,614.6666666666666
flat,signature global solera,sector 107,0.36,5980.066445182724,602.0,Super Built up area 602(55.93 sq.m.)Built Up area: 598 sq.ft. (55.56 sq.m.)Carpet area: 546 sq.ft. (50.73 sq.m.),2,2,1,7.0,North-West,Relatively New,602.0,598.0,546.0,0,0,0,0,1,0,49,301.0
flat,sare crescent parc,sector 92,0.9,4259.346900141978,2113.0,Super Built up area 1995(185.34 sq.m.),4,5,3+,3.0,,Relatively New,1995.0,,,0,1,0,0,0,0,0,528.25
flat,emaar palm heights,sector 77,2.1,10370.37037037037,2025.0,Super Built up area 2025(188.13 sq.m.),3,3,3,17.0,,New Property,2025.0,,,1,1,0,0,0,0,8,675.0
flat,shapoorji pallonji joyville gurugram,sector 102,2.12,16960.0,1250.0,Built Up area: 1852 (172.06 sq.m.)Carpet area: 1250 sq.ft. (116.13 sq.m.),3,3,3,9.0,,Relatively New,,1852.0,1250.0,0,0,0,0,0,0,72,416.6666666666667
flat,mapsko casa bella,sector 82,1.38,5443.786982248521,2535.0,Super Built up area 2535(235.51 sq.m.),4,5,3+,20.0,South-West,Relatively New,2535.0,,,0,1,0,0,0,0,79,633.75
flat,ansal api celebrity suites,sector 2,0.6,8163.265306122449,735.0,Super Built up area 735(68.28 sq.m.),1,1,1,5.0,North-East,Moderately Old,735.0,,,0,0,0,0,0,1,67,735.0
flat,signature global city,sector 37d,1.1,8800.0,1250.0,Carpet area: 1250 (116.13 sq.m.),3,3,3,1.0,,Undefined,,,1250.0,0,0,0,0,0,0,16,416.6666666666667
house,independent,sector 43,2.15,13030.30303030303,1650.0,Built Up area: 1650 (153.29 sq.m.),1,1,0,1.0,,Undefined,,1650.0,,0,0,0,0,0,0,0,1650.0
house,ganpati heights apartment,sector 13,1.25,12077.294685990339,1035.0,Plot area 115(7692.86 sq.m.),3,6,2,3.0,South-East,Old Property,,115.0,,0,0,0,0,1,0,7,345.0
flat,experion the heartsong,sector 108,2.28,8204.390068369918,2779.0,Super Built up area 2779(258.18 sq.m.),4,5,3+,8.0,North,Relatively New,2779.0,,,0,0,0,0,0,0,101,694.75
flat,shree vardhman victoria,sector 70,1.65,8461.538461538461,1950.0,Super Built up area 1950(181.16 sq.m.)Carpet area: 1161 sq.ft. (107.86 sq.m.),3,4,3,5.0,South-East,Relatively New,1950.0,,1161.0,0,1,0,0,1,1,49,650.0
house,independent,sector 41,4.25,26234.567901234568,1620.0,Plot area 180(150.5 sq.m.),2,9,3+,4.0,North,Moderately Old,,180.0,,1,1,0,0,0,1,36,810.0
flat,bptp terra,sector 37d,1.71,7804.655408489274,2191.0,Built Up area: 2191 (203.55 sq.m.),3,3,3+,7.0,South-West,Relatively New,,2191.0,,1,0,0,0,0,0,38,730.3333333333334
flat,experion the heartsong,sector 108,1.2,6825.938566552901,1758.0,Super Built up area 1758(163.32 sq.m.)Built Up area: 1275.53 sq.ft. (118.5 sq.m.)Carpet area: 974.68 sq.ft. (90.55 sq.m.),3,3,3+,10.0,South,Relatively New,1758.0,1275.53,974.68,1,0,0,0,0,0,93,586.0
flat,bestech park view sanskruti,sector 92,1.5,7812.5,1920.0,Super Built up area 1920(178.37 sq.m.),3,3,3,3.0,East,Relatively New,1920.0,,,0,0,0,0,1,0,49,640.0
house,not applicable,sector 4,0.4,9259.25925925926,432.0,Plot area 432(40.13 sq.m.),1,1,1,1.0,,Moderately Old,,432.0,,0,0,0,0,0,0,0,432.0
flat,vatika city,sector 49,2.64,11722.912966252221,2252.0,Super Built up area 2251.42(209.16 sq.m.)Built Up area: 1750.75 sq.ft. (162.65 sq.m.),3,4,3+,2.0,East,Moderately Old,2251.42,1750.75,,0,1,0,1,0,1,140,750.6666666666666
house,international city by sobha phase 2,sector 109,9.4,26111.11111111111,3600.0,Plot area 400(334.45 sq.m.),5,6,3+,2.0,North-East,Relatively New,,400.0,,1,1,1,1,0,1,147,720.0
flat,antriksh heights,sector 84,0.9,6206.896551724138,1450.0,Super Built up area 1725(160.26 sq.m.)Built Up area: 1525 sq.ft. (141.68 sq.m.)Carpet area: 1450 sq.ft. (134.71 sq.m.),3,3,3+,12.0,North-East,Relatively New,1725.0,1525.0,1450.0,0,0,0,0,0,0,166,483.3333333333333
flat,ats kocoon,sector 109,2.95,10350.877192982456,2850.0,Built Up area: 3150 (292.64 sq.m.)Carpet area: 2850 sq.ft. (264.77 sq.m.),4,4,3+,7.0,South-East,Relatively New,,3150.0,2850.0,0,1,1,0,0,1,158,712.5
flat,m3m merlin,sector 67,3.32,14079.728583545377,2358.0,Super Built up area 2358(219.07 sq.m.)Carpet area: 1709 sq.ft. (158.77 sq.m.),3,4,3,8.0,North-West,New Property,2358.0,,1709.0,0,1,0,0,0,1,174,786.0
house,independent,sector 23,5.5,21825.396825396827,2520.0,Plot area 280(234.12 sq.m.),8,8,2,3.0,East,Moderately Old,,280.0,,1,1,0,1,0,1,76,315.0
flat,tulip ivory,sector 70,5.0,10416.666666666666,4800.0,Carpet area: 4800 (445.93 sq.m.),6,7,3+,0.0,,Relatively New,,,4800.0,1,1,0,0,0,0,119,800.0
flat,hsiidc sidco shivalik apartments,manesar,0.85,5102.040816326531,1666.0,Super Built up area 1666(154.78 sq.m.),3,2,2,5.0,,Moderately Old,1666.0,,,0,0,0,0,0,0,0,555.3333333333334
house,independent,sohna road road,6.25,6943.67292523053,9001.0,Plot area 1000(836.13 sq.m.),3,3,0,1.0,,Moderately Old,,1000.0,,0,0,0,0,0,0,0,3000.3333333333335
flat,ramprasta awho,sector 95,0.92,5257.142857142857,1750.0,Built Up area: 1750 (162.58 sq.m.)Carpet area: 1600 sq.ft. (148.64 sq.m.),3,3,3+,13.0,North-East,Undefined,,1750.0,1600.0,0,0,0,0,0,0,0,583.3333333333334
house,independent,sohna road,1.5,14245.014245014245,1053.0,Plot area 117(97.83 sq.m.),2,3,2,1.0,North,New Property,,117.0,,1,0,0,1,0,1,69,526.5
house,independent,sector 14,4.5,20000.0,2250.0,Carpet area: 2500 (232.26 sq.m.),5,5,1,1.0,,Relatively New,,,2500.0,0,0,0,0,0,0,0,450.0
house,independent,sector 46,3.55,24499.65493443754,1449.0,Plot area 161(134.62 sq.m.),5,4,3+,3.0,North-West,Moderately Old,,161.0,,0,1,0,0,0,1,73,289.8
flat,rail vihar cghs,sector 56,1.35,10384.615384615385,1300.0,Super Built up area 1300(120.77 sq.m.)Built Up area: 1275 sq.ft. (118.45 sq.m.)Carpet area: 1250 sq.ft. (116.13 sq.m.),3,2,2,1.0,West,Old Property,1300.0,1275.0,1250.0,0,0,0,0,1,0,159,433.3333333333333
house,emaar mgf marbella,sector 66,19.0,31666.666666666668,6000.0,Plot area 9000(836.13 sq.m.)Carpet area: 6000 sq.ft. (557.42 sq.m.),5,6,3+,3.0,North-East,Relatively New,,,6000.0,0,1,1,1,0,1,110,1200.0
flat,sukhshanti apartment,sector 56,1.7,7727.272727272727,2200.0,Built Up area: 2200 (204.39 sq.m.)Carpet area: 1610 sq.ft. (149.57 sq.m.),3,3,3,4.0,South,Moderately Old,,2200.0,1610.0,1,0,0,0,0,0,49,733.3333333333334
flat,bestech park view grand spa,sector 81,4.5,10714.285714285714,4200.0,Super Built up area 4200(390.19 sq.m.),4,6,3+,17.0,,Relatively New,4200.0,,,0,1,0,0,0,1,44,1050.0
flat,ss the leaf,sector 85,1.93,8075.313807531381,2390.0,Super Built up area 2408(223.71 sq.m.)Built Up area: 2400 sq.ft. (222.97 sq.m.)Carpet area: 2390 sq.ft. (222.04 sq.m.),3,4,3,7.0,North-East,Relatively New,2408.0,2400.0,2390.0,0,1,0,0,0,0,174,796.6666666666666
flat,signature andour heights,sector 71,0.55,8607.198748043818,639.0,Super Built up area 639(59.37 sq.m.)Built Up area: 600 sq.ft. (55.74 sq.m.)Carpet area: 541 sq.ft. (50.26 sq.m.),2,2,1,7.0,South-East,Relatively New,639.0,600.0,541.0,0,0,0,0,0,1,24,319.5
flat,divya apartments,sector 6,0.6,7594.93670886076,790.0,Built Up area: 790 (73.39 sq.m.)Carpet area: 750 sq.ft. (69.68 sq.m.),2,2,0,2.0,South-West,Relatively New,,790.0,750.0,0,0,0,0,0,1,15,395.0
flat,krrish florence estate,sector 70,1.25,6702.412868632708,1865.0,Super Built up area 1865(173.26 sq.m.),3,3,3,18.0,North-East,Under Construction,1865.0,,,0,0,0,0,0,0,51,621.6666666666666
house,independent,sector 53,4.65,17573.696145124715,2646.0,Plot area 294(245.82 sq.m.),5,5,3+,1.0,,Moderately Old,,294.0,,0,0,0,0,0,1,0,529.2
flat,vatika the seven lamps,sector 82,1.0,5924.1706161137445,1688.0,Super Built up area 1435(133.32 sq.m.),2,2,2,11.0,South,Relatively New,1435.0,,,1,0,0,0,0,1,90,844.0
flat,pareena laxmi apartments,sector 99a,0.31,5904.761904761905,525.0,Carpet area: 525 (48.77 sq.m.),2,2,2,6.0,East,New Property,,,525.0,0,0,0,0,0,0,74,262.5
flat,bptp terra,sector 37d,1.55,8558.807288790724,1811.0,Super Built up area 1811(168.25 sq.m.),3,3,3+,11.0,South,Relatively New,1811.0,,,0,0,0,0,0,0,79,603.6666666666666
flat,mapsko royale ville,sector 82,1.22,7176.470588235294,1700.0,Super Built up area 2300(213.68 sq.m.)Built Up area: 2000 sq.ft. (185.81 sq.m.)Carpet area: 1700 sq.ft. (157.94 sq.m.),3,5,3+,10.0,South-West,Relatively New,2300.0,2000.0,1700.0,0,1,0,1,0,1,76,566.6666666666666
flat,conscient heritage max,sector 102,2.2,10237.319683573754,2149.0,Super Built up area 2149(199.65 sq.m.),3,4,3+,9.0,South-East,Moderately Old,2149.0,,,1,1,0,0,0,0,125,716.3333333333334
house,independent,sector 1,1.85,16003.460207612457,1156.0,Carpet area: 1156 (107.4 sq.m.),4,3,2,3.0,,Undefined,,,1156.0,0,0,0,0,0,0,0,289.0
flat,bestech park view city,sector 49,3.0,12589.173310952581,2383.0,Super Built up area 2383(221.39 sq.m.)Built Up area: 2200 sq.ft. (204.39 sq.m.)Carpet area: 2000 sq.ft. (185.81 sq.m.),4,4,3,5.0,North-East,Moderately Old,2383.0,2200.0,2000.0,0,1,0,1,0,1,141,595.75
flat,tata primanti,sector 72,4.0,13769.363166953528,2905.0,Super Built up area 2905(269.88 sq.m.),4,5,2,7.0,South-East,Moderately Old,2905.0,,,0,1,0,0,0,0,38,726.25
flat,sare green parc 2,sector 92,1.07,5245.098039215686,2040.0,Built Up area: 2040 (189.52 sq.m.),4,3,3,10.0,,Under Construction,,2040.0,,1,1,0,0,0,0,86,510.0
flat,brisk lumbini terrace homes,sector 109,1.38,6338.998621956821,2177.0,Carpet area: 2177 (202.25 sq.m.),3,3,1,4.0,,Moderately Old,,,2177.0,0,0,0,0,0,0,20,725.6666666666666
flat,pyramid elite,sector 86,0.45,7745.26678141136,581.0,Carpet area: 581.41 (54.01 sq.m.),2,2,1,4.0,,Undefined,,,581.3582389999999,0,0,0,0,0,0,66,290.5
flat,signature global city 63a,sector 63a,1.55,14775.977121067683,1049.0,Carpet area: 1050 (97.55 sq.m.),2,2,2,2.0,,Under Construction,,,1050.0,0,0,0,0,0,0,0,524.5
flat,eldeco accolade,sohna road,0.66,5180.533751962324,1274.0,Super Built up area 1264(117.43 sq.m.)Carpet area: 730 sq.ft. (67.82 sq.m.),2,2,3,12.0,North-West,Relatively New,1264.0,,730.0,0,0,0,1,0,0,49,637.0
flat,elan the presidential,sector 106,6.3,15384.615384615385,4095.0,Super Built up area 4095(380.44 sq.m.)Carpet area: 3500 sq.ft. (325.16 sq.m.),5,6,3+,10.0,North-East,Under Construction,4095.0,,3500.0,0,0,0,0,0,1,62,819.0
house,signature global park,sohna road,0.85,7589.285714285715,1120.0,Built Up area: 1120 (104.05 sq.m.),3,2,2,1.0,,Undefined,,1120.0,,0,0,0,0,0,0,15,373.3333333333333
flat,ramprastha the atrium,sector 37d,1.0,7782.101167315175,1285.0,Super Built up area 1285(119.38 sq.m.),3,3,2,4.0,,Relatively New,1285.0,,,0,0,0,0,0,0,13,428.3333333333333
flat,pareena coban residences,sector 99a,1.45,7260.891337005508,1997.0,Super Built up area 1997(185.53 sq.m.),3,5,3,11.0,,Relatively New,1997.0,,,0,1,0,0,1,1,49,665.6666666666666
flat,bestech park view grand spa,sector 81,3.0,9419.152276295134,3185.0,Super Built up area 3185(295.9 sq.m.),4,5,2,6.0,South,Relatively New,3185.0,,,0,1,0,0,0,1,110,796.25
house,independent,sector 28,1.39,11583.333333333334,1200.0,Plot area 540(50.17 sq.m.)Built Up area: 1450 sq.ft. (134.71 sq.m.)Carpet area: 1200 sq.ft. (111.48 sq.m.),2,2,1,3.0,North-East,Old Property,,1450.0,1200.0,0,0,1,0,0,0,37,600.0
flat,tulip violet,sector 69,1.55,9822.56020278834,1578.0,Super Built up area 1578(146.6 sq.m.),3,3,2,5.0,North-East,Relatively New,1578.0,,,0,0,0,1,0,0,99,526.0
house,independent,sector 3,0.68,3874.643874643875,1755.0,Built Up area: 1755 (163.04 sq.m.),5,3,0,1.0,,Undefined,,1755.0,,0,0,0,0,0,0,0,351.0
flat,vatika gurgaon,sector 83,0.75,6024.096385542169,1245.0,Super Built up area 1245(115.66 sq.m.)Built Up area: 1150 sq.ft. (106.84 sq.m.)Carpet area: 1020 sq.ft. (94.76 sq.m.),2,2,2,19.0,East,Relatively New,1245.0,1150.0,1020.0,0,0,0,0,1,1,105,622.5
flat,dlf the ultima,sector 81,2.29,10925.57251908397,2096.0,Super Built up area 2100(195.1 sq.m.),3,4,3+,15.0,West,Relatively New,2100.0,,,0,1,0,0,0,2,103,698.6666666666666
flat,vatika sovereign park,sector 99,2.45,8812.94964028777,2780.0,Super Built up area 2780(258.27 sq.m.),3,4,3,1.0,East,New Property,2780.0,,,0,1,0,0,0,1,165,926.6666666666666
flat,krisumi waterfall residences,sector 36a,4.1,15500.945179584121,2645.0,Carpet area: 2538 (235.79 sq.m.),3,4,3,30.0,,New Property,,,2538.0,1,0,0,0,0,2,49,881.6666666666666
flat,m3m woodshire,sector 107,1.02,6649.282920469361,1534.0,Super Built up area 1534(142.51 sq.m.),2,2,3,6.0,North-East,Relatively New,1534.0,,,1,0,0,0,0,0,112,767.0
flat,bptp terra,sector 37d,1.72,9497.515184980673,1811.0,Super Built up area 1811(168.25 sq.m.)Carpet area: 996.3 sq.ft. (92.56 sq.m.),3,3,3,9.0,South,Relatively New,1811.0,,996.3,1,0,0,0,0,1,24,603.6666666666666
flat,unitech fresco,sector 50,1.82,9912.85403050109,1836.0,Super Built up area 1836(170.57 sq.m.)Built Up area: 1830 sq.ft. (170.01 sq.m.)Carpet area: 1500 sq.ft. (139.35 sq.m.),3,3,3+,14.0,East,Moderately Old,1836.0,1830.0,1500.0,0,0,0,0,1,1,174,612.0
flat,vipul lavanya,sector 81,1.0,8000.0,1250.0,Super Built up area 1250(116.13 sq.m.),2,2,2,7.0,,Relatively New,1250.0,,,0,0,0,0,0,0,31,625.0
flat,rk tower,sector 2,0.95,9595.959595959595,990.0,Carpet area: 990 (91.97 sq.m.),2,2,1,1.0,South-East,Relatively New,,,990.0,0,0,0,0,0,0,99,495.0
flat,breez global hill view,sohna road,0.32,5776.173285198556,554.0,Carpet area: 554 (51.47 sq.m.),2,2,2,19.0,North,Relatively New,,,554.0,0,0,0,0,0,1,21,277.0
flat,mapsko casa bella,sector 82,1.25,6377.551020408163,1960.0,Super Built up area 1960(182.09 sq.m.),3,4,3+,8.0,,Under Construction,1960.0,,,0,0,0,0,0,0,54,653.3333333333334
flat,puri emerald bay,sector 104,2.65,15005.662514156285,1766.0,Super Built up area 2450(227.61 sq.m.)Carpet area: 1765.73 sq.ft. (164.04 sq.m.),3,4,3,15.0,North-East,Relatively New,2450.0,,1765.73,0,1,0,0,0,1,174,588.6666666666666
flat,antriksh heights,sector 84,0.94,6999.255398361876,1343.0,Super Built up area 1350(125.42 sq.m.),3,2,3+,10.0,,New Property,1350.0,,,1,0,0,0,0,1,89,447.6666666666667
house,not applicable,sector 4,0.8,6088.2800608828,1314.0,Plot area 146(13.56 sq.m.),5,4,3,3.0,,Under Construction,,146.0,,0,0,0,0,0,0,0,262.8
flat,green court,sector 90,0.47,6811.594202898551,690.0,Carpet area: 690 (64.1 sq.m.),2,2,1,0.0,East,New Property,,,690.0,0,0,0,0,0,0,49,345.0
flat,tulip leaf,sector 69,2.07,11423.84105960265,1812.0,Super Built up area 1812(168.34 sq.m.),3,3,3,16.0,South-West,Relatively New,1812.0,,,0,0,0,0,0,0,49,604.0
flat,gls arawali homes,sohna road,0.27,4687.5,576.0,Carpet area: 576 (53.51 sq.m.),2,2,2,1.0,East,New Property,,,576.0,0,0,0,0,0,0,35,288.0
flat,ireo skyon,sector 60,3.6,12815.948736205055,2809.0,Super Built up area 2809(260.96 sq.m.)Carpet area: 2400 sq.ft. (222.97 sq.m.),4,5,3,24.0,North-East,Relatively New,2809.0,,2400.0,0,1,0,0,0,1,49,702.25
flat,chd avenue,sector 71,1.32,6019.151846785226,2193.0,Super Built up area 2193(203.74 sq.m.),4,4,3,14.0,South,Moderately Old,2193.0,,,0,1,0,0,0,0,65,548.25
flat,sare crescent parc,sector 92,0.82,5384.110308601445,1523.0,Built Up area: 1523 (141.49 sq.m.),3,3,3+,12.0,West,Undefined,,1523.0,,0,0,0,0,0,0,0,507.6666666666667
flat,tarc maceo,sector 91,0.89,6339.0313390313395,1404.0,Super Built up area 1404(130.44 sq.m.)Carpet area: 1200 sq.ft. (111.48 sq.m.),2,2,3+,9.0,East,Relatively New,1404.0,,1200.0,0,0,0,0,1,1,13,702.0
flat,pareena mi casa,sector 68,1.1,9016.393442622952,1220.0,Super Built up area 1245(115.66 sq.m.)Carpet area: 1225 sq.ft. (113.81 sq.m.),2,2,3,13.0,East,New Property,1245.0,,1225.0,0,0,0,0,0,0,106,610.0
flat,emaar mgf palm hills,sector 77,1.25,8620.689655172413,1450.0,Carpet area: 1450 (134.71 sq.m.),3,4,3,1.0,West,Relatively New,,,1450.0,0,1,0,0,0,1,104,483.3333333333333
flat,green court,sector 90,0.4,6389.776357827476,626.0,Super Built up area 626(58.16 sq.m.)Carpet area: 526 sq.ft. (48.87 sq.m.),2,2,1,8.0,South,New Property,626.0,,526.0,0,0,0,0,0,0,20,313.0
flat,the close north,sector 50,3.0,11516.314779270633,2605.0,Super Built up area 2605(242.01 sq.m.),3,3,3+,14.0,North,Old Property,2605.0,,,0,1,0,0,0,1,121,868.3333333333334
flat,la vida by tata housing,sector 113,1.35,13989.637305699482,965.0,Super Built up area 1276(118.54 sq.m.)Built Up area: 1090 sq.ft. (101.26 sq.m.)Carpet area: 965 sq.ft. (89.65 sq.m.),2,2,3,10.0,North-East,New Property,1276.0,1090.0,965.0,0,0,0,0,0,0,174,482.5
house,dlf city plots,sector 26,16.0,37780.40141676505,4235.0,Plot area 500(418.06 sq.m.),4,4,3,1.0,,Relatively New,,500.0,,1,0,1,1,0,0,7,1058.75
flat,pareena coban residences,sector 99a,1.16,5808.713069604407,1997.0,Super Built up area 1997(185.53 sq.m.)Built Up area: 1790 sq.ft. (166.3 sq.m.)Carpet area: 1420 sq.ft. (131.92 sq.m.),3,3,3,3.0,North-East,Relatively New,1997.0,1790.0,1420.0,0,1,0,0,1,0,49,665.6666666666666
flat,godrej nature plus,sector 33,1.27,9182.93564714389,1383.0,Super Built up area 1383(128.48 sq.m.),2,2,3+,9.0,West,Undefined,1383.0,,,0,0,0,0,0,0,38,691.5
flat,m3m golfestate,sector 65,6.15,18287.243532560213,3363.0,Super Built up area 3363(312.43 sq.m.)Carpet area: 2710 sq.ft. (251.77 sq.m.),3,3,3,23.0,,Moderately Old,3363.0,,2710.0,1,1,0,0,0,1,60,1121.0
flat,bptp terra,sector 37d,1.77,8078.50296668188,2191.0,Super Built up area 2191(203.55 sq.m.)Carpet area: 1860 sq.ft. (172.8 sq.m.),4,3,3,15.0,North,Relatively New,2191.0,,1860.0,1,1,0,1,1,0,49,547.75
house,independent,sector 25,4.45,32962.96296296296,1350.0,Plot area 150(125.42 sq.m.),4,3,3+,2.0,West,Moderately Old,,150.0,,0,0,1,0,0,0,79,337.5
flat,signature global solera 2,sector 107,0.37,6678.70036101083,554.0,Carpet area: 553.85 (51.45 sq.m.),2,2,2,9.0,,New Property,,,553.802655,0,0,0,0,0,0,23,277.0
flat,experion windchants,sector 112,5.31,11204.89554758388,4739.0,Super Built up area 4739(440.27 sq.m.)Built Up area: 3573.33 sq.ft. (331.97 sq.m.)Carpet area: 3400 sq.ft. (315.87 sq.m.),4,6,3+,15.0,South,Relatively New,4739.0,3573.33,3400.0,0,1,0,1,0,0,72,1184.75
house,independent,sector 105,0.37,8222.222222222223,450.0,Plot area 450(41.81 sq.m.),2,2,1,1.0,,Moderately Old,,450.0,,0,0,0,0,1,0,0,225.0
flat,bestech park view grand spa,sector 81,2.2,8270.676691729323,2660.0,Super Built up area 2660(247.12 sq.m.)Carpet area: 2300 sq.ft. (213.68 sq.m.),3,4,3+,8.0,East,Relatively New,2660.0,,2300.0,0,1,0,0,0,1,165,886.6666666666666
house,independent,sector 26,4.6,12198.355873773535,3771.0,Plot area 419(350.34 sq.m.),4,4,3+,,,Old Property,,419.0,,0,0,0,0,0,0,28,942.75
flat,shree vardhman flora,sector 90,0.8,5925.925925925926,1350.0,Built Up area: 1350 (125.42 sq.m.),2,3,2,0.0,,Undefined,,1350.0,,0,0,0,0,0,0,60,675.0
flat,bestech park view residency,sector 2,0.98,6960.227272727273,1408.0,Super Built up area 1415(131.46 sq.m.),2,2,3,0.0,East,Moderately Old,1415.0,,,0,0,0,0,0,0,85,704.0
house,vatika india next,sector 83,1.7,7870.37037037037,2160.0,Plot area 240(200.67 sq.m.),3,3,3+,4.0,North-West,New Property,,240.0,,0,1,0,1,0,0,0,720.0
house,independent,sector 25,10.5,29021.55887230514,3618.0,Plot area 402(336.12 sq.m.),5,5,3,3.0,East,Moderately Old,,402.0,,1,1,0,1,0,0,42,723.6
flat,mvn athens,sohna road,0.24,7058.823529411765,340.0,Carpet area: 340.09 (31.6 sq.m.),1,1,1,12.0,West,Relatively New,,,340.13924000000003,0,0,0,0,0,0,66,340.0
house,independent,sohna road road,0.5,5555.555555555556,900.0,Plot area 900(83.61 sq.m.),2,1,2,1.0,,Moderately Old,,900.0,,0,0,0,0,0,0,0,450.0
flat,ss the leaf,sector 85,2.05,7290.184921763869,2812.0,Super Built up area 2812(261.24 sq.m.)Built Up area: 2500 sq.ft. (232.26 sq.m.)Carpet area: 2250 sq.ft. (209.03 sq.m.),4,4,3+,4.0,North-East,Relatively New,2812.0,2500.0,2250.0,0,1,0,0,0,1,49,703.0
house,international city by sobha phase 2,sector 109,9.5,26388.88888888889,3600.0,Plot area 400(334.45 sq.m.),5,5,3+,2.0,South,Relatively New,,400.0,,1,1,1,1,0,0,133,720.0
house,independent,sector 25,10.0,37037.03703703704,2700.0,Plot area 300(250.84 sq.m.),5,6,3,3.0,North,Old Property,,300.0,,0,1,1,0,0,1,64,540.0
flat,sare crescent parc,sector 92,0.7,5555.555555555556,1260.0,Built Up area: 140 (117.06 sq.m.),3,3,2,14.0,,Under Construction,,140.0,,0,0,0,0,0,0,38,420.0
flat,ireo skyon,sector 60,2.12,15531.135531135531,1365.0,Super Built up area 1365(126.81 sq.m.)Built Up area: 1350 sq.ft. (125.42 sq.m.)Carpet area: 1300 sq.ft. (120.77 sq.m.),2,2,2,2.0,North-East,Relatively New,1365.0,1350.0,1300.0,0,0,0,1,0,1,174,682.5
house,huda plots,sector 56,2.95,20358.868184955143,1449.0,Plot area 161(134.62 sq.m.)Built Up area: 1000 sq.yards (836.13 sq.m.),2,2,2,1.0,North,Moderately Old,,1000.0,,0,0,0,0,0,0,31,724.5
house,independent,sector 26,20.0,44444.444444444445,4500.0,Plot area 500(418.06 sq.m.),5,7,3+,3.0,West,Relatively New,,500.0,,0,1,0,1,0,2,97,900.0
flat,experion windchants,sector 112,3.0,11538.461538461539,2600.0,Super Built up area 2802(260.31 sq.m.)Built Up area: 2600 sq.ft. (241.55 sq.m.)Carpet area: 2200 sq.ft. (204.39 sq.m.),3,3,2,2.0,North,Relatively New,2802.0,2600.0,2200.0,0,0,0,0,1,1,49,866.6666666666666
flat,signature global synera,sector 81,0.48,8026.755852842809,598.0,Super Built up area 598(55.56 sq.m.)Carpet area: 498 sq.ft. (46.27 sq.m.),2,2,1,14.0,,Relatively New,598.0,,498.0,0,0,0,0,0,1,14,299.0
house,independent,sector 7,6.5,15046.296296296296,4320.0,Plot area 480(401.34 sq.m.),3,2,3+,,,Old Property,,480.0,,0,0,0,0,0,0,9,1440.0
flat,m3m golfestate,sector 65,6.1,18138.566755872733,3363.0,Super Built up area 3363(312.43 sq.m.)Carpet area: 2710 sq.ft. (251.77 sq.m.),3,3,3,19.0,North-East,Moderately Old,3363.0,,2710.0,1,1,0,0,0,1,174,1121.0
flat,vatika the seven lamps,sector 82,1.28,6819.392647842302,1877.0,Super Built up area 1877(174.38 sq.m.)Built Up area: 1800 sq.ft. (167.23 sq.m.)Carpet area: 1500 sq.ft. (139.35 sq.m.),3,3,3,3.0,North,Relatively New,1877.0,1800.0,1500.0,1,0,0,0,0,1,165,625.6666666666666
flat,godrej nature plus,sector 33,1.35,8670.520231213874,1557.0,Super Built up area 1557(144.65 sq.m.),3,2,3+,17.0,,New Property,1557.0,,,0,0,0,0,0,0,38,519.0
house,independent,sector 43,5.25,27131.782945736435,1935.0,Plot area 215(179.77 sq.m.),4,4,2,2.0,,Old Property,,215.0,,1,1,0,0,0,1,80,483.75
house,independent,sector 26,12.5,38580.246913580246,3240.0,Plot area 360(301.01 sq.m.),5,5,3+,2.0,North,Old Property,,360.0,,1,1,1,1,0,1,79,648.0
flat,tulip ivory,sector 70,2.0,8333.333333333334,2400.0,Super Built up area 2400(222.97 sq.m.)Carpet area: 1950 sq.ft. (181.16 sq.m.),4,5,3+,7.0,North-East,Moderately Old,2400.0,,1950.0,0,1,0,0,0,1,174,600.0
house,sushant lok 1 builder floors,sector 43,13.0,48148.148148148146,2700.0,Plot area 300(250.84 sq.m.),3,3,3+,4.0,North,New Property,,300.0,,0,0,0,1,0,1,7,900.0
house,emaar mgf marbella,sector 66,9.0,21251.475796930343,4235.0,Plot area 5605(520.72 sq.m.)Built Up area: 5200 sq.ft. (483.1 sq.m.)Carpet area: 4235 sq.ft. (393.44 sq.m.),4,4,3+,,South-West,Relatively New,,5200.0,4235.0,0,1,1,1,0,1,114,1058.75
flat,central park flower valley,sector 33,1.55,11923.076923076924,1300.0,Carpet area: 1300 (120.77 sq.m.),3,3,3+,7.0,North-East,New Property,,,1300.0,0,0,0,0,0,1,28,433.3333333333333
flat,ireo the corridors,sector 67a,1.3,10030.864197530864,1296.0,Built Up area: 1296 (120.4 sq.m.),2,2,2,1.0,,Undefined,,1296.0,,0,0,0,0,0,0,55,648.0
flat,shree vardhman victoria,sector 70,1.65,8461.538461538461,1950.0,Super Built up area 1950(181.16 sq.m.)Carpet area: 1161 sq.ft. (107.86 sq.m.),3,5,3,6.0,North-East,Relatively New,1950.0,,1161.0,0,1,0,1,0,0,167,650.0
flat,emaar imperial gardens,sector 102,1.92,9600.0,2000.0,Carpet area: 2000 (185.81 sq.m.),3,3,3,12.0,North-East,Relatively New,,,2000.0,1,1,1,1,0,0,95,666.6666666666666
house,independent,sector 56,8.0,9653.674429829854,8287.0,Plot area 362(33.63 sq.m.)Built Up area: 8286 sq.ft. (769.79 sq.m.),10,10,3+,4.0,,Relatively New,,8286.0,,1,1,0,1,0,2,107,828.7
flat,emaar imperial gardens,sector 102,1.98,9900.0,2000.0,Carpet area: 2000 (185.81 sq.m.),3,3,3+,9.0,North,Relatively New,,,2000.0,0,1,0,0,0,1,72,666.6666666666666
house,project housing board colony,sector 28,2.58,17695.473251028805,1458.0,Carpet area: 1300 (120.77 sq.m.),4,2,2,2.0,,Undefined,,,1300.0,0,0,0,0,0,0,0,364.5
flat,pivotal devaan,sector 84,0.34,7039.337474120083,483.0,Carpet area: 483 (44.87 sq.m.),2,2,1,1.0,East,Relatively New,,,483.0,0,0,1,0,0,1,84,241.5
flat,dlf 76,sector 37,4.0,11428.57142857143,3500.0,Carpet area: 3500 (325.16 sq.m.),4,4,2,4.0,,Undefined,,,3500.0,1,1,0,0,0,1,101,875.0
house,anshul,sector 6,0.85,7727.272727272727,1100.0,Carpet area: 1100 (102.19 sq.m.),2,2,0,4.0,North-East,Undefined,,,1100.0,0,0,0,0,0,0,0,550.0
flat,emaar gurgaon greens,sector 102,1.45,8787.878787878788,1650.0,Super Built up area 1650(153.29 sq.m.),3,3,2,7.0,South-West,Relatively New,1650.0,,,0,1,0,0,0,0,169,550.0
flat,ss the leaf,sector 85,2.1,7467.994310099573,2812.0,Super Built up area 2812(261.24 sq.m.)Built Up area: 2600 sq.ft. (241.55 sq.m.)Carpet area: 2400 sq.ft. (222.97 sq.m.),4,4,3,7.0,North,Relatively New,2812.0,2600.0,2400.0,1,1,0,1,0,0,49,703.0
flat,apex builders,sector 37c,0.42,5600.0,750.0,Carpet area: 750 (69.68 sq.m.),2,2,2,4.0,North,Relatively New,,,750.0,0,0,0,0,0,0,42,375.0
house,unitech aspen greens,sector 50,6.8,31481.48148148148,2160.0,Plot area 240(200.67 sq.m.)Built Up area: 220 sq.yards (183.95 sq.m.)Carpet area: 200 sq.yards (167.23 sq.m.),4,5,3,3.0,West,Old Property,,220.0,200.0,1,1,0,0,0,1,111,540.0
flat,indiabulls centrum park,sector 103,2.45,8521.739130434782,2875.0,Super Built up area 2875(267.1 sq.m.),4,4,3,11.0,East,Relatively New,2875.0,,,1,1,1,1,0,0,38,718.75
house,independent,sector 24,11.0,28901.73410404624,3806.0,Plot area 3806.45(353.63 sq.m.)Built Up area: 5000 sq.ft. (464.52 sq.m.),8,11,3+,3.0,East,Old Property,,5000.0,,1,1,0,1,1,1,39,475.75
flat,sare crescent parc,sector 92,1.44,7069.219440353461,2037.0,Carpet area: 2040 (189.52 sq.m.),4,4,3,8.0,,Relatively New,,,2040.0,0,0,0,0,0,0,37,509.25
flat,emaar mgf emerald floors premier,sector 65,2.24,13575.757575757576,1650.0,Carpet area: 1650 (153.29 sq.m.),3,3,3,2.0,North-West,Relatively New,,,1650.0,1,1,0,0,0,0,46,550.0
flat,sidhivinayak apartments,sector 55,1.9,10555.555555555555,1800.0,Carpet area: 1800 (167.23 sq.m.),4,3,3+,9.0,North,Moderately Old,,,1800.0,0,0,0,1,0,2,35,450.0
flat,ramsons kshitij,sector 95,0.32,4500.7032348804505,711.0,Super Built up area 700(65.03 sq.m.)Carpet area: 443.32 sq.ft. (41.19 sq.m.),2,2,1,8.0,,Relatively New,700.0,,443.32,0,0,0,0,1,2,28,355.5
house,international city by sobha phase 2,sector 109,12.5,26669.511414550885,4687.0,Plot area 500(418.06 sq.m.),5,6,3,3.0,East,Relatively New,,500.0,,1,1,1,1,0,0,63,937.4
house,housing board colony,sector 28,3.5,25925.925925925927,1350.0,Plot area 150(125.42 sq.m.),2,6,3,3.0,,Relatively New,,150.0,,0,0,0,0,0,0,0,675.0
flat,dlf the ultima,sector 81,3.45,12356.7335243553,2792.0,Super Built up area 2792(259.39 sq.m.),4,4,3+,25.0,East,Moderately Old,2792.0,,,0,1,0,0,0,0,67,698.0
flat,central park resorts,sector 48,3.65,15240.08350730689,2395.0,Super Built up area 1870(173.73 sq.m.)Built Up area: 1869 sq.ft. (173.64 sq.m.),3,3,3+,9.0,North-West,Relatively New,1870.0,1869.0,,0,0,0,0,1,1,157,798.3333333333334
flat,krrish provence estate,gwal pahari,7.5,7500.0,10000.0,Super Built up area 10000(929.03 sq.m.),5,6,3+,23.0,North-East,Relatively New,10000.0,,,0,1,0,1,1,0,49,2000.0
flat,signature global park,sohna road,0.83,7410.714285714285,1120.0,Carpet area: 1120 (104.05 sq.m.),3,2,2,1.0,,New Property,,,1120.0,0,0,0,0,0,0,16,373.3333333333333
flat,shree vardhman flora,sector 90,1.25,4854.368932038835,2575.0,Carpet area: 2575 (239.23 sq.m.),4,4,3,10.0,East,Relatively New,,,2575.0,1,0,0,1,0,0,174,643.75
flat,corona optus,sector 37c,1.25,7175.6601607347875,1742.0,Super Built up area 1735(161.19 sq.m.)Carpet area: 1400 sq.ft. (130.06 sq.m.),3,3,3,2.0,North-West,Relatively New,1735.0,,1400.0,1,0,0,0,0,0,49,580.6666666666666
flat,ats tourmaline,sector 109,1.45,6744.186046511628,2150.0,Super Built up area 2150(199.74 sq.m.)Built Up area: 1797 sq.ft. (166.95 sq.m.)Carpet area: 1660 sq.ft. (154.22 sq.m.),3,4,3+,4.0,North-West,Relatively New,2150.0,1797.0,1660.0,0,1,0,0,0,0,71,716.6666666666666
house,unitech espace,sector 50,10.3,31790.123456790123,3240.0,Plot area 360(301.01 sq.m.),5,6,3+,3.0,East,Moderately Old,,360.0,,1,1,1,1,0,1,160,648.0
house,independent,sohna road road,1.2,22304.832713754648,538.0,Plot area 50,1,4,3+,4.0,West,Old Property,,50.0,,0,0,0,0,0,0,8,538.0
flat,la vida by tata housing,sector 113,1.9,18500.486854917235,1027.0,Super Built up area 1579(146.69 sq.m.)Carpet area: 1027 sq.ft. (95.41 sq.m.),3,2,2,10.0,North-East,Relatively New,1579.0,,1027.0,0,0,0,1,0,1,174,342.3333333333333
flat,gls avenue 51,sector 92,0.5,7812.5,640.0,Carpet area: 640 (59.46 sq.m.),3,3,1,12.0,,New Property,,,640.0,0,0,0,0,0,2,95,213.33333333333334
house,independent,sector 2,1.0,8230.45267489712,1215.0,Plot area 135(112.88 sq.m.),3,7,3+,3.0,North,Moderately Old,,135.0,,0,0,0,1,0,0,0,405.0
flat,gls avenue 51,sector 92,0.5,7812.5,640.0,Super Built up area 640(59.46 sq.m.),3,3,1,0.0,,Relatively New,640.0,,,0,0,0,0,0,0,0,213.33333333333334
flat,dlf carlton estate,sector 43,2.1,15418.502202643172,1362.0,Super Built up area 1362(126.53 sq.m.),3,3,1,2.0,East,Old Property,1362.0,,,0,0,1,0,0,1,88,454.0
flat,tulip violet,sector 69,1.8,8955.223880597016,2010.0,Super Built up area 2010(186.74 sq.m.),4,4,2,9.0,South-West,Relatively New,2010.0,,,0,0,0,1,0,1,165,502.5
flat,tata primanti,sector 72,3.21,16050.0,2000.0,Super Built up area 2185(202.99 sq.m.)Built Up area: 2140 sq.ft. (198.81 sq.m.)Carpet area: 2000 sq.ft. (185.81 sq.m.),3,4,3+,15.0,North-East,Relatively New,2185.0,2140.0,2000.0,0,1,0,0,0,1,174,666.6666666666666
flat,dlf the ultima,sector 81,2.4,11412.268188302425,2103.0,Super Built up area 2103(195.38 sq.m.)Built Up area: 1650 sq.ft. (153.29 sq.m.)Carpet area: 1257 sq.ft. (116.78 sq.m.),3,3,3+,12.0,North-East,Relatively New,2103.0,1650.0,1257.0,0,1,0,0,0,2,49,701.0
flat,ashiana anmol,sohna road,0.88,11125.158027812895,791.0,Super Built up area 1275(118.45 sq.m.)Carpet area: 791 sq.ft. (73.49 sq.m.),2,2,2,13.0,East,Relatively New,1275.0,,791.0,0,0,0,0,0,2,127,395.5
flat,ats triumph,sector 104,2.52,8000.0,3150.0,Super Built up area 3150(292.64 sq.m.)Built Up area: 2800 sq.ft. (260.13 sq.m.)Carpet area: 2400 sq.ft. (222.97 sq.m.),4,4,3+,19.0,North-East,Relatively New,3150.0,2800.0,2400.0,0,1,1,0,0,1,156,787.5
flat,orchid petals,sector 49,1.9,10526.315789473685,1805.0,Carpet area: 1805 (167.69 sq.m.),3,3,3,9.0,North-West,Moderately Old,,,1805.0,0,1,0,0,0,0,95,601.6666666666666
flat,tata primanti,sector 72,6.5,15294.117647058823,4250.0,Super Built up area 4250(394.84 sq.m.),4,4,3+,0.0,East,Relatively New,4250.0,,,1,1,0,1,0,0,67,1062.5
flat,vatika emilia floors,sector 83,0.65,6190.476190476191,1050.0,Super Built up area 1050(97.55 sq.m.)Built Up area: 950 sq.ft. (88.26 sq.m.)Carpet area: 850 sq.ft. (78.97 sq.m.),2,2,2,1.0,South,Relatively New,1050.0,950.0,850.0,0,0,0,0,0,1,174,525.0
flat,palam vihar society,sector 2,0.4,8602.150537634408,465.0,Super Built up area 465(43.2 sq.m.)Built Up area: 450 sq.ft. (41.81 sq.m.)Carpet area: 425 sq.ft. (39.48 sq.m.),1,1,1,5.0,North,Moderately Old,465.0,450.0,425.0,0,0,0,0,0,1,39,465.0
flat,corona optus,sector 37c,1.5,6361.323155216285,2358.0,Super Built up area 2358(219.07 sq.m.),3,4,3+,14.0,North-East,New Property,2358.0,,,0,1,0,0,1,0,83,786.0
flat,paras irene,sector 70a,1.2,8450.704225352112,1420.0,Super Built up area 1420(131.92 sq.m.),2,2,3,6.0,North-East,Moderately Old,1420.0,,,0,0,0,0,0,0,42,710.0
flat,orris carnation residency,sector 85,0.9,6428.571428571428,1400.0,Super Built up area 1485(137.96 sq.m.)Built Up area: 1402 sq.ft. (130.25 sq.m.)Carpet area: 1400 sq.ft. (130.06 sq.m.),3,3,2,12.0,,Relatively New,1485.0,1402.0,1400.0,0,0,0,0,0,0,120,466.6666666666667
flat,ats tourmaline,sector 109,2.3,8897.485493230173,2585.0,Super Built up area 2585(240.15 sq.m.),3,4,3+,10.0,East,New Property,2585.0,,,0,1,0,0,1,0,74,861.6666666666666
flat,sidhartha ncr greens,sector 95,0.56,5656.565656565656,990.0,Super Built up area 990(91.97 sq.m.),2,2,3,13.0,,New Property,990.0,,,0,0,0,0,0,0,8,495.0
flat,hero homes,sector 104,1.4,15819.209039548023,885.0,Super Built up area 1389(129.04 sq.m.)Carpet area: 884.58 sq.ft. (82.18 sq.m.),3,2,2,4.0,North,Undefined,1389.0,,884.58,0,0,0,0,0,0,49,295.0
flat,imperia the esfera,sector 37c,0.99,5500.0,1800.0,Super Built up area 1815(168.62 sq.m.),3,3,1,10.0,North-East,New Property,1815.0,,,0,1,0,0,0,0,49,600.0
flat,imperia aashiyara,sector 37c,0.4,5882.35294117647,680.0,Carpet area: 680 (63.17 sq.m.),2,2,3,3.0,,Under Construction,,,680.0,0,0,0,0,0,0,126,340.0
flat,vatika the seven lamps,sector 82,0.78,5931.558935361217,1315.0,Super Built up area 1298(120.59 sq.m.),2,2,2,0.0,North-West,Relatively New,1298.0,,,0,0,0,0,0,1,103,657.5
flat,tata primanti,sector 72,6.75,19285.714285714286,3500.0,Super Built up area 4250(394.84 sq.m.)Built Up area: 4000 sq.ft. (371.61 sq.m.)Carpet area: 3500 sq.ft. (325.16 sq.m.),4,4,3+,0.0,North-East,New Property,4250.0,4000.0,3500.0,0,1,0,0,0,1,174,875.0
flat,dlf new town heights,sector 90,2.0,7334.066740007334,2727.0,Super Built up area 2727(253.35 sq.m.),4,4,3+,20.0,East,Moderately Old,2727.0,,,0,1,0,0,1,0,49,681.75
flat,sunischit apartments,sector 54,1.75,7954.545454545455,2200.0,Super Built up area 2200(204.39 sq.m.)Built Up area: 2100 sq.ft. (195.1 sq.m.)Carpet area: 2000 sq.ft. (185.81 sq.m.),3,3,3+,6.0,North-East,Moderately Old,2200.0,2100.0,2000.0,0,1,0,0,0,1,126,733.3333333333334
house,independent,sector 5,3.75,11029.411764705883,3400.0,Built Up area: 3400 (315.87 sq.m.)Carpet area: 1836 sq.ft. (170.57 sq.m.),5,5,3+,3.0,,Undefined,,3400.0,1836.0,0,0,0,0,0,0,0,680.0
house,independent,sector 6,1.25,11574.074074074075,1080.0,Plot area 120(100.34 sq.m.)Built Up area: 120 sq.yards (100.34 sq.m.),2,5,1,2.0,South,New Property,,120.0,,0,0,0,1,0,0,0,540.0
house,independent,sector 12,1.0,8230.45267489712,1215.0,Plot area 135(12.54 sq.m.)Built Up area: 3750 sq.ft. (348.39 sq.m.),3,7,3+,3.0,North,Moderately Old,,3750.0,,0,0,1,1,0,0,7,405.0
flat,signature global city 81,sector 81,0.96,9766.022380467955,983.0,Carpet area: 1075 (99.87 sq.m.),2,2,2,1.0,,Undefined,,,1075.0,0,0,0,0,0,0,49,491.5
flat,dlf the primus,sector 82a,2.95,11451.863354037267,2576.0,Super Built up area 2576(239.32 sq.m.)Carpet area: 1700 sq.ft. (157.94 sq.m.),4,5,3+,10.0,North-East,Relatively New,2576.0,,1700.0,0,1,0,0,0,2,174,644.0
flat,corona gracieux,sector 76,1.08,5510.2040816326535,1960.0,Super Built up area 1960(182.09 sq.m.),3,3,3,1.0,,New Property,1960.0,,,0,1,0,0,0,0,58,653.3333333333334
flat,supertech araville,sector 79,1.35,9000.0,1500.0,Super Built up area 1530(142.14 sq.m.)Built Up area: 1350 sq.ft. (125.42 sq.m.)Carpet area: 1200 sq.ft. (111.48 sq.m.),2,2,3,6.0,East,New Property,1530.0,1350.0,1200.0,1,0,0,0,1,1,88,750.0
flat,pareena coban residences,sector 99a,1.35,6760.140210315473,1997.0,Super Built up area 1997(185.53 sq.m.),3,5,3,6.0,,New Property,1997.0,,,0,1,0,0,1,0,60,665.6666666666666
flat,pivotal devaan,sector 84,0.35,7246.376811594203,483.0,Carpet area: 483 (44.87 sq.m.),2,2,2,4.0,East,Relatively New,,,483.0,0,0,0,0,0,0,37,241.5
flat,sare homes,sector 92,0.95,4750.0,2000.0,Super Built up area 2000(185.81 sq.m.)Built Up area: 1983 sq.ft. (184.23 sq.m.)Carpet area: 1900 sq.ft. (176.52 sq.m.),4,3,2,17.0,East,New Property,2000.0,1983.0,1900.0,0,0,0,0,0,0,7,500.0
flat,alpha corp gurgaonone,sector 84,0.85,6692.913385826771,1270.0,Super Built up area 1270(117.99 sq.m.)Carpet area: 1050 sq.ft. (97.55 sq.m.),2,2,3,6.0,West,Relatively New,1270.0,,1050.0,0,0,0,0,0,1,28,635.0
flat,ss the leaf,sector 85,1.2,12371.134020618556,970.0,Super Built up area 1671(155.24 sq.m.)Built Up area: 1190 sq.ft. (110.55 sq.m.)Carpet area: 970 sq.ft. (90.12 sq.m.),2,2,2,4.0,East,Relatively New,1671.0,1190.0,970.0,0,1,1,0,0,0,81,485.0
house,rattan garden,sector 7,1.3,13499.480789200416,963.0,Built Up area: 963 (89.47 sq.m.),2,3,2,3.0,,Old Property,,963.0,,0,0,0,0,0,0,0,481.5
flat,sare crescent parc,sector 92,0.49,4909.819639278557,998.0,Carpet area: 998 (92.72 sq.m.),2,2,2,2.0,,Relatively New,,,998.0,0,0,0,0,0,0,96,499.0
flat,godrej nature plus,sector 33,1.5,10197.144799456153,1471.0,Carpet area: 1385 (128.67 sq.m.),2,2,3+,2.0,South-East,Undefined,,,1385.0,0,0,0,0,0,0,87,735.5
flat,smart world gems,sector 89,1.01,9156.844968268359,1103.0,Carpet area: 1103 (102.47 sq.m.),2,2,2,4.0,,Undefined,,,1103.0,1,0,0,0,0,0,38,551.5
flat,indiabulls centrum park,sector 103,2.4,8347.826086956522,2875.0,Super Built up area 2875(267.1 sq.m.)Built Up area: 2456 sq.ft. (228.17 sq.m.)Carpet area: 2100 sq.ft. (195.1 sq.m.),4,6,3+,15.0,North-East,Relatively New,2875.0,2456.0,2100.0,0,1,0,0,0,0,156,718.75
flat,sidhartha ncr greens,sector 95,0.96,6201.550387596899,1548.0,Carpet area: 1548 (143.81 sq.m.),3,3,3,8.0,,New Property,,,1548.0,0,0,1,1,0,0,8,516.0
flat,signature global solera,sector 107,0.35,6398.53747714808,547.0,Carpet area: 547 (50.82 sq.m.),2,2,2,8.0,South,Relatively New,,,547.0,0,0,0,0,0,0,45,273.5
house,independent,sector 43,1.9,3909.465020576132,4860.0,Plot area 60(50.17 sq.m.)Built Up area: 60 sq.yards (50.17 sq.m.),3,3,3+,3.0,,Old Property,,60.0,,0,0,0,0,0,2,0,1620.0
flat,bestech park view ananda,sector 81,0.87,7952.468007312615,1094.0,Super Built up area 1360(126.35 sq.m.)Built Up area: 1300 sq.ft. (120.77 sq.m.)Carpet area: 1094 sq.ft. (101.64 sq.m.),2,2,3,8.0,West,Relatively New,1360.0,1300.0,1094.0,0,0,0,0,0,0,95,547.0
flat,m3m heights,sector 65,3.67,17990.196078431374,2040.0,Super Built up area 2040(189.52 sq.m.),3,3,2,27.0,,Undefined,2040.0,,,0,1,0,0,0,0,43,680.0
house,independent,sector 26,5.8,12837.538733953077,4518.0,Plot area 502(419.74 sq.m.),4,4,3+,4.0,,Old Property,,502.0,,0,0,0,0,0,0,38,1129.5
flat,godrej aria,sector 79,0.95,6551.724137931034,1450.0,Carpet area: 1450 (134.71 sq.m.),2,2,3,5.0,East,Relatively New,,,1450.0,0,0,0,0,0,1,174,725.0
flat,ambience creacions,sector 22,4.63,14983.818770226537,3090.0,Super Built up area 3090(287.07 sq.m.),3,5,3+,5.0,North-East,New Property,3090.0,,,0,1,0,0,1,0,120,1030.0
flat,conscient heritage max,sector 102,2.0,9306.654257794324,2149.0,Super Built up area 2149(199.65 sq.m.)Built Up area: 1900 sq.ft. (176.52 sq.m.)Carpet area: 1650 sq.ft. (153.29 sq.m.),3,4,3+,13.0,North-East,Relatively New,2149.0,1900.0,1650.0,1,1,0,0,0,1,174,716.3333333333334
flat,eldeco accolade,sohna road,0.78,5420.43085476025,1439.0,Super Built up area 1457(135.36 sq.m.),2,2,2,7.0,North,Relatively New,1457.0,,,1,0,0,0,0,1,137,719.5
house,independent,sector 25,4.31,31925.925925925927,1350.0,Plot area 150(125.42 sq.m.),5,4,3,3.0,North,Old Property,,150.0,,0,0,0,0,0,0,40,270.0
flat,whiteland blissville,sector 76,1.9,11363.636363636364,1672.0,Super Built up area 1672(155.33 sq.m.),3,3,2,0.0,,Under Construction,1672.0,,,0,0,0,0,0,0,61,557.3333333333334
flat,bestech park view grand spa,sector 81,2.3,8646.616541353384,2660.0,Super Built up area 2660(247.12 sq.m.)Built Up area: 2280 sq.ft. (211.82 sq.m.)Carpet area: 1950 sq.ft. (181.16 sq.m.),3,4,3+,7.0,East,Relatively New,2660.0,2280.0,1950.0,0,1,0,0,0,1,49,886.6666666666666
flat,siddhartha apartment,sector 95,0.72,3664.1221374045804,1965.0,Super Built up area 1965(182.55 sq.m.)Built Up area: 1800 sq.ft. (167.23 sq.m.)Carpet area: 1600 sq.ft. (148.64 sq.m.),3,3,2,4.0,East,Relatively New,1965.0,1800.0,1600.0,0,0,0,0,1,0,21,655.0
flat,ss,sector 85,1.2,7151.370679380215,1678.0,Super Built up area 1671(155.24 sq.m.)Built Up area: 1660 sq.ft. (154.22 sq.m.)Carpet area: 1650 sq.ft. (153.29 sq.m.),2,2,3,15.0,North-East,Relatively New,1671.0,1660.0,1650.0,0,0,0,0,0,0,49,839.0
flat,smart world orchard,sector 61,1.6,13913.04347826087,1150.0,Carpet area: 1150 (106.84 sq.m.),2,2,2,4.0,North-East,New Property,,,1150.0,1,0,0,0,1,0,29,575.0
flat,gls arawali homes,sohna road,0.3,5291.005291005291,567.0,Built Up area: 567 (52.68 sq.m.),2,2,0,10.0,,Undefined,,567.0,,0,0,0,0,0,0,0,283.5
flat,signature andour heights,sector 71,0.65,10172.143974960876,639.0,Super Built up area 639(59.37 sq.m.)Carpet area: 542 sq.ft. (50.35 sq.m.),2,2,1,10.0,South-West,Relatively New,639.0,,542.0,0,0,0,0,0,1,23,319.5
flat,the close north,sector 50,2.35,11227.902532250358,2093.0,Super Built up area 2093(194.45 sq.m.)Built Up area: 2000 sq.ft. (185.81 sq.m.)Carpet area: 1850 sq.ft. (171.87 sq.m.),3,3,3,8.0,North-East,Moderately Old,2093.0,2000.0,1850.0,0,0,1,0,0,1,149,697.6666666666666
flat,pyramid urban homes 2,sector 86,0.5,8319.467554076538,601.0,Carpet area: 601 (55.83 sq.m.),2,2,1,2.0,East,Relatively New,,,601.0,0,0,0,0,0,0,35,300.5
flat,tulip violet,sector 69,1.7,8432.539682539682,2016.0,Super Built up area 2010(186.74 sq.m.),4,4,2,10.0,South,New Property,2010.0,,,0,0,0,0,0,0,125,504.0
flat,ss the leaf,sector 85,1.18,10727.272727272728,1100.0,Super Built up area 1741(161.74 sq.m.)Built Up area: 1700 sq.ft. (157.94 sq.m.)Carpet area: 1100 sq.ft. (102.19 sq.m.),2,2,3,9.0,North-East,Relatively New,1741.0,1700.0,1100.0,1,0,0,0,0,1,150,550.0
flat,microtek greenburg,sector 86,1.25,8445.945945945947,1480.0,Super Built up area 1480(137.5 sq.m.),2,2,3,13.0,West,Moderately Old,1480.0,,,1,0,0,0,0,0,6,740.0
flat,mapsko royale ville,sector 82,1.12,6256.983240223463,1790.0,Super Built up area 1790(166.3 sq.m.)Carpet area: 1400 sq.ft. (130.06 sq.m.),3,3,2,12.0,North-East,Relatively New,1790.0,,1400.0,0,0,0,1,0,0,49,596.6666666666666
flat,paras dews,sector 106,1.5,6369.426751592357,2355.0,Super Built up area 2355(218.79 sq.m.)Built Up area: 1535 sq.ft. (142.61 sq.m.)Carpet area: 1403 sq.ft. (130.34 sq.m.),4,6,3+,11.0,North-West,Relatively New,2355.0,1535.0,1403.0,0,1,0,0,0,0,174,588.75
flat,dlf regal gardens,sector 90,1.25,7339.988256018791,1703.0,Super Built up area 1703(158.21 sq.m.),3,3,3,28.0,North,Moderately Old,1703.0,,,0,1,0,0,0,0,38,567.6666666666666
flat,ats triumph,sector 104,2.0,8733.624454148472,2290.0,Super Built up area 2290(212.75 sq.m.),3,4,3+,4.0,,Relatively New,2290.0,,,0,1,0,0,0,0,60,763.3333333333334
flat,vatika lifestyle homes,sector 83,1.1,6267.806267806268,1755.0,Super Built up area 1755(163.04 sq.m.),3,3,2,8.0,South,Relatively New,1755.0,,,1,0,1,1,0,1,174,585.0
flat,emaar gurgaon greens,sector 102,1.39,8424.242424242424,1650.0,Super Built up area 1650(153.29 sq.m.),3,3,3,7.0,West,Relatively New,1650.0,,,0,1,0,0,0,1,21,550.0
house,dlf new town heights,sector 86,2.5,7827.175954915467,3194.0,Plot area 3194(296.73 sq.m.),4,5,3+,4.0,West,Moderately Old,,3194.0,,0,1,0,1,1,1,49,798.5
house,independent,sector 50,10.45,38703.7037037037,2700.0,Plot area 2700(250.84 sq.m.)Built Up area: 4000 sq.ft. (371.61 sq.m.),4,5,2,3.0,North,Moderately Old,,4000.0,,1,1,0,1,0,1,142,675.0
house,independent,sector 7,0.45,5000.0,900.0,Plot area 900(83.61 sq.m.),3,2,1,2.0,North-West,Old Property,,900.0,,0,0,0,0,1,0,12,300.0
flat,cancon enclave,sector 4,1.05,7777.777777777777,1350.0,Carpet area: 1350 (125.42 sq.m.),3,2,2,2.0,,New Property,,,1350.0,0,0,0,0,0,1,0,450.0
flat,bptp astaire gardens,sector 70a,1.8,9350.64935064935,1925.0,Built Up area: 1925 (178.84 sq.m.),3,3,3,3.0,North-West,Relatively New,,1925.0,,1,0,0,0,0,0,135,641.6666666666666
flat,prime habitat,sector 99a,0.32,4657.933042212519,687.0,Super Built up area 687(63.82 sq.m.)Built Up area: 601 sq.ft. (55.83 sq.m.)Carpet area: 448 sq.ft. (41.62 sq.m.),2,2,1,7.0,,Relatively New,687.0,601.0,448.0,0,0,0,0,0,0,44,343.5
flat,sidhartha ncr one phase,sector 95,0.56,4105.571847507332,1364.0,Super Built up area 1364(126.72 sq.m.),2,2,2,10.0,,Relatively New,1364.0,,,0,0,0,0,0,1,60,682.0
flat,sunischit apartments,sector 54,1.75,7954.545454545455,2200.0,Super Built up area 2200(204.39 sq.m.)Built Up area: 1900 sq.ft. (176.52 sq.m.)Carpet area: 1700 sq.ft. (157.94 sq.m.),3,4,3+,5.0,East,Moderately Old,2200.0,1900.0,1700.0,0,1,0,0,0,1,83,733.3333333333334
flat,adani brahma samsara vilasa,sector 63,3.0,16666.666666666668,1800.0,Carpet area: 1800 (167.23 sq.m.),3,3,3,3.0,East,New Property,,,1800.0,0,0,0,0,0,0,24,600.0
flat,tulip violet,sector 69,1.55,9822.56020278834,1578.0,Super Built up area 1578(146.6 sq.m.),3,3,2,0.0,West,Relatively New,1578.0,,,0,0,0,1,0,1,129,526.0
flat,emaar mgf emerald floors premier,sector 65,3.5,17721.518987341773,1975.0,Super Built up area 1975(183.48 sq.m.),4,4,3,4.0,East,Relatively New,1975.0,,,0,1,0,0,0,0,114,493.75
house,independent,sector 26,4.5,33333.333333333336,1350.0,Plot area 150(125.42 sq.m.),5,5,3+,2.0,,Old Property,,150.0,,0,0,0,0,0,0,7,270.0
flat,hero homes,sector 104,1.9,11249.259917110716,1689.0,Super Built up area 1689(156.91 sq.m.)Carpet area: 1082 sq.ft. (100.52 sq.m.),3,3,3,16.0,,Undefined,1689.0,,1082.0,0,0,0,1,0,1,103,563.0
flat,godrej summit,sector 104,0.75,5910.16548463357,1269.0,Super Built up area 1269(117.89 sq.m.),2,2,3,6.0,East,Relatively New,1269.0,,,0,0,0,0,1,0,79,634.5
flat,today callidora,sector 73,0.9,5548.705302096178,1622.0,Built Up area: 1622 (150.69 sq.m.),3,3,3,3.0,East,Under Construction,,1622.0,,0,1,0,0,0,0,63,540.6666666666666
flat,m3m skywalk,sector 74,1.5,10714.285714285714,1400.0,Carpet area: 1400 (130.06 sq.m.),2,2,1,8.0,,New Property,,,1400.0,0,0,0,0,0,0,16,700.0
flat,aipl peaceful homes,sector 70a,2.75,12790.697674418605,2150.0,Built Up area: 2150 (199.74 sq.m.),3,3,3+,14.0,North-East,Undefined,,2150.0,,0,0,0,0,0,0,0,716.6666666666666
flat,imperia the esfera,sector 37c,0.95,5702.280912364946,1666.0,Built Up area: 1578 (146.6 sq.m.),2,2,0,17.0,,Under Construction,,1578.0,,0,1,0,0,0,0,66,833.0
house,independent,sector 26,18.0,39840.6374501992,4518.0,Plot area 502(419.74 sq.m.),5,4,3+,4.0,North,Moderately Old,,502.0,,1,1,1,1,0,1,113,903.6
flat,m3m woodshire,sector 107,0.94,6881.405563689605,1366.0,Super Built up area 1366(126.91 sq.m.),2,2,3+,1.0,East,Moderately Old,1366.0,,,0,0,0,0,0,0,113,683.0
flat,godrej oasis,sector 88a,2.65,16750.94816687737,1582.0,Carpet area: 124,3,3,3+,10.0,,New Property,,,124.0,0,0,0,0,0,0,110,527.3333333333334
house,independent,sector 26,9.0,33333.333333333336,2700.0,Plot area 300(250.84 sq.m.),5,5,2,3.0,South-West,Old Property,,300.0,,1,1,1,1,0,2,110,540.0
house,independent,sector 26,18.9,41832.66932270916,4518.0,Plot area 502(419.74 sq.m.),6,8,2,3.0,North-East,Relatively New,,502.0,,1,1,1,1,0,1,120,753.0
flat,the lions cghs,sector 56,2.0,8333.333333333334,2400.0,Super Built up area 2400(222.97 sq.m.)Carpet area: 2100 sq.ft. (195.1 sq.m.),4,4,3,8.0,West,Relatively New,2400.0,,2100.0,0,0,0,0,1,1,49,600.0
flat,tulip ivory,sector 70,2.35,9791.666666666666,2400.0,Carpet area: 2400 (222.97 sq.m.),4,4,3+,10.0,East,Moderately Old,,,2400.0,0,1,0,0,0,1,65,600.0
flat,ramprastha the edge towers,sector 37d,0.8,8888.888888888889,900.0,Super Built up area 1380(128.21 sq.m.)Built Up area: 1310 sq.ft. (121.7 sq.m.)Carpet area: 900 sq.ft. (83.61 sq.m.),2,2,3,10.0,South-East,Relatively New,1380.0,1310.0,900.0,0,0,0,0,1,0,166,450.0
flat,bestech park view ananda,sector 81,0.9,6617.64705882353,1360.0,Super Built up area 1360(126.35 sq.m.),2,2,3,8.0,,New Property,1360.0,,,0,0,0,0,1,0,60,680.0
flat,smart world gems,sector 89,1.0,9033.423667570009,1107.0,Carpet area: 1107 (102.84 sq.m.),2,2,2,1.0,,Under Construction,,,1107.0,1,0,0,0,0,0,38,553.5
flat,ats triumph,sector 104,2.3,10000.0,2300.0,Carpet area: 2290 (212.75 sq.m.),3,4,3+,15.0,North-East,New Property,,,2290.0,0,1,0,0,0,0,117,766.6666666666666
flat,imperia the esfera,sector 37c,0.87,5513.307984790875,1578.0,Super Built up area 1578(146.6 sq.m.)Built Up area: 1300 sq.ft. (120.77 sq.m.)Carpet area: 1110 sq.ft. (103.12 sq.m.),2,3,3+,5.0,North-West,Relatively New,1578.0,1300.0,1110.0,1,0,0,0,0,0,109,789.0
flat,conscient heritage max,sector 102,2.22,13875.0,1600.0,Super Built up area 2149(199.65 sq.m.)Built Up area: 2000 sq.ft. (185.81 sq.m.)Carpet area: 1600 sq.ft. (148.64 sq.m.),3,4,3+,15.0,East,Relatively New,2149.0,2000.0,1600.0,1,1,0,0,0,0,82,533.3333333333334
flat,indiabulls centrum park,sector 103,2.36,9182.879377431907,2570.0,Super Built up area 2875(267.1 sq.m.)Carpet area: 2570 sq.ft. (238.76 sq.m.),4,6,3+,8.0,East,Relatively New,2875.0,,2570.0,0,1,0,0,0,1,159,642.5
house,independent,sector 38,3.5,24305.555555555555,1440.0,Carpet area: 160 (133.78 sq.m.),3,3,2,1.0,East,Relatively New,,,160.0,0,0,0,0,0,0,0,480.0
flat,tulip violet,sector 69,1.76,8756.218905472637,2010.0,Super Built up area 2010(186.74 sq.m.),4,4,2,6.0,North,Relatively New,2010.0,,,0,0,0,0,0,0,108,502.5
flat,tulip yellow,sector 69,1.8,10563.38028169014,1704.0,Carpet area: 1704 (158.31 sq.m.),3,3,3,14.0,East,Undefined,,,1704.0,0,0,0,0,0,0,49,568.0
flat,ansal housing highland park,sector 103,1.1,6242.905788876277,1762.0,Super Built up area 1762(163.7 sq.m.)Built Up area: 1500 sq.ft. (139.35 sq.m.)Carpet area: 1300 sq.ft. (120.77 sq.m.),3,3,3+,7.0,North-East,New Property,1762.0,1500.0,1300.0,0,0,0,0,0,0,87,587.3333333333334
flat,unitech the residences,sector 33,1.55,9872.611464968153,1570.0,Super Built up area 1570(145.86 sq.m.),3,4,1,1.0,South,Relatively New,1570.0,,,0,1,0,0,0,0,37,523.3333333333334
house,unitech aspen greens,sector 50,7.0,32407.40740740741,2160.0,Plot area 240(200.67 sq.m.),4,4,2,2.0,East,Old Property,,240.0,,0,1,0,0,0,0,29,540.0
house,unitech escape,sector 50,12.0,37037.03703703704,3240.0,Carpet area: 360 (301.01 sq.m.),5,6,3+,3.0,East,Undefined,,,360.0,0,0,0,0,0,0,66,648.0
flat,conscient heritage max,sector 102,1.75,9011.328527291453,1942.0,Super Built up area 1942(180.42 sq.m.),3,4,3+,13.0,North,Relatively New,1942.0,,,0,1,0,0,0,1,94,647.3333333333334
flat,dlf park place,sector 54,6.75,24963.01775147929,2704.0,Super Built up area 2704(251.21 sq.m.)Carpet area: 1534 sq.ft. (142.51 sq.m.),4,4,2,8.0,North,Moderately Old,2704.0,,1534.0,0,1,0,0,0,2,135,676.0
flat,godrej nature plus,sector 33,1.08,13122.721749696233,823.0,Carpet area: 76.44,2,2,3,8.0,,Undefined,,,76.44,0,0,0,0,0,0,56,411.5
flat,bestech park view ananda,sector 81,1.45,8011.049723756906,1810.0,Super Built up area 1810(168.15 sq.m.)Built Up area: 1650 sq.ft. (153.29 sq.m.)Carpet area: 1500 sq.ft. (139.35 sq.m.),3,3,3,8.0,North,Relatively New,1810.0,1650.0,1500.0,0,0,0,0,1,1,128,603.3333333333334
flat,tulip lemon,sector 69,0.6,11406.84410646388,526.0,Carpet area: 526 (48.87 sq.m.),2,1,1,11.0,,Undefined,,,526.0,0,0,0,0,0,0,0,263.0
flat,dlf the arbour,sector 63,8.5,21518.98734177215,3950.0,Built Up area: 3950 (366.97 sq.m.),4,4,0,27.0,,Undefined,,3950.0,,0,0,0,0,0,0,61,987.5
flat,lavanya apartments,sector 81,0.9,5056.179775280899,1780.0,Built Up area: 1780 (165.37 sq.m.),3,3,0,7.0,,Undefined,,1780.0,,0,0,0,0,0,0,0,593.3333333333334
flat,central park flower valley,sector 33,1.4,21538.46153846154,650.0,Super Built up area 650(60.39 sq.m.),3,3,3,2.0,,Under Construction,650.0,,,0,0,0,0,0,0,54,216.66666666666666
flat,dlf the skycourt,sector 86,1.6,8294.45308449974,1929.0,Super Built up area 1929(179.21 sq.m.),3,3,1,14.0,North-East,Relatively New,1929.0,,,0,0,0,1,0,0,72,643.0
house,eros rosewood villas,sector 49,2.5,13513.513513513513,1850.0,Plot area 1530(142.14 sq.m.)Built Up area: 1900 sq.ft. (176.52 sq.m.)Carpet area: 1850 sq.ft. (171.87 sq.m.),3,3,2,2.0,East,Moderately Old,,1900.0,1850.0,0,0,1,1,0,0,59,616.6666666666666
flat,rof ananda,sector 95,0.38,5900.621118012423,644.0,Carpet area: 644.12 (59.84 sq.m.),2,2,2,5.0,,Relatively New,,,644.111776,1,0,0,0,0,0,83,322.0
flat,emaar imperial gardens,sector 102,2.05,9874.7591522158,2076.0,Carpet area: 2025 (188.13 sq.m.),3,4,3+,14.0,South,Relatively New,,,2025.0,0,1,0,0,0,0,116,692.0
flat,pioneer araya,sector 62,9.95,20995.990715340788,4739.0,Super Built up area 4739(440.27 sq.m.)Carpet area: 3219 sq.ft. (299.05 sq.m.),4,6,3,12.0,South-East,Relatively New,4739.0,,3219.0,0,1,0,1,0,1,138,1184.75
flat,vatika gurgaon,sector 83,1.33,5564.8535564853555,2390.0,Super Built up area 2390(222.04 sq.m.)Carpet area: 2000 sq.ft. (185.81 sq.m.),4,4,3,3.0,East,Relatively New,2390.0,,2000.0,0,1,0,0,0,0,26,597.5
flat,shapoorji pallonji joyville gurugram,sector 102,1.1,12181.616832779624,903.0,Super Built up area 903(83.89 sq.m.),2,2,1,8.0,,Undefined,903.0,,,0,0,0,0,0,0,105,451.5
flat,mvn athens,sohna road,0.26,5394.190871369295,482.0,Carpet area: 481.74 (44.76 sq.m.),2,2,1,2.0,,Relatively New,,,481.792164,0,0,0,0,0,0,37,241.0
flat,puri diplomatic greens,sector 111,5.25,11666.666666666666,4500.0,Super Built up area 4500(418.06 sq.m.),4,6,3+,7.0,East,Relatively New,4500.0,,,0,1,0,0,0,1,134,1125.0
house,independent,sector 3 phase 3 extension,1.0,6666.666666666667,1500.0,Built Up area: 1500 (139.35 sq.m.),1,1,0,1.0,,Undefined,,1500.0,,0,0,0,0,0,0,0,1500.0
flat,sonata group housing gh 24,manesar,1.65,5892.857142857143,2800.0,Carpet area: 2800 (260.13 sq.m.),4,3,3,8.0,,New Property,,,2800.0,0,1,0,0,0,0,20,700.0
flat,takshila heights sector 37 c,sector 92,0.67,5583.333333333333,1200.0,Super Built up area 1200(111.48 sq.m.),2,2,2,3.0,,Relatively New,1200.0,,,0,0,0,0,0,0,23,600.0
flat,godrej habitat,sector 3,1.1,10406.811731315043,1057.0,Super Built up area 1056.58(98.16 sq.m.),2,2,2,14.0,,Under Construction,1056.58,,,0,0,0,0,0,0,60,528.5
flat,godrej aria,sector 79,0.96,13296.398891966759,722.0,Super Built up area 1351(125.51 sq.m.)Carpet area: 722 sq.ft. (67.08 sq.m.),2,2,3,8.0,North-East,Relatively New,1351.0,,722.0,0,0,0,0,0,0,49,361.0
flat,project krishna colony,sector 7,0.36,5142.857142857143,700.0,Built Up area: 700 (65.03 sq.m.),2,2,1,0.0,,Relatively New,,700.0,,0,0,0,0,0,0,0,350.0
flat,lotus homz,sector 111,0.5,14836.79525222552,337.0,Carpet area: 336.96 (31.3 sq.m.),1,1,1,2.0,,Relatively New,,,336.91007,0,0,0,0,0,2,72,337.0
flat,ss the leaf,sector 85,1.84,7641.196013289036,2408.0,Super Built up area 2408(223.71 sq.m.)Carpet area: 1685 sq.ft. (156.54 sq.m.),3,4,3,8.0,South-East,Relatively New,2408.0,,1685.0,0,0,0,1,0,0,158,802.6666666666666
house,independent,sector 40,5.0,21123.785382340517,2367.0,Plot area 263(219.9 sq.m.),9,9,3+,3.0,South-East,Relatively New,,263.0,,0,0,0,1,0,1,66,263.0
flat,pyramid urban,sector 67a,0.55,10516.252390057361,523.0,Carpet area: 523 (48.59 sq.m.),2,2,2,3.0,South-West,Relatively New,,,523.0,0,0,0,0,0,0,73,261.5
flat,la vida by tata housing,sector 113,2.35,13352.272727272728,1760.0,Super Built up area 2217(205.97 sq.m.)Built Up area: 1930 sq.ft. (179.3 sq.m.)Carpet area: 1760 sq.ft. (163.51 sq.m.),3,4,3,3.0,West,Relatively New,2217.0,1930.0,1760.0,0,1,0,0,0,0,174,586.6666666666666
flat,shree vardhman victoria,sector 70,1.1,8461.538461538461,1300.0,Super Built up area 1300(120.77 sq.m.)Carpet area: 788 sq.ft. (73.21 sq.m.),2,2,2,0.0,West,New Property,1300.0,,788.0,1,0,0,0,0,0,49,650.0
flat,orris aster court premier,sector 85,1.45,6839.622641509434,2120.0,Super Built up area 2120(196.95 sq.m.)Built Up area: 1616 sq.ft. (150.13 sq.m.),3,4,2,3.0,North,New Property,2120.0,1616.0,,0,1,0,0,0,0,16,706.6666666666666
flat,ss the leaf,sector 85,1.11,6851.851851851852,1620.0,Super Built up area 1640(152.36 sq.m.)Built Up area: 1630 sq.ft. (151.43 sq.m.)Carpet area: 1620 sq.ft. (150.5 sq.m.),2,2,3,8.0,North,Relatively New,1640.0,1630.0,1620.0,0,0,1,0,0,0,174,810.0
flat,ramprastha city,dwarka expressway,1.3,9027.777777777777,1440.0,Super Built up area 1440(133.78 sq.m.),3,3,2,3.0,,Under Construction,1440.0,,,0,0,0,0,0,0,0,480.0
flat,shree vardhman victoria,sector 70,1.62,13953.488372093023,1161.0,Super Built up area 1950(181.16 sq.m.)Carpet area: 1161 sq.ft. (107.86 sq.m.),3,3,3,9.0,North,Relatively New,1950.0,,1161.0,0,1,0,0,0,0,96,387.0
flat,bhawna cghs,sector 43,3.25,10156.25,3200.0,Super Built up area 3200(297.29 sq.m.)Carpet area: 3000 sq.ft. (278.71 sq.m.),4,4,3+,12.0,,Moderately Old,3200.0,,3000.0,0,0,0,1,0,1,119,800.0
flat,m3m woodshire,sector 107,1.35,5717.916137229988,2361.0,Super Built up area 2361(219.34 sq.m.)Built Up area: 1950 sq.ft. (181.16 sq.m.),3,4,3+,8.0,South,Relatively New,2361.0,1950.0,,0,1,0,0,0,1,74,787.0
flat,central park resort belgravia residences,sector 48,6.25,24300.155520995333,2572.0,Carpet area: 2880 (267.56 sq.m.),3,5,3+,5.0,South-East,Moderately Old,,,2880.0,0,1,0,0,0,1,49,857.3333333333334
flat,emaar mgf emerald floors premier,sector 65,2.35,14242.424242424242,1650.0,Super Built up area 1650(153.29 sq.m.),3,3,3,2.0,West,Relatively New,1650.0,,,1,1,0,0,0,1,168,550.0
flat,signature the roselia,sector 95,0.41,6193.353474320242,662.0,Built Up area: 670 (62.25 sq.m.)Carpet area: 569.25 sq.ft. (52.89 sq.m.),2,2,2,12.0,North,New Property,,670.0,569.25,1,0,0,0,0,1,90,331.0
flat,dlf belvedere towers,sector 25,3.4,13765.182186234817,2470.0,Carpet area: 2470 (229.47 sq.m.),4,4,3,1.0,South-East,Old Property,,,2470.0,0,1,0,0,0,0,26,617.5
flat,apartment,sector 92,0.75,4687.5,1600.0,Carpet area: 1600 (148.64 sq.m.),3,4,3,2.0,East,Moderately Old,,,1600.0,1,0,0,0,0,0,113,533.3333333333334
flat,sare homes,sector 92,0.65,4587.155963302752,1417.0,Carpet area: 1417 (131.64 sq.m.),3,3,2,3.0,,Relatively New,,,1417.0,0,0,0,0,0,0,6,472.3333333333333
flat,shapoorji pallonji joyville gurugram,sector 102,2.04,14068.965517241379,1450.0,Super Built up area 1852(172.06 sq.m.)Carpet area: 1450 sq.ft. (134.71 sq.m.),3,3,3+,1.0,South,Relatively New,1852.0,,1450.0,0,0,0,0,0,0,72,483.3333333333333
flat,the penthouses at the hibiscus,sector 50,8.5,8500.0,10000.0,Carpet area: 10000 (929.03 sq.m.),4,4,3,9.0,South-East,Moderately Old,,,10000.0,0,1,0,0,0,0,35,2500.0
flat,sare crescent parc,sector 92,0.8,4210.526315789473,1900.0,Super Built up area 1900(176.52 sq.m.),4,3,2,10.0,East,Relatively New,1900.0,,,0,0,0,0,1,0,37,475.0
flat,vatika lifestyle homes,sector 83,1.15,6552.706552706552,1755.0,Super Built up area 1755(163.04 sq.m.),3,2,3,15.0,,Relatively New,1755.0,,,0,0,0,0,0,0,37,585.0
flat,bestech park view residency,sector 2,1.51,7868.6816050026055,1919.0,Super Built up area 1920(178.37 sq.m.),3,4,3+,7.0,South-West,Moderately Old,1920.0,,,0,1,0,0,0,1,84,639.6666666666666
flat,tulip orange,sector 70,1.0,10309.278350515464,970.0,Carpet area: 970 (90.12 sq.m.),3,2,2,3.0,,Moderately Old,,,970.0,0,0,0,0,0,0,58,323.3333333333333
flat,puri diplomatic greens,sector 111,2.58,11727.272727272728,2200.0,Super Built up area 2200(204.39 sq.m.),3,4,2,9.0,East,Relatively New,2200.0,,,0,1,0,0,0,0,101,733.3333333333334
flat,signature andour heights,sector 71,0.39,9848.484848484848,396.0,Super Built up area 325(30.19 sq.m.),1,1,2,1.0,,New Property,325.0,,,0,0,0,0,0,0,0,396.0
flat,dlf regency park,sector 28,2.3,11819.116135662898,1946.0,Built Up area: 1777 (165.09 sq.m.),3,3,3,7.0,North-East,Moderately Old,,1777.0,,0,1,0,0,0,0,117,648.6666666666666
house,ss aaron ville,sector 49,6.75,15000.0,4500.0,Built Up area: 4500 (418.06 sq.m.),5,4,2,2.0,North,New Property,,4500.0,,0,0,0,0,1,0,49,900.0
flat,ansal heights,sector 92,0.72,4500.0,1600.0,Super Built up area 1935(179.77 sq.m.)Built Up area: 1700 sq.ft. (157.94 sq.m.)Carpet area: 1600 sq.ft. (148.64 sq.m.),3,3,3,9.0,South-West,Relatively New,1935.0,1700.0,1600.0,0,1,0,0,0,0,49,533.3333333333334
flat,suncity avenue 76,sector 76,0.75,10204.081632653062,735.0,Super Built up area 735(68.28 sq.m.),2,2,2,11.0,,Under Construction,735.0,,,0,0,0,0,0,0,57,367.5
flat,pioneer urban presidia,sector 62,7.15,16486.050265160247,4337.0,Super Built up area 4337(402.92 sq.m.),4,5,3+,7.0,East,Relatively New,4337.0,,,1,1,1,0,0,1,158,1084.25
house,ansal heights,sector 92,2.75,9793.447293447294,2808.0,Plot area 312(260.87 sq.m.)Built Up area: 5000 sq.yards (4180.64 sq.m.),4,4,3+,3.0,,Relatively New,,5000.0,,1,0,0,1,0,0,0,702.0
flat,tulip violet,sector 69,1.2,10909.09090909091,1100.0,Built Up area: 1100 (102.19 sq.m.),2,3,0,0.0,,Undefined,,1100.0,,0,0,0,0,0,0,54,550.0
flat,godrej,sector 79,1.91,8511.586452762924,2244.0,Super Built up area 2244(208.47 sq.m.),3,4,3+,7.0,North-East,Relatively New,2244.0,,,0,1,0,0,0,0,158,748.0
flat,kendriya vihar,sector 56,0.47,7768.5950413223145,605.0,Carpet area: 605 (56.21 sq.m.),1,1,1,3.0,,Old Property,,,605.0,0,0,0,0,0,1,52,605.0
flat,corona gracieux,sector 76,0.75,5660.377358490566,1325.0,Super Built up area 1325(123.1 sq.m.),2,2,3,13.0,,Relatively New,1325.0,,,0,0,0,0,0,1,0,662.5
house,independent,sector 3,0.8,8154.943934760448,981.0,Plot area 109(91.14 sq.m.),2,4,1,2.0,,Moderately Old,,109.0,,0,0,0,0,0,0,0,490.5
flat,ats kocoon,sector 109,2.22,10596.658711217184,2095.0,Super Built up area 2095(194.63 sq.m.)Built Up area: 1860 sq.ft. (172.8 sq.m.),3,4,3,14.0,East,Relatively New,2095.0,1860.0,,1,1,1,1,0,0,45,698.3333333333334
flat,bptp freedom park life,sector 57,2.5,11111.111111111111,2250.0,Super Built up area 2250(209.03 sq.m.),3,3,3,9.0,,Moderately Old,2250.0,,,0,0,0,0,0,0,55,750.0
house,independent,sector 55,4.6,21296.296296296296,2160.0,Plot area 240(200.67 sq.m.),3,3,3+,2.0,North,Old Property,,240.0,,0,1,1,1,0,1,37,720.0
flat,the lions cghs,sector 56,1.99,11055.555555555555,1800.0,Super Built up area 2400(222.97 sq.m.)Built Up area: 2000 sq.ft. (185.81 sq.m.)Carpet area: 1800 sq.ft. (167.23 sq.m.),4,4,3+,4.0,East,Old Property,2400.0,2000.0,1800.0,0,0,0,1,1,1,105,450.0
house,my home,sector 110,0.34,12592.592592592593,270.0,Plot area 270(25.08 sq.m.),2,2,2,3.0,West,Moderately Old,,270.0,,0,0,0,0,0,0,22,135.0
house,independent,sector 105,0.35,7777.777777777777,450.0,Carpet area: 500 (46.45 sq.m.),2,2,1,2.0,East,Undefined,,,500.0,0,0,0,0,0,0,0,225.0
flat,emaar mgf emerald estate,sector 65,1.7,21013.597033374535,809.0,Super Built up area 1395(129.6 sq.m.)Carpet area: 809 sq.ft. (75.16 sq.m.),3,3,3,7.0,South-East,Relatively New,1395.0,,809.0,1,0,0,0,0,1,116,269.6666666666667
house,sheetla enclave,sector 5,0.96,10000.0,960.0,Plot area 945(87.79 sq.m.),2,4,2,3.0,,Moderately Old,,945.0,,0,0,1,1,0,1,0,480.0
flat,orchid petals,sector 49,2.51,12178.55409995148,2061.0,Super Built up area 2061(191.47 sq.m.),3,3,3+,7.0,East,Old Property,2061.0,,,1,0,0,0,0,1,72,687.0
flat,vatika lifestyle homes,sector 83,1.3,4545.454545454545,2860.0,Super Built up area 2860(265.7 sq.m.),3,3,1,6.0,North-West,Relatively New,2860.0,,,0,0,0,0,0,0,79,953.3333333333334
flat,sobha city,sector 108,3.35,13267.326732673268,2525.0,Super Built up area 2072.9(192.58 sq.m.),3,4,2,19.0,,New Property,2072.9,,,0,0,0,0,0,0,102,841.6666666666666
house,independent,sector 2,5.6,17283.95061728395,3240.0,Plot area 360(301.01 sq.m.),8,6,3+,,South-West,Moderately Old,,360.0,,1,1,1,1,0,0,0,405.0
house,palam vihar extension west zone rwa,sector 2,0.65,5777.777777777777,1125.0,Plot area 1125(104.52 sq.m.),2,2,1,1.0,North,Moderately Old,,1125.0,,0,0,1,0,0,0,23,562.5
flat,ansal heights 86,sector 86,0.78,5735.294117647059,1360.0,Built Up area: 1360 (126.35 sq.m.),2,2,2,8.0,North,New Property,,1360.0,,0,0,0,0,0,0,72,680.0
flat,dlf the skycourt,sector 86,1.5,7776.049766718507,1929.0,Super Built up area 1929(179.21 sq.m.)Built Up area: 1550 sq.ft. (144 sq.m.)Carpet area: 1330 sq.ft. (123.56 sq.m.),3,3,1,15.0,South-East,Relatively New,1929.0,1550.0,1330.0,0,0,0,0,0,0,159,643.0
flat,tulip violet,sector 69,2.05,9951.456310679612,2060.0,Super Built up area 2087(193.89 sq.m.),4,4,2,0.0,North-West,Relatively New,2087.0,,,0,0,0,0,0,0,157,515.0
flat,bestech park view spa next,sector 67,2.85,12127.659574468085,2350.0,Super Built up area 2350(218.32 sq.m.),4,4,3+,5.0,South,Moderately Old,2350.0,,,0,1,0,1,0,1,149,587.5
flat,signature global park,sohna road,0.79,7308.048103607771,1081.0,Super Built up area 1081(100.43 sq.m.),3,2,3+,4.0,,Under Construction,1081.0,,,0,0,0,0,0,0,109,360.3333333333333
house,independent,sector 105,0.7,5833.333333333333,1200.0,Built Up area: 1200 (111.48 sq.m.),3,2,2,1.0,,Undefined,,1200.0,,0,0,0,0,0,0,0,400.0
flat,ss,sector 85,1.18,7168.894289185905,1646.0,Super Built up area 1640(152.36 sq.m.)Built Up area: 1630 sq.ft. (151.43 sq.m.)Carpet area: 1620 sq.ft. (150.5 sq.m.),2,2,3,4.0,West,Relatively New,1640.0,1630.0,1620.0,0,0,0,0,0,0,49,823.0
flat,ansal heights 86,sector 86,0.9,5325.443786982249,1690.0,Built Up area: 1690 (157.01 sq.m.),3,3,2,10.0,,New Property,,1690.0,,0,0,0,0,0,0,29,563.3333333333334
house,independent,sector 82,7.5,23148.14814814815,3240.0,Plot area 360(301.01 sq.m.),5,5,3+,2.0,East,Relatively New,,360.0,,0,1,0,1,0,1,135,648.0
flat,ireo victory valley,sector 67,4.55,14536.741214057509,3130.0,Super Built up area 3130(290.79 sq.m.),4,4,3+,19.0,South,Relatively New,3130.0,,,0,1,0,0,0,1,156,782.5
house,independent,sector 43,3.35,26972.624798711757,1242.0,Plot area 138(115.39 sq.m.),1,1,0,1.0,East,Old Property,,138.0,,0,0,0,0,0,0,9,1242.0
flat,sare green parc phase 3,sector 92,0.7,5279.034690799396,1326.0,Super Built up area 1326(123.19 sq.m.)Built Up area: 1325 sq.ft. (123.1 sq.m.)Carpet area: 1320 sq.ft. (122.63 sq.m.),3,2,2,4.0,,Relatively New,1326.0,1325.0,1320.0,0,0,0,0,0,0,56,442.0
house,independent,sector 4,3.2,14222.222222222223,2250.0,Plot area 250(209.03 sq.m.),3,3,2,2.0,,Old Property,,250.0,,0,0,0,0,0,0,13,750.0
flat,signature global synera,sector 81,0.49,6666.666666666667,735.0,Super Built up area 735(68.28 sq.m.)Built Up area: 700 sq.ft. (65.03 sq.m.)Carpet area: 635 sq.ft. (58.99 sq.m.),2,2,3,5.0,South,Relatively New,735.0,700.0,635.0,0,0,0,0,0,0,117,367.5
flat,ss the leaf,sector 85,2.2,6933.501418216199,3173.0,Super Built up area 2812(261.24 sq.m.),4,5,3+,4.0,East,Relatively New,2812.0,,,0,0,0,0,0,0,106,793.25
flat,the close north,sector 50,2.92,11209.213051823417,2605.0,Super Built up area 2605(242.01 sq.m.)Built Up area: 2600 sq.ft. (241.55 sq.m.)Carpet area: 2100 sq.ft. (195.1 sq.m.),3,3,3,10.0,North,Moderately Old,2605.0,2600.0,2100.0,0,1,0,0,0,1,174,868.3333333333334
flat,orris aster court premier,sector 85,1.25,5896.226415094339,2120.0,Super Built up area 2120(196.95 sq.m.)Built Up area: 1900 sq.ft. (176.52 sq.m.)Carpet area: 1800 sq.ft. (167.23 sq.m.),3,4,2,5.0,North,Relatively New,2120.0,1900.0,1800.0,0,1,0,0,0,1,174,706.6666666666666
flat,pioneer araya,sector 62,7.56,18000.0,4200.0,Built Up area: 4200 (390.19 sq.m.),4,4,3+,23.0,West,Relatively New,,4200.0,,0,1,0,1,0,1,87,1050.0
house,satya the legend,sector 57,9.25,16577.060931899643,5580.0,Plot area 642(536.79 sq.m.)Built Up area: 630 sq.yards (526.76 sq.m.)Carpet area: 620 sq.yards (518.4 sq.m.),5,5,3+,4.0,North-East,Relatively New,,630.0,620.0,1,1,1,1,0,1,160,1116.0
flat,ild greens,sector 37c,1.0,4319.654427645788,2315.0,Super Built up area 1875(174.19 sq.m.),3,3,3+,5.0,North,Under Construction,1875.0,,,0,0,0,0,0,0,51,771.6666666666666
flat,corona optus,sector 37c,1.27,7232.346241457859,1756.0,Super Built up area 1763(163.79 sq.m.),3,3,3,2.0,South,Relatively New,1763.0,,,0,0,0,0,1,0,49,585.3333333333334
flat,signature global orchard avenue,sector 93,0.85,14237.85594639866,597.0,Built Up area: 597 (55.46 sq.m.),2,2,0,10.0,,Undefined,,597.0,,0,0,0,0,0,0,0,298.5
flat,smart world gems,sector 89,1.71,12000.0,1425.0,Built Up area: 1423 (132.2 sq.m.),3,2,0,3.0,,Undefined,,1423.0,,0,0,0,0,0,0,45,475.0
flat,signature global park,sohna road,0.54,7200.0,750.0,Carpet area: 750 (69.68 sq.m.),2,2,2,4.0,North-East,Under Construction,,,750.0,0,0,0,0,0,0,111,375.0
house,dlf city plots phase 2,sector 25,10.5,29021.55887230514,3618.0,Plot area 402(37.35 sq.m.),4,4,2,2.0,East,Old Property,,402.0,,0,1,0,1,0,1,91,904.5
flat,sare crescent parc,sector 92,0.5,5000.0,1000.0,Super Built up area 1000(92.9 sq.m.),2,2,3,2.0,,Moderately Old,1000.0,,,0,0,0,0,0,0,38,500.0
house,dlf city phase 1,sector 26,5.5,30555.555555555555,1800.0,Plot area 200(167.23 sq.m.),4,4,3+,2.0,East,Moderately Old,,200.0,,0,0,1,1,0,0,49,450.0
flat,pivotal devaan,sector 84,0.34,5831.903945111492,583.0,Super Built up area 583(54.16 sq.m.)Carpet area: 484 sq.ft. (44.97 sq.m.),2,2,1,3.0,East,Relatively New,583.0,,484.0,0,0,1,0,0,0,75,291.5
flat,adani brahma samsara vilasa,sector 63,3.35,16470.00983284169,2034.0,Super Built up area 2034(188.96 sq.m.),3,3,3+,3.0,,New Property,2034.0,,,0,0,0,0,0,1,16,678.0
flat,dlf express greens,manesar,1.6,6808.510638297872,2350.0,Carpet area: 2350 (218.32 sq.m.),4,6,3+,4.0,North-East,Relatively New,,,2350.0,1,1,0,1,0,0,49,587.5
flat,smart world orchard,sector 61,2.0,12911.555842479018,1549.0,Carpet area: 1549 (143.91 sq.m.),3,3,2,3.0,,New Property,,,1549.0,0,0,0,0,1,0,61,516.3333333333334
flat,emaar mgf palm hills,sector 77,1.9,9500.0,2000.0,Super Built up area 2000(185.81 sq.m.)Carpet area: 1218.03 sq.ft. (113.16 sq.m.),3,4,3+,6.0,South-West,New Property,2000.0,,1218.03,0,1,0,0,0,1,42,666.6666666666666
flat,puri emerald bay,sector 104,1.5,9677.41935483871,1550.0,Super Built up area 1550(144 sq.m.),2,2,2,7.0,,Under Construction,1550.0,,,0,0,0,0,1,0,43,775.0
house,unitech uniworld resorts,sector 33,9.5,23335.789732252517,4071.0,Plot area 500(418.06 sq.m.),5,7,3+,2.0,East,Undefined,,500.0,,1,1,1,1,0,0,57,814.2
flat,czar mahira homes 63a,sector 63a,0.42,7407.407407407408,567.0,Carpet area: 567 (52.68 sq.m.),3,2,2,1.0,,Undefined,,,567.0,0,0,0,0,0,0,0,189.0
flat,bestech park view residency,sector 2,1.55,8072.916666666667,1920.0,Super Built up area 1920(178.37 sq.m.),3,4,3+,10.0,East,Moderately Old,1920.0,,,0,1,0,0,0,0,100,640.0
house,independent,sector 2,4.95,20370.37037037037,2430.0,Plot area 270(225.75 sq.m.),6,5,3+,3.0,West,Relatively New,,270.0,,0,1,0,0,0,0,91,405.0
flat,ss the leaf,sector 85,1.14,6951.219512195122,1640.0,Super Built up area 1640(152.36 sq.m.),2,2,3,4.0,South,Relatively New,1640.0,,,0,0,0,0,0,0,109,820.0
flat,emaar palm gardens,sector 83,1.76,9263.157894736842,1900.0,Super Built up area 1900(176.52 sq.m.)Built Up area: 1500 sq.ft. (139.35 sq.m.)Carpet area: 1240 sq.ft. (115.2 sq.m.),3,3,3,6.0,North-West,Relatively New,1900.0,1500.0,1240.0,0,1,0,0,0,1,165,633.3333333333334
house,independent,sector 31,3.5,24154.589371980677,1449.0,Plot area 161(134.62 sq.m.),4,4,3,2.0,North-East,Old Property,,161.0,,0,0,1,0,0,1,70,362.25
house,bptp visionnaire,sector 70a,4.02,7309.090909090909,5500.0,Built Up area: 5500 (510.97 sq.m.),4,4,3+,3.0,North-East,Relatively New,,5500.0,,1,1,1,1,0,0,138,1375.0
flat,la vida by tata housing,sector 113,1.55,11654.135338345865,1330.0,Super Built up area 1330(123.56 sq.m.)Built Up area: 1276 sq.ft. (118.54 sq.m.)Carpet area: 1180 sq.ft. (109.63 sq.m.),2,2,3,2.0,North-East,New Property,1330.0,1276.0,1180.0,0,0,0,0,0,0,174,665.0
flat,avl 36 gurgaon,sector 36a,0.45,9000.0,500.0,Super Built up area 500(46.45 sq.m.),1,1,1,9.0,,Relatively New,500.0,,,0,0,0,0,0,0,0,500.0
flat,paras dews,sector 106,1.1,9734.513274336283,1130.0,Super Built up area 1760(163.51 sq.m.)Built Up area: 1186 sq.ft. (110.18 sq.m.)Carpet area: 1130 sq.ft. (104.98 sq.m.),3,4,3+,8.0,North-West,Relatively New,1760.0,1186.0,1130.0,0,1,0,0,0,1,174,376.6666666666667
flat,m3m heights,sector 65,2.0,13956.734124214934,1433.0,Built Up area: 1433 (133.13 sq.m.)Carpet area: 1000 sq.ft. (92.9 sq.m.),2,2,2,32.0,,Undefined,,1433.0,1000.0,0,0,0,0,0,0,48,716.5
flat,experion the heartsong,sector 108,0.98,13351.49863760218,734.0,Super Built up area 1283(119.19 sq.m.)Built Up area: 978.23 sq.ft. (90.88 sq.m.)Carpet area: 734.43 sq.ft. (68.23 sq.m.),2,3,3,4.0,East,Relatively New,1283.0,978.23,734.43,1,0,0,0,0,0,135,367.0
flat,ansal api esencia,sector 67,1.0,6435.006435006435,1554.0,Super Built up area 1554(144.37 sq.m.),3,3,3+,2.0,,Moderately Old,1554.0,,,0,0,0,0,0,0,9,518.0
flat,laxmi apartment sector 99a gurgaon,sector 99a,0.3,4615.384615384615,650.0,Super Built up area 650(60.39 sq.m.)Carpet area: 550 sq.ft. (51.1 sq.m.),2,2,1,4.0,,New Property,650.0,,550.0,0,0,0,0,0,0,44,325.0
flat,umang winter hills,sector 77,1.0,7501.875468867217,1333.0,Carpet area: 1340 (124.49 sq.m.),2,2,2,3.0,,New Property,,,1340.0,0,0,0,0,0,0,74,666.5
flat,ss the leaf,sector 85,1.98,8256.880733944954,2398.0,Super Built up area 2408(223.71 sq.m.)Built Up area: 2399 sq.ft. (222.87 sq.m.)Carpet area: 2398 sq.ft. (222.78 sq.m.),3,4,3,12.0,West,Relatively New,2408.0,2399.0,2398.0,0,0,1,0,0,0,174,799.3333333333334
flat,umang monsoon breeze,sector 78,1.25,5000.0,2500.0,Super Built up area 2350(218.32 sq.m.)Built Up area: 2300 sq.ft. (213.68 sq.m.)Carpet area: 2000 sq.ft. (185.81 sq.m.),4,4,3,2.0,East,Relatively New,2350.0,2300.0,2000.0,0,1,0,1,1,0,57,625.0
flat,sare homes,sector 92,0.68,5238.828967642527,1298.0,Carpet area: 1298 (120.59 sq.m.),3,3,2,11.0,North-West,Relatively New,,,1298.0,0,0,0,1,0,0,100,432.6666666666667
flat,signature global city 92,sector 92,0.99,6622.0735785953175,1495.0,Carpet area: 1495 (138.89 sq.m.),3,2,3,1.0,East,New Property,,,1495.0,0,0,0,0,1,0,37,498.3333333333333
flat,shapoorji pallonji joyville gurugram,sector 102,1.42,10380.116959064328,1368.0,Built Up area: 1368 (127.09 sq.m.),2,2,3,14.0,,Undefined,,1368.0,,0,0,0,0,0,0,0,684.0
flat,m3m skywalk,sector 74,1.54,10814.606741573034,1424.0,Super Built up area 1424(132.29 sq.m.)Built Up area: 1200 sq.ft. (111.48 sq.m.)Carpet area: 1139 sq.ft. (105.82 sq.m.),2,2,3+,15.0,South-East,Relatively New,1424.0,1200.0,1139.0,0,0,0,0,1,0,137,712.0
flat,m3m merlin,sector 67,2.65,12945.774303859307,2047.0,Super Built up area 2047(190.17 sq.m.)Built Up area: 1900 sq.ft. (176.52 sq.m.)Carpet area: 1700 sq.ft. (157.94 sq.m.),3,3,3,0.0,North-East,Relatively New,2047.0,1900.0,1700.0,0,0,0,0,1,1,174,682.3333333333334
house,dlf city plots phase 2,sector 25,4.5,33333.333333333336,1350.0,Plot area 150(125.42 sq.m.),5,3,2,3.0,,Old Property,,150.0,,0,0,1,1,0,0,25,270.0
flat,godrej aria,sector 79,1.95,8519.003931847968,2289.0,Super Built up area 2289(212.66 sq.m.)Carpet area: 1121 sq.ft. (104.14 sq.m.),3,4,3+,10.0,,New Property,2289.0,,1121.0,0,1,0,0,0,0,32,763.0
flat,dlf regal gardens,sector 90,1.13,6647.058823529412,1700.0,Super Built up area 1730(160.72 sq.m.),3,3,3+,8.0,North,Relatively New,1730.0,,,0,0,0,0,1,0,72,566.6666666666666
house,bptp pedestal,sector 70a,0.9,7582.139848357203,1187.0,Carpet area: 1187 (110.28 sq.m.),2,2,3+,3.0,North-East,New Property,,,1187.0,0,1,0,0,1,0,153,593.5
flat,vatika the seven lamps,sector 82,0.85,6538.461538461538,1300.0,Super Built up area 1300(120.77 sq.m.),2,2,2,0.0,East,Relatively New,1300.0,,,0,0,0,0,0,1,49,650.0
flat,rof ananda,sector 95,0.33,60.0,55000.0,Carpet area: 54917 (5101.96 sq.m.),2,2,1,13.0,South-West,Relatively New,,,54917.0,0,0,0,0,0,0,37,27500.0
flat,la vida by tata housing,sector 113,2.85,12855.209742895806,2217.0,Super Built up area 2217(205.97 sq.m.),3,3,3+,10.0,East,New Property,2217.0,,,0,1,0,0,0,0,72,739.0
flat,dlf new town heights,sector 90,1.9,5683.517798384684,3343.0,Super Built up area 2727(253.35 sq.m.),4,4,3+,7.0,North-West,Relatively New,2727.0,,,0,1,0,1,0,0,88,835.75
flat,kw royal court,sector 39,2.0,6250.0,3200.0,Carpet area: 3200 (297.29 sq.m.),5,4,3,9.0,East,Old Property,,,3200.0,0,1,0,0,0,2,49,640.0
house,sare crescent parc royal greens phase 1,sector 92,0.85,4876.649454962708,1743.0,Built Up area: 1743 (161.93 sq.m.),4,4,3,4.0,,Undefined,,1743.0,,0,0,0,0,0,0,0,435.75
house,independent,sector 26,18.25,18250.0,10000.0,Plot area 550(51.1 sq.m.)Carpet area: 10000 sq.ft. (929.03 sq.m.),7,9,3+,4.0,East,Relatively New,,,10000.0,1,1,1,1,0,1,77,1428.5714285714287
flat,shree vardhman flora,sector 90,0.95,6333.333333333333,1500.0,Carpet area: 1500 (139.35 sq.m.),3,3,3,9.0,South-East,Relatively New,,,1500.0,0,1,0,0,0,0,90,500.0
flat,shree vardhman victoria,sector 70,1.55,7948.717948717948,1950.0,Super Built up area 1950(181.16 sq.m.)Carpet area: 1161 sq.ft. (107.86 sq.m.),3,3,3,6.0,South-East,Relatively New,1950.0,,1161.0,1,1,0,1,1,0,49,650.0
flat,emaar mgf palm studios,sector 66,1.45,14795.918367346938,980.0,Super Built up area 1188(110.37 sq.m.)Carpet area: 980 sq.ft. (91.04 sq.m.),2,2,3,3.0,East,Relatively New,1188.0,,980.0,0,0,0,0,0,0,92,490.0
flat,vatika xpressions,sector 88b,0.92,7360.0,1250.0,Super Built up area 1350(125.42 sq.m.)Built Up area: 1300 sq.ft. (120.77 sq.m.)Carpet area: 1250 sq.ft. (116.13 sq.m.),2,2,2,3.0,North,Relatively New,1350.0,1300.0,1250.0,0,0,0,1,0,0,174,625.0
flat,pivotal devaan,sector 84,0.35,6003.430531732419,583.0,Super Built up area 583(54.16 sq.m.),2,2,1,4.0,East,Relatively New,583.0,,,0,0,0,0,0,0,37,291.5
flat,ats tourmaline,sector 109,1.5,6976.7441860465115,2150.0,Super Built up area 2150(199.74 sq.m.)Built Up area: 1797 sq.ft. (166.95 sq.m.)Carpet area: 1670 sq.ft. (155.15 sq.m.),3,4,3+,4.0,North-West,Relatively New,2150.0,1797.0,1670.0,0,1,0,0,0,0,39,716.6666666666666
flat,ambience creacions,sector 22,2.0,14492.753623188406,1380.0,Carpet area: 1380 (128.21 sq.m.),2,2,2,9.0,East,Relatively New,,,1380.0,0,0,0,0,0,0,49,690.0
flat,emaar mgf emerald floors premier,sector 65,2.35,14242.424242424242,1650.0,Carpet area: 1650 (153.29 sq.m.),3,3,3,3.0,East,Relatively New,,,1650.0,1,1,0,0,0,1,124,550.0
flat,shapoorji pallonji joyville gurugram,sector 102,1.95,17287.23404255319,1128.0,Super Built up area 1852(172.06 sq.m.)Carpet area: 1128.09 sq.ft. (104.8 sq.m.),3,3,3,12.0,North-East,New Property,1852.0,,1128.09,0,0,1,0,0,0,72,376.0
flat,godrej summit,sector 104,0.82,9855.76923076923,832.0,Carpet area: 77.31,2,2,3,12.0,,Relatively New,,,77.31,1,0,0,0,0,0,120,416.0
flat,chd avenue,sector 71,1.25,6596.306068601583,1895.0,Super Built up area 1743(161.93 sq.m.),3,4,2,14.0,North-East,Relatively New,1743.0,,,1,1,0,1,1,2,128,631.6666666666666
flat,pareena coban residences,sector 99a,1.23,6159.238858287431,1997.0,Super Built up area 1997(185.53 sq.m.),3,5,3,5.0,North-East,Relatively New,1997.0,,,0,1,0,0,0,0,99,665.6666666666666
flat,raheja atlantis,sector 31,5.5,18688.41318382603,2943.0,Super Built up area 2943(273.41 sq.m.),4,5,3+,1.0,North,Relatively New,2943.0,,,1,1,0,1,0,0,81,735.75
flat,la vida by tata housing,sector 113,2.7,16363.636363636364,1650.0,Built Up area: 2217 (205.97 sq.m.)Carpet area: 1650 sq.ft. (153.29 sq.m.),3,4,3+,4.0,North-West,Relatively New,,2217.0,1650.0,0,1,0,0,0,1,49,550.0
house,vatika india next,sector 82,7.0,21604.938271604937,3240.0,Plot area 360(33.45 sq.m.)Built Up area: 3900 sq.ft. (362.32 sq.m.)Carpet area: 3743 sq.ft. (347.74 sq.m.),4,4,3+,3.0,North-East,Relatively New,,3900.0,3743.0,0,1,0,0,0,2,105,810.0
flat,capital residences 360,sector 70a,1.69,8552.631578947368,1976.0,Super Built up area 1976(183.58 sq.m.)Built Up area: 1900 sq.ft. (176.52 sq.m.)Carpet area: 1650 sq.ft. (153.29 sq.m.),3,3,3+,8.0,North-East,New Property,1976.0,1900.0,1650.0,0,1,0,0,0,0,165,658.6666666666666
flat,emaar gurgaon greens,sector 102,1.35,8181.818181818182,1650.0,Super Built up area 1650(153.29 sq.m.)Carpet area: 1022.58 sq.ft. (95 sq.m.),3,3,3,9.0,North-East,Relatively New,1650.0,,1022.58,0,1,0,0,0,0,100,550.0
flat,raheja vanya,sector 99a,0.85,6789.137380191693,1252.0,Super Built up area 1252(116.31 sq.m.),2,2,2,3.0,West,New Property,1252.0,,,0,0,0,0,0,0,43,626.0
house,ansals florence villa,sector 57,6.0,22222.222222222223,2700.0,Plot area 300(250.84 sq.m.),4,5,2,2.0,,Old Property,,300.0,,0,1,0,1,0,1,20,675.0
flat,signature global park,sohna road,0.95,7844.7563996696945,1211.0,Built Up area: 1210.73 (112.48 sq.m.)Carpet area: 756.6 sq.ft. (70.29 sq.m.),3,2,3+,1.0,,Relatively New,,1210.723472,756.6,0,0,0,0,0,0,46,403.6666666666667
flat,signature global park 4,sector 36,1.0,9900.990099009901,1010.0,Carpet area: 1010 (93.83 sq.m.),3,2,3,2.0,,New Property,,,1010.0,0,0,0,0,0,0,128,336.6666666666667
house,unitech espace,sector 50,11.5,35493.82716049383,3240.0,Built Up area: 3240 (301.01 sq.m.),5,6,0,1.0,North-West,Undefined,,3240.0,,0,0,0,0,0,0,0,648.0
flat,microtek greenburg,sector 86,1.45,9797.297297297297,1480.0,Built Up area: 1480 (137.5 sq.m.)Carpet area: 1050 sq.ft. (97.55 sq.m.),3,2,3,8.0,North-East,Relatively New,,1480.0,1050.0,0,0,0,0,0,2,72,493.3333333333333
flat,the close north,sector 50,2.35,11358.144030932817,2069.0,Super Built up area 2069(192.22 sq.m.)Built Up area: 1900 sq.ft. (176.52 sq.m.)Carpet area: 1800 sq.ft. (167.23 sq.m.),3,3,3,8.0,North-West,Moderately Old,2069.0,1900.0,1800.0,0,0,0,0,0,1,49,689.6666666666666
flat,rof aalayas,sector 102,0.45,8411.214953271028,535.0,Super Built up area 597(55.46 sq.m.)Carpet area: 535.4 sq.ft. (49.74 sq.m.),2,2,1,14.0,North,Relatively New,597.0,,535.4,0,0,0,0,0,2,57,267.5
house,independent,sector 2,3.65,23442.51766217084,1557.0,Plot area 173(144.65 sq.m.),3,9,3+,3.0,West,New Property,,173.0,,0,1,0,1,0,1,116,519.0
flat,zara aavaas,sector 104,0.22,7308.970099667774,301.0,Carpet area: 301.28 (27.99 sq.m.),1,2,2,2.0,,New Property,,,301.28156099999995,0,0,0,0,0,0,60,301.0
flat,shree vardhman victoria,sector 70,1.9,9743.589743589744,1950.0,Super Built up area 1950(181.16 sq.m.),3,3,3,10.0,North-East,New Property,1950.0,,,0,1,1,1,1,0,36,650.0
flat,emaar digihomes,sector 62,4.25,26562.5,1600.0,Carpet area: 1600 (148.64 sq.m.),3,3,3,8.0,,Under Construction,,,1600.0,1,0,0,0,0,0,16,533.3333333333334
flat,beverley park 1,sector 43,8.44,16230.76923076923,5200.0,Super Built up area 5200(483.1 sq.m.)Built Up area: 5000 sq.ft. (464.52 sq.m.)Carpet area: 4900 sq.ft. (455.22 sq.m.),4,5,3,9.0,North-East,Moderately Old,5200.0,5000.0,4900.0,0,1,0,0,0,2,117,1300.0
flat,dlf regal gardens,sector 90,1.17,6708.715596330275,1744.0,Super Built up area 1744(162.02 sq.m.)Built Up area: 1630 sq.ft. (151.43 sq.m.)Carpet area: 1290 sq.ft. (119.84 sq.m.),3,3,3,15.0,North,Relatively New,1744.0,1630.0,1290.0,0,0,0,0,0,1,136,581.3333333333334
house,unitech uniworld resorts,sector 33,10.0,20202.0202020202,4950.0,Plot area 550(51.1 sq.m.),5,6,3,4.0,North-East,New Property,,550.0,,1,1,0,0,0,0,26,990.0
flat,dlf the ultima,sector 81,2.25,10553.470919324578,2132.0,Super Built up area 2132(198.07 sq.m.),3,3,3+,15.0,North-East,Relatively New,2132.0,,,0,1,0,0,0,2,165,710.6666666666666
flat,paras dews,sector 106,1.42,6029.723991507431,2355.0,Super Built up area 2355(218.79 sq.m.),4,6,3+,11.0,North-East,Relatively New,2355.0,,,0,1,0,0,0,0,143,588.75
flat,emaar digihomes,sector 62,4.0,14869.888475836431,2690.0,Super Built up area 2588.79(240.51 sq.m.),3,3,3,18.0,North,New Property,2588.79,,,0,1,0,0,0,1,38,896.6666666666666
flat,dlf the icon,sector 43,6.0,26086.956521739132,2300.0,Carpet area: 2300 (213.68 sq.m.),4,4,3+,18.0,North-East,Old Property,,,2300.0,0,1,0,0,0,1,150,575.0
house,ansals florence villa,sector 57,3.3,19819.81981981982,1665.0,Plot area 185(154.68 sq.m.),4,3,3+,2.0,East,Moderately Old,,185.0,,1,1,1,1,0,0,151,416.25
house,independent,sector 43,5.75,29715.762273901808,1935.0,Plot area 215(179.77 sq.m.),4,4,2,2.0,North,Old Property,,215.0,,0,1,1,1,0,0,34,483.75
flat,krrish florence estate,sector 70,1.65,7764.705882352941,2125.0,Super Built up area 2125(197.42 sq.m.),3,4,3+,27.0,North-East,New Property,2125.0,,,1,1,0,0,0,0,81,708.3333333333334
flat,imperia the esfera,sector 37c,1.1,5405.405405405405,2035.0,Super Built up area 2035(189.06 sq.m.)Carpet area: 1760 sq.ft. (163.51 sq.m.),3,4,3,9.0,West,Relatively New,2035.0,,1760.0,1,1,0,0,0,0,49,678.3333333333334
house,suncity essel towers,sector 28,6.0,22222.222222222223,2700.0,Plot area 300(250.84 sq.m.),4,4,3+,3.0,East,Old Property,,300.0,,1,0,0,0,0,1,89,675.0
flat,dlf new town heights,sector 90,1.65,5683.775404753703,2903.0,Super Built up area 2727(253.35 sq.m.),4,4,3+,7.0,South,Moderately Old,2727.0,,,0,0,0,0,0,0,117,725.75
flat,vipul world floors,sector 48,4.3,13870.967741935483,3100.0,Carpet area: 3100 (288 sq.m.),4,5,3+,4.0,East,New Property,,,3100.0,1,1,0,1,0,0,88,775.0
flat,dlf regal gardens,sector 90,1.75,7900.677200902935,2215.0,Super Built up area 2215(205.78 sq.m.),4,4,3+,3.0,East,Relatively New,2215.0,,,0,0,0,0,1,0,6,553.75
house,independent,sector 39,5.15,14071.03825136612,3660.0,Built Up area: 340,5,5,0,1.0,,Relatively New,,340.0,,0,0,0,0,0,0,0,732.0
flat,vatika the seven lamps,sector 82,1.0,6968.641114982578,1435.0,Super Built up area 1435(133.32 sq.m.),2,2,2,14.0,,Relatively New,1435.0,,,1,0,0,0,1,0,69,717.5
flat,hcbs sports ville,sohna road,0.32,4301.075268817204,744.0,Built Up area: 743.99 (69.12 sq.m.),2,2,1,3.0,,Relatively New,,744.000768,,0,0,0,0,0,0,109,372.0
house,independent,sector 13,2.25,6944.444444444444,3240.0,Carpet area: 360 (301.01 sq.m.),10,10,2,1.0,East,Undefined,,,360.0,0,0,0,0,0,0,0,324.0
flat,tulip violet,sector 69,1.52,9632.446134347276,1578.0,Super Built up area 1578(146.6 sq.m.),3,3,2,4.0,South-West,Relatively New,1578.0,,,0,0,0,1,0,1,156,526.0
flat,dlf regal gardens,sector 90,1.76,7945.823927765237,2215.0,Super Built up area 2215(205.78 sq.m.)Built Up area: 2020 sq.ft. (187.66 sq.m.)Carpet area: 1670 sq.ft. (155.15 sq.m.),4,4,3+,8.0,North,Relatively New,2215.0,2020.0,1670.0,0,0,0,0,0,1,135,553.75
house,independent,sector 7,1.0,8818.342151675484,1134.0,Plot area 126(11.71 sq.m.),2,2,0,0.0,,Old Property,,126.0,,1,0,0,0,0,0,7,567.0
house,independent,sector 12,1.2,14184.397163120568,846.0,Plot area 846(78.6 sq.m.)Built Up area: 846 sq.ft. (78.6 sq.m.),2,4,2,2.0,North,Relatively New,,846.0,,0,0,0,1,0,1,7,423.0
flat,dlf new town heights,sector 90,1.25,6476.683937823835,1930.0,Super Built up area 1930(179.3 sq.m.)Built Up area: 1929 sq.ft. (179.21 sq.m.)Carpet area: 1928 sq.ft. (179.12 sq.m.),3,3,3+,6.0,West,Relatively New,1930.0,1929.0,1928.0,0,1,0,1,0,0,136,643.3333333333334
flat,sare petioles,sector 92,1.3,6372.549019607844,2040.0,Built Up area: 2040 (189.52 sq.m.),4,4,0,7.0,,Undefined,,2040.0,,0,0,0,0,0,0,0,510.0
house,independent,sector 31,3.5,24154.589371980677,1449.0,Plot area 161(134.62 sq.m.),4,3,3,2.0,South-West,Moderately Old,,161.0,,0,0,1,0,0,1,81,362.25
flat,satya the hermitage,sector 103,0.8,5517.241379310345,1450.0,Built Up area: 1450 (134.71 sq.m.),2,2,0,10.0,,Undefined,,1450.0,,0,0,0,0,0,0,61,725.0
flat,emaar mgf the palm drive,sector 66,3.5,15901.862789641073,2201.0,Super Built up area 2201(204.48 sq.m.)Built Up area: 2200 sq.ft. (204.39 sq.m.)Carpet area: 1800 sq.ft. (167.23 sq.m.),3,3,2,4.0,South,Relatively New,2201.0,2200.0,1800.0,1,0,0,0,0,0,89,733.6666666666666
flat,m3m skywalk,sector 74,1.5,12500.0,1200.0,Super Built up area 1400(130.06 sq.m.)Built Up area: 1300 sq.ft. (120.77 sq.m.)Carpet area: 1200 sq.ft. (111.48 sq.m.),2,2,3,17.0,North-East,Relatively New,1400.0,1300.0,1200.0,0,0,1,0,0,0,174,600.0
flat,mvn athens,sohna road,0.25,4258.943781942078,587.0,Built Up area: 587 (54.53 sq.m.),2,2,1,0.0,,Relatively New,,587.0,,0,0,0,0,0,0,38,293.5
flat,mvn athens,sohna road,0.26,5394.190871369295,482.0,Carpet area: 481.73 (44.75 sq.m.),2,2,1,5.0,,Relatively New,,,481.684525,0,0,0,0,0,0,95,241.0
flat,ramsons kshitij,sector 95,0.33,3909.952606635071,844.0,Super Built up area 767(71.26 sq.m.),2,2,1,14.0,South,New Property,767.0,,,0,0,0,0,1,1,79,422.0
flat,la vida by tata housing,sector 113,1.32,10344.827586206897,1276.0,Super Built up area 1276(118.54 sq.m.)Built Up area: 1199 sq.ft. (111.39 sq.m.)Carpet area: 1099 sq.ft. (102.1 sq.m.),2,2,2,3.0,North-East,Relatively New,1276.0,1199.0,1099.0,0,0,0,0,0,0,49,638.0
flat,umang monsoon breeze,sector 78,1.15,5284.926470588235,2176.0,Super Built up area 2176(202.16 sq.m.),3,3,3,9.0,,Moderately Old,2176.0,,,0,1,0,0,1,0,22,725.3333333333334
flat,shree arihant apartment,sector 54,1.55,7380.952380952381,2100.0,Super Built up area 2100(195.1 sq.m.)Built Up area: 2000 sq.ft. (185.81 sq.m.)Carpet area: 1900 sq.ft. (176.52 sq.m.),3,3,3+,3.0,North-East,Moderately Old,2100.0,2000.0,1900.0,0,0,0,1,1,1,125,700.0
flat,experion the heartsong,sector 108,2.08,9904.761904761905,2100.0,Built Up area: 2631 (244.43 sq.m.)Carpet area: 2100 sq.ft. (195.1 sq.m.),4,4,3+,3.0,East,Relatively New,,2631.0,2100.0,0,1,0,0,0,0,126,525.0
house,independent,sector 9,0.22,7407.407407407408,297.0,Carpet area: 33 (27.59 sq.m.),2,2,2,1.0,,Undefined,,,33.0,0,0,0,0,0,0,0,148.5
flat,shree vardhman victoria,sector 70,1.1,8461.538461538461,1300.0,Carpet area: 1300 (120.77 sq.m.),2,2,2,8.0,North-East,Relatively New,,,1300.0,0,0,0,0,0,0,101,650.0
flat,sidhartha ncr one,sector 95,0.57,4178.885630498534,1364.0,Built Up area: 1364 (126.72 sq.m.)Carpet area: 1232 sq.ft. (114.46 sq.m.),2,2,2,10.0,,Undefined,,1364.0,1232.0,0,0,0,0,0,0,0,682.0
flat,dlf new town heights,sector 90,1.65,6979.6954314720815,2364.0,Super Built up area 2364(219.62 sq.m.),4,4,3+,15.0,South-East,Moderately Old,2364.0,,,0,1,0,0,0,1,137,591.0
flat,sare homes,sector 92,0.8,5252.790544977019,1523.0,Carpet area: 1523 (141.49 sq.m.),3,3,3,7.0,North-West,Relatively New,,,1523.0,1,0,0,0,0,1,80,507.6666666666667
flat,radhakrishna society,sector 23,0.55,5000.0,1100.0,Super Built up area 1100(102.19 sq.m.),2,2,1,1.0,West,Moderately Old,1100.0,,,0,0,0,0,0,1,29,550.0
flat,emaar palm gardens,sector 83,1.4,8139.53488372093,1720.0,Super Built up area 1720(159.79 sq.m.)Carpet area: 1095.3 sq.ft. (101.76 sq.m.),3,3,3,2.0,North-West,Relatively New,1720.0,,1095.3,1,1,1,1,0,1,174,573.3333333333334
flat,dlf garden city floors,sector 92,1.7,8585.858585858587,1980.0,Super Built up area 1630(151.43 sq.m.),3,4,2,1.0,,Undefined,1630.0,,,0,0,0,0,0,0,63,660.0
flat,pareena laxmi apartments,sector 99a,0.32,5786.618444846293,553.0,Super Built up area 553(51.38 sq.m.)Carpet area: 453.5 sq.ft. (42.13 sq.m.),2,2,2,11.0,,New Property,553.0,,453.5,0,0,0,0,0,0,66,276.5
house,jacob pura,sector 12,0.35,9722.222222222223,360.0,Built Up area: 360 (33.45 sq.m.),2,1,0,,,Old Property,,360.0,,0,0,0,0,0,0,0,180.0
flat,ardee city,sector 52,1.5,9146.341463414634,1640.0,Super Built up area 1640(152.36 sq.m.),4,4,3,3.0,,Old Property,1640.0,,,0,0,0,0,0,0,65,410.0
flat,gls avenue 51,sector 92,0.42,6562.5,640.0,Carpet area: 640 (59.46 sq.m.),3,3,1,2.0,,Relatively New,,,640.0,0,0,0,0,0,0,20,213.33333333333334
flat,ats tourmaline,sector 109,1.5,8571.42857142857,1750.0,Super Built up area 1750(162.58 sq.m.)Built Up area: 1466 sq.ft. (136.2 sq.m.),3,3,3+,7.0,North-East,Relatively New,1750.0,1466.0,,0,0,0,0,0,0,165,583.3333333333334
flat,ansal heights 86,sector 86,1.3,4666.1880832735105,2786.0,Super Built up area 2786(258.83 sq.m.),4,6,2,11.0,East,New Property,2786.0,,,0,1,0,0,1,0,86,696.5
flat,puri emerald bay,sector 104,1.32,8516.129032258064,1550.0,Super Built up area 1550(144 sq.m.),2,2,2,10.0,North-East,Relatively New,1550.0,,,0,0,0,0,0,0,128,775.0
flat,supertech araville,sector 79,1.0,6535.9477124183,1530.0,Carpet area: 1530 (142.14 sq.m.),2,2,3,4.0,,Relatively New,,,1530.0,1,0,0,0,0,0,24,765.0
flat,signature andour heights,sector 71,0.6,10000.0,600.0,Super Built up area 600(55.74 sq.m.)Carpet area: 514 sq.ft. (47.75 sq.m.),2,2,1,5.0,South-West,Relatively New,600.0,,514.0,0,0,0,1,0,0,59,300.0
flat,sbtl caladium,sector 109,1.8,7072.691552062868,2545.0,Super Built up area 2545(236.44 sq.m.)Carpet area: 1527 sq.ft. (141.86 sq.m.),3,3,3+,10.0,East,Relatively New,2545.0,,1527.0,0,0,0,0,0,0,174,848.3333333333334
flat,breez global heights,sector 36,0.24,5825.242718446602,412.0,Carpet area: 412 (38.28 sq.m.),1,1,1,8.0,,New Property,,,412.0,0,0,0,0,0,0,57,412.0
flat,ireo skyon,sector 60,3.75,13392.857142857143,2800.0,Super Built up area 2800(260.13 sq.m.)Built Up area: 2650 sq.ft. (246.19 sq.m.)Carpet area: 2350 sq.ft. (218.32 sq.m.),4,4,3,12.0,North,Relatively New,2800.0,2650.0,2350.0,0,1,0,0,0,1,49,700.0
flat,sobha city,sector 108,4.1,23401.826484018264,1752.0,Super Built up area 2344(217.76 sq.m.)Built Up area: 2343 sq.ft. (217.67 sq.m.)Carpet area: 1752 sq.ft. (162.77 sq.m.),4,5,3,25.0,North-East,New Property,2344.0,2343.0,1752.0,1,1,0,0,0,2,97,438.0
house,independent,sector 4,1.1,11111.111111111111,990.0,Built Up area: 990 (91.97 sq.m.),3,4,1,2.0,North,Undefined,,990.0,,0,0,0,0,0,0,0,330.0
house,independent,sector 104,0.6,5128.205128205128,1170.0,Plot area 130(108.7 sq.m.),4,3,1,2.0,North,Moderately Old,,130.0,,0,0,0,0,0,0,0,292.5
flat,sare homes,sector 90,0.85,4786.036036036036,1776.0,Super Built up area 1776(165 sq.m.),4,4,3,3.0,,Moderately Old,1776.0,,,0,0,0,0,0,0,0,444.0
house,independent,sector 50,13.2,27154.906397860523,4861.0,Built Up area: 4861 (451.6 sq.m.),6,6,0,2.0,,Undefined,,4861.0,,0,0,0,0,0,0,0,810.1666666666666
flat,central park 2 bellevue,sector 48,2.75,10754.790770434103,2557.0,Super Built up area 2557(237.55 sq.m.)Carpet area: 2550 sq.ft. (236.9 sq.m.),3,4,3+,3.0,,Moderately Old,2557.0,,2550.0,0,0,0,0,0,0,32,852.3333333333334
flat,dlf the icon,sector 43,5.25,20388.349514563106,2575.0,Super Built up area 2575(239.23 sq.m.)Built Up area: 2570 sq.ft. (238.76 sq.m.)Carpet area: 2560 sq.ft. (237.83 sq.m.),4,4,3,9.0,North,Old Property,2575.0,2570.0,2560.0,0,1,0,1,1,0,135,643.75
house,independent,sector 25,7.3,12586.206896551725,5800.0,Plot area 215(179.77 sq.m.)Built Up area: 5800 sq.yards (4849.54 sq.m.)Carpet area: 5200 sq.yards (4347.86 sq.m.),9,9,2,3.0,North-West,Relatively New,,5800.0,5200.0,0,1,1,0,0,1,109,644.4444444444445
flat,jammu and kashmir bank employees cghs,sector 9a,0.94,6064.5161290322585,1550.0,Carpet area: 1550 (144 sq.m.),3,3,2,5.0,East,Moderately Old,,,1550.0,0,0,0,0,0,1,85,516.6666666666666
flat,signature global city 63a,sector 63a,1.65,15263.644773358003,1081.0,Super Built up area 1081(100.43 sq.m.),2,2,2,1.0,,Undefined,1081.0,,,0,0,0,0,0,0,0,540.5
house,dlf city plots phase 3,sector 24,1.6,3292.1810699588477,4860.0,Plot area 540(50.17 sq.m.)Built Up area: 540 sq.ft. (50.17 sq.m.)Carpet area: 500 sq.ft. (46.45 sq.m.),8,5,3+,4.0,East,Old Property,,540.0,500.0,0,0,0,0,0,0,8,607.5
flat,vipul lavanya,sector 81,0.6,6666.666666666667,900.0,Carpet area: 900 (83.61 sq.m.),2,2,1,0.0,East,Relatively New,,,900.0,0,0,0,0,0,0,49,450.0
house,independent,sector 41,7.0,28282.828282828283,2475.0,Plot area 275(229.94 sq.m.),7,7,3+,3.0,South-West,Moderately Old,,275.0,,1,1,1,1,0,2,151,353.57142857142856
flat,emaar gurgaon greens,sector 102,1.35,10800.0,1250.0,Super Built up area 1650(153.29 sq.m.)Built Up area: 1400 sq.ft. (130.06 sq.m.)Carpet area: 1250 sq.ft. (116.13 sq.m.),3,4,3+,9.0,North-East,Relatively New,1650.0,1400.0,1250.0,0,1,0,1,0,1,174,416.6666666666667
flat,orchid petals,sector 49,4.21,11835.816699465842,3557.0,Super Built up area 3557(330.46 sq.m.),5,6,3+,14.0,South-East,Relatively New,3557.0,,,0,1,0,1,0,0,35,711.4
house,bptp astaire gardens,sector 70a,1.04,7172.413793103448,1450.0,Carpet area: 1450 (134.71 sq.m.),3,3,3+,2.0,North-East,Relatively New,,,1450.0,0,0,0,0,1,1,145,483.3333333333333
flat,puri diplomatic greens,sector 111,3.65,12372.881355932202,2950.0,Super Built up area 2950(274.06 sq.m.),4,5,3+,17.0,West,Moderately Old,2950.0,,,0,1,0,0,0,0,132,737.5
flat,guru gram haryana cghs,sector 56,1.38,7225.130890052356,1910.0,Built Up area: 1910 (177.44 sq.m.),3,3,3,5.0,North,Moderately Old,,1910.0,,1,0,0,0,0,1,134,636.6666666666666
flat,emaar mgf emerald floors premier,sector 65,2.4,14545.454545454546,1650.0,Super Built up area 1650(153.29 sq.m.)Built Up area: 1600 sq.ft. (148.64 sq.m.)Carpet area: 1250 sq.ft. (116.13 sq.m.),3,3,3,3.0,East,Relatively New,1650.0,1600.0,1250.0,1,1,0,0,0,1,49,550.0
flat,capital residences 360,sector 70a,1.15,11500.0,1000.0,Super Built up area 1450(134.71 sq.m.)Built Up area: 1400 sq.ft. (130.06 sq.m.)Carpet area: 1000 sq.ft. (92.9 sq.m.),2,2,3,4.0,East,New Property,1450.0,1400.0,1000.0,0,0,0,1,0,0,132,500.0
flat,ats triumph,sector 104,1.85,8078.602620087337,2290.0,Super Built up area 2290(212.75 sq.m.),3,4,3+,14.0,East,Relatively New,2290.0,,,1,1,1,1,0,0,117,763.3333333333334
flat,green campus chs,manesar,0.92,4022.7372103191956,2287.0,Super Built up area 2287(212.47 sq.m.)Carpet area: 1600 sq.ft. (148.64 sq.m.),3,3,3+,8.0,East,Moderately Old,2287.0,,1600.0,0,1,0,0,0,0,5,762.3333333333334
flat,m3m woodshire,sector 107,1.8,7623.888182973316,2361.0,Super Built up area 2361(219.34 sq.m.)Carpet area: 1384 sq.ft. (128.58 sq.m.),3,4,3+,2.0,,Relatively New,2361.0,,1384.0,0,1,0,0,0,0,129,787.0
house,vatika india next,sector 82,6.5,20061.728395061727,3240.0,Built Up area: 360 (301.01 sq.m.)Carpet area: 300 sq.yards (250.84 sq.m.),4,3,0,2.0,,Undefined,,360.0,300.0,0,0,0,0,0,0,0,810.0
flat,eldeco accolade,sohna road,0.87,5962.988348183688,1459.0,Super Built up area 1457(135.36 sq.m.)Carpet area: 849 sq.ft. (78.87 sq.m.),2,2,3+,10.0,,Relatively New,1457.0,,849.0,1,0,0,0,0,0,72,729.5
flat,bestech park view residency,sector 2,1.59,8281.25,1920.0,Super Built up area 1920(178.37 sq.m.),3,4,3+,11.0,North-West,Moderately Old,1920.0,,,0,1,0,0,0,0,100,640.0
flat,aipl zen residences,sector 70a,1.25,9904.912836767036,1262.0,Carpet area: 1262 (117.24 sq.m.),2,2,2,19.0,,New Property,,,1262.0,0,0,0,0,0,0,42,631.0
house,ansal sushant lok plots,sector 43,5.8,29974.160206718345,1935.0,Plot area 215(179.77 sq.m.),6,6,3,2.0,South-West,Relatively New,,215.0,,0,1,0,0,1,1,49,322.5
flat,m3m heights,sector 65,1.9,14996.05367008682,1267.0,Super Built up area 1261(117.15 sq.m.),2,2,3,4.0,,Under Construction,1261.0,,,0,0,0,0,0,0,54,633.5
flat,tulip violet,sector 69,3.25,10105.721393034826,3216.0,Super Built up area 3216(298.78 sq.m.),4,5,3+,14.0,,Relatively New,3216.0,,,0,0,0,1,1,0,20,804.0
flat,sare crescent parc,sector 92,0.66,4977.37556561086,1326.0,Carpet area: 1326 (123.19 sq.m.),3,2,2,15.0,North,Relatively New,,,1326.0,0,0,0,0,0,2,44,442.0
flat,eldeco accolade,sector 33,1.2,8042.8954423592495,1492.0,Built Up area: 1492 (138.61 sq.m.)Carpet area: 849 sq.ft. (78.87 sq.m.),2,2,2,0.0,,Undefined,,1492.0,849.0,0,0,0,0,0,0,56,746.0
house,independent,sector 27,4.25,31481.48148148148,1350.0,Plot area 163(136.29 sq.m.)Built Up area: 161 sq.yards (134.62 sq.m.)Carpet area: 150 sq.yards (125.42 sq.m.),5,5,3+,3.0,East,Relatively New,,161.0,150.0,0,1,0,1,0,1,49,270.0
house,unitech espace,sector 50,11.29,34845.67901234568,3240.0,Plot area 360(301.01 sq.m.),5,5,3+,2.0,,Moderately Old,,360.0,,1,0,0,1,0,0,21,648.0
flat,silverglades the melia,sohna road,0.75,5555.555555555556,1350.0,Built Up area: 1350 (125.42 sq.m.),2,2,2,4.0,,Moderately Old,,1350.0,,0,0,0,0,0,0,70,675.0
flat,palam vihar society,sector 2,3.35,7444.444444444444,4500.0,Carpet area: 4500 (418.06 sq.m.),4,4,3+,2.0,,New Property,,,4500.0,1,0,0,0,0,0,66,1125.0
flat,dlf regal gardens,sector 90,1.29,9020.97902097902,1430.0,Super Built up area 1702(158.12 sq.m.)Built Up area: 1540 sq.ft. (143.07 sq.m.)Carpet area: 1430 sq.ft. (132.85 sq.m.),3,3,3,7.0,East,Relatively New,1702.0,1540.0,1430.0,1,0,0,0,0,0,174,476.6666666666667
house,vatika sovereign next,sector 82a,3.85,7500.487044613286,5133.0,Built Up area: 5140 (477.52 sq.m.),5,6,3+,6.0,,Undefined,,5140.0,,0,0,0,0,0,0,53,1026.6
flat,raheja atharva,sector 109,1.6,5319.148936170212,3008.0,Built Up area: 3008 (279.45 sq.m.),4,1,0,0.0,,New Property,,3008.0,,0,0,0,0,0,0,0,752.0
flat,signature the serenas,sohna road,0.42,7909.604519774011,531.0,Carpet area: 531 (49.33 sq.m.),2,2,1,12.0,,New Property,,,531.0,0,0,0,0,0,0,54,265.5
flat,eden landmark,manesar,0.5,3846.153846153846,1300.0,Built Up area: 1300 (120.77 sq.m.),2,2,0,7.0,,Under Construction,,1300.0,,0,0,0,0,0,0,0,650.0
flat,woodstock floors,sector 50,1.05,10627.53036437247,988.0,Carpet area: 988 (91.79 sq.m.),2,2,2,2.0,North,Moderately Old,,,988.0,0,0,0,0,0,0,53,494.0
flat,ashiana anmol,sohna road,0.9,9463.72239747634,951.0,Super Built up area 1275(118.45 sq.m.)Carpet area: 951 sq.ft. (88.35 sq.m.),2,2,2,13.0,South,Relatively New,1275.0,,951.0,0,0,0,0,0,2,120,475.5
house,dlf city plots phase 2,sector 25,10.55,39074.07407407407,2700.0,Plot area 300(250.84 sq.m.),5,6,3+,3.0,East,Moderately Old,,300.0,,1,1,1,1,0,0,131,540.0
flat,trisara our homes 3,sohna road,0.4,4479.283314669653,893.0,Built Up area: 900 (83.61 sq.m.)Carpet area: 602 sq.ft. (55.93 sq.m.),2,2,2,1.0,,Undefined,,900.0,602.0,0,0,0,0,0,0,0,446.5
house,independent,sector 56,7.25,29340.348037231888,2471.0,Plot area 303(253.35 sq.m.),8,8,3+,0.0,North-East,Moderately Old,,303.0,,0,0,0,0,0,1,24,308.875
house,vipul tatvam villa,sector 48,7.69,24068.85758998435,3195.0,Plot area 355(296.83 sq.m.),4,5,3,2.0,North-West,Moderately Old,,355.0,,1,1,1,1,0,1,110,798.75
house,independent,sector 50,10.55,32561.728395061727,3240.0,Plot area 360(301.01 sq.m.),5,5,3,2.0,,Moderately Old,,360.0,,1,1,0,0,0,0,42,648.0
house,independent,sector 57,8.31,24171.029668411866,3438.0,Plot area 382(319.4 sq.m.),5,6,3+,4.0,North-East,Old Property,,382.0,,1,1,1,1,0,0,34,687.6
flat,suncity platinum towers,sector 28,7.0,22222.222222222223,3150.0,Super Built up area 3150(292.64 sq.m.)Carpet area: 1913 sq.ft. (177.72 sq.m.),4,3,2,10.0,North,Moderately Old,3150.0,,1913.0,0,1,0,0,0,0,31,787.5
flat,smart world orchard,sector 61,2.2,13496.932515337423,1630.0,Carpet area: 1600 (148.64 sq.m.),3,3,2,1.0,North-East,Undefined,,,1600.0,0,0,0,0,0,0,49,543.3333333333334
flat,ramsons kshitij,sector 95,0.45,4591.836734693878,980.0,Super Built up area 980(91.04 sq.m.),2,2,1,2.0,,Relatively New,980.0,,,1,0,0,0,0,0,89,490.0
house,independent,sector 2,2.55,16377.649325626204,1557.0,Plot area 173(144.65 sq.m.),3,3,2,2.0,South,Old Property,,173.0,,0,0,0,0,0,0,8,519.0
flat,gls arawali homes,sohna road,0.3,5291.005291005291,567.0,Super Built up area 567(52.68 sq.m.)Carpet area: 467 sq.ft. (43.39 sq.m.),2,2,2,10.0,,Relatively New,567.0,,467.0,0,0,0,0,0,0,42,283.5
flat,guru gram haryana cghs,sector 56,1.39,7228.289131565262,1923.0,Super Built up area 1920(178.37 sq.m.),3,3,3,4.0,North,Moderately Old,1920.0,,,1,0,0,0,0,1,134,641.0
flat,the penthouses at the hibiscus,sector 50,8.0,8887.901344295078,9001.0,Carpet area: 9000 (836.13 sq.m.),4,3,3,7.0,South-East,Moderately Old,,,9000.0,0,1,0,0,0,0,35,2250.25
house,independent,sector 4,0.61,11111.111111111111,549.0,Plot area 61(5.67 sq.m.),2,2,2,2.0,South-East,Moderately Old,,61.0,,0,0,0,0,1,0,14,274.5
flat,bptp terra,sector 37d,1.55,7074.395253308991,2191.0,Super Built up area 2191(203.55 sq.m.)Built Up area: 2100 sq.ft. (195.1 sq.m.)Carpet area: 1800 sq.ft. (167.23 sq.m.),4,3,3+,19.0,North-East,Relatively New,2191.0,2100.0,1800.0,0,0,0,0,1,1,131,547.75
flat,uphar lakshya homes,sector 105,0.42,4200.0,1000.0,Carpet area: 1000 (92.9 sq.m.),3,2,1,1.0,East,Relatively New,,,1000.0,0,0,0,0,0,0,7,333.3333333333333
flat,emaar mgf palm terraces,sector 66,4.5,10598.210080075365,4246.0,Super Built up area 3670(340.95 sq.m.),5,5,3+,11.0,,New Property,3670.0,,,0,1,0,0,0,0,105,849.2
flat,supertech hilltown,sector 2,0.8,5555.555555555556,1440.0,Built Up area: 1440 (133.78 sq.m.)Carpet area: 1080 sq.ft. (100.34 sq.m.),3,2,3,8.0,,Undefined,,1440.0,1080.0,0,0,0,0,0,0,0,480.0
flat,la vida by tata housing,sector 113,3.72,13984.962406015038,2660.0,Carpet area: 2660 (247.12 sq.m.),5,4,3+,0.0,,New Property,,,2660.0,0,0,0,1,0,2,44,532.0
house,not applicable,sector 4,0.75,11718.75,640.0,Plot area 640(59.46 sq.m.),2,4,3,2.0,,Moderately Old,,640.0,,0,0,0,0,0,0,0,320.0
house,bptp visionnaire,sector 70a,4.7,18007.66283524904,2610.0,Plot area 290(242.48 sq.m.),4,4,3+,3.0,North-East,New Property,,290.0,,0,0,0,0,1,0,35,652.5
flat,central park flower valley cerise floors,sector 33,1.3,10743.801652892562,1210.0,Super Built up area 1210(112.41 sq.m.),2,2,2,3.0,North,New Property,1210.0,,,1,0,0,0,0,0,22,605.0
house,independent,sector 3,0.55,6707.317073170731,820.0,Plot area 820(76.18 sq.m.)Built Up area: 810 sq.ft. (75.25 sq.m.)Carpet area: 715 sq.ft. (66.43 sq.m.),2,2,1,2.0,South-East,Moderately Old,,810.0,715.0,0,0,0,0,0,0,0,410.0
flat,dlf new town heights,sector 90,1.95,7150.715071507151,2727.0,Super Built up area 2727(253.35 sq.m.)Carpet area: 2200 sq.ft. (204.39 sq.m.),4,4,3+,24.0,North-East,Relatively New,2727.0,,2200.0,0,1,1,0,0,0,174,681.75
flat,zara aavaas,sector 104,0.2,6644.518272425249,301.0,Carpet area: 301 (27.96 sq.m.),1,2,2,3.0,,New Property,,,301.0,0,0,0,0,0,0,67,301.0
flat,emaar mgf palm hills,sector 77,1.25,8620.689655172413,1450.0,Super Built up area 1450(134.71 sq.m.)Carpet area: 1177 sq.ft. (109.35 sq.m.),3,4,3,3.0,North,Relatively New,1450.0,,1177.0,1,1,0,0,0,0,49,483.3333333333333
flat,ss,sector 85,2.09,7432.4324324324325,2812.0,Super Built up area 2812(261.24 sq.m.)Built Up area: 2600 sq.ft. (241.55 sq.m.)Carpet area: 2400 sq.ft. (222.97 sq.m.),4,4,3,8.0,South-East,Relatively New,2812.0,2600.0,2400.0,1,1,0,1,0,0,49,703.0
flat,imperia the esfera,sector 37c,0.87,5513.307984790875,1578.0,Super Built up area 1578(146.6 sq.m.),2,3,3+,9.0,North-East,New Property,1578.0,,,1,0,0,0,0,0,49,789.0
flat,godrej summit,sector 104,1.35,5014.858841010401,2692.0,Carpet area: 2692 (250.09 sq.m.),4,5,3+,0.0,South-East,Relatively New,,,2692.0,1,1,1,1,0,0,88,673.0
flat,awho shanti vihar,sector 95,0.8,8888.888888888889,900.0,Super Built up area 900(83.61 sq.m.)Carpet area: 550 sq.ft. (51.1 sq.m.),2,2,3,9.0,East,New Property,900.0,,550.0,1,0,0,0,0,0,67,450.0
house,independent,sector 7,1.55,13888.888888888889,1116.0,Plot area 120(100.34 sq.m.),2,2,2,1.0,East,Moderately Old,,120.0,,0,0,0,0,0,1,52,558.0
flat,vatika gurgaon,sector 83,0.98,8166.666666666667,1200.0,Super Built up area 1445(134.24 sq.m.)Built Up area: 1300 sq.ft. (120.77 sq.m.)Carpet area: 1200 sq.ft. (111.48 sq.m.),2,2,3,5.0,South,Relatively New,1445.0,1300.0,1200.0,0,0,0,0,0,1,96,600.0
house,independent,sector 46,5.5,23060.796645702307,2385.0,Plot area 265(221.57 sq.m.),8,8,3+,3.0,,Moderately Old,,265.0,,1,0,0,0,1,1,32,298.125
flat,new sathi apartments,sector 54,1.59,7066.666666666667,2250.0,Built Up area: 2250 (209.03 sq.m.),3,3,3+,3.0,North,Moderately Old,,2250.0,,1,0,0,0,0,1,127,750.0
flat,emaar gurgaon greens,sector 102,1.45,14173.998044965787,1023.0,Super Built up area 1650(153.29 sq.m.)Carpet area: 1022.58 sq.ft. (95 sq.m.),3,3,3,10.0,North-East,Relatively New,1650.0,,1022.58,0,1,0,0,0,0,165,341.0
house,rattan vihar rajendra park,dwarka expressway,0.85,14166.666666666666,600.0,Plot area 600(55.74 sq.m.),1,5,3+,4.0,,New Property,,600.0,,0,0,0,0,0,0,0,600.0
house,independent,sector 56,7.5,23148.14814814815,3240.0,Plot area 360(301.01 sq.m.),8,8,3+,3.0,North-East,Relatively New,,360.0,,1,1,0,1,0,2,42,405.0
flat,gls arawali homes,sohna road,0.35,6076.388888888889,576.0,Super Built up area 576(53.51 sq.m.)Carpet area: 480.53 sq.ft. (44.64 sq.m.),2,2,2,11.0,,Relatively New,576.0,,480.53,0,0,0,0,0,0,64,288.0
flat,bptp pedestal,sector 70a,1.9,9500.0,2000.0,Carpet area: 1900 (176.52 sq.m.),4,3,3,2.0,East,New Property,,,1900.0,0,0,1,0,0,0,133,500.0
flat,raheja navodaya,sector 92,0.85,5407.124681933842,1572.0,Super Built up area 1572(146.04 sq.m.),3,3,0,0.0,East,Relatively New,1572.0,,,0,0,0,0,0,0,88,524.0
flat,ats triumph,sector 104,1.95,8515.283842794759,2290.0,Carpet area: 2290 (212.75 sq.m.),3,3,3+,3.0,,New Property,,,2290.0,0,1,0,0,0,0,69,763.3333333333334
flat,shree vardhman victoria,sector 70,1.8,9230.76923076923,1950.0,Super Built up area 1950(181.16 sq.m.)Carpet area: 1161 sq.ft. (107.86 sq.m.),3,4,3,2.0,South-West,New Property,1950.0,,1161.0,0,1,0,0,1,0,45,650.0
house,independent,sector 45,4.49,24455.337690631808,1836.0,Plot area 204(170.57 sq.m.),3,9,3+,3.0,North-West,Moderately Old,,204.0,,0,0,0,0,1,1,90,612.0
flat,bestech park view sanskruti,sector 92,1.6,8020.050125313283,1995.0,Super Built up area 1995(185.34 sq.m.)Built Up area: 1615 sq.ft. (150.04 sq.m.)Carpet area: 1476 sq.ft. (137.12 sq.m.),3,4,3+,10.0,North-West,Relatively New,1995.0,1615.0,1476.0,0,1,0,0,1,1,174,665.0
flat,sare green parc phase 3,sector 92,1.08,5150.214592274678,2097.0,Super Built up area 2090(194.17 sq.m.),4,4,2,16.0,,New Property,2090.0,,,0,1,0,0,0,0,107,524.25
flat,hcbs sports ville,sohna road,0.22,4602.510460251046,478.0,Built Up area: 477.85 (44.39 sq.m.)Carpet area: 321.6 sq.ft. (29.88 sq.m.),1,1,1,9.0,East,Relatively New,,477.809521,321.6,0,0,0,0,0,1,44,478.0
house,dlf city plots,sector 26,12.5,38580.246913580246,3240.0,Plot area 360(301.01 sq.m.),4,5,2,2.0,North-East,Moderately Old,,360.0,,1,1,0,0,0,1,121,810.0
flat,ansal heights 86,sector 86,0.95,5621.301775147929,1690.0,Carpet area: 1690 (157.01 sq.m.),3,2,1,6.0,,New Property,,,1690.0,0,0,0,0,0,0,15,563.3333333333334
flat,eldeco accolade,sector 33,1.2,8042.8954423592495,1492.0,Built Up area: 1492 (138.61 sq.m.)Carpet area: 900 sq.ft. (83.61 sq.m.),2,2,2,0.0,North,New Property,,1492.0,900.0,1,0,0,0,0,0,55,746.0
flat,emaar mgf palm hills,sector 77,1.64,8410.25641025641,1950.0,Super Built up area 1950(181.16 sq.m.),4,3,3,9.0,South,Relatively New,1950.0,,,0,1,0,0,0,0,102,487.5
house,emaar mgf marbella,sector 66,9.01,16066.333808844507,5608.0,Plot area 521,4,4,3+,3.0,North-East,Relatively New,,521.0,,0,1,1,0,0,0,122,1402.0
flat,la vida by tata housing,sector 113,3.0,14285.714285714286,2100.0,Super Built up area 2691(250 sq.m.)Built Up area: 2460 sq.ft. (228.54 sq.m.)Carpet area: 2100 sq.ft. (195.1 sq.m.),3,3,3+,3.0,East,Relatively New,2691.0,2460.0,2100.0,0,1,0,0,0,0,167,700.0
house,independent,sector 49,4.5,15625.0,2880.0,Plot area 320(267.56 sq.m.),8,8,3,3.0,North-East,Moderately Old,,320.0,,1,1,1,1,0,2,151,360.0
flat,emaar mgf emerald floors premier,sector 65,2.85,14430.379746835442,1975.0,Super Built up area 1975(183.48 sq.m.),4,4,3+,0.0,West,Relatively New,1975.0,,,1,1,0,0,0,1,151,493.75
flat,kamroon court,sector 43,2.75,13750.0,2000.0,Carpet area: 2000 (185.81 sq.m.),3,4,3+,5.0,North-East,Moderately Old,,,2000.0,0,1,0,0,1,1,49,666.6666666666666
house,landmark house,sector 43,2.75,25462.962962962964,1080.0,Plot area 120(100.34 sq.m.),3,3,1,2.0,South-East,Moderately Old,,120.0,,0,0,0,1,0,0,21,360.0
flat,bptp terra,sector 37d,1.75,7987.220447284345,2191.0,Super Built up area 2191(203.55 sq.m.)Built Up area: 2100 sq.ft. (195.1 sq.m.)Carpet area: 1800 sq.ft. (167.23 sq.m.),4,4,3,7.0,West,Relatively New,2191.0,2100.0,1800.0,0,0,0,0,1,1,120,547.75
flat,dlf the skycourt,sector 86,1.56,8087.0917573872475,1929.0,Super Built up area 1929(179.21 sq.m.)Built Up area: 1580 sq.ft. (146.79 sq.m.)Carpet area: 1450 sq.ft. (134.71 sq.m.),3,4,3+,17.0,South-West,Relatively New,1929.0,1580.0,1450.0,0,0,1,0,0,0,174,643.0
flat,adani aangan galleria,sector 89,0.42,4941.176470588235,850.0,Super Built up area 850(78.97 sq.m.),2,2,2,3.0,,Relatively New,850.0,,,0,0,0,0,0,0,0,425.0
house,independent,sector 25,9.0,33333.333333333336,2700.0,Plot area 300(250.84 sq.m.),5,5,3,3.0,North,Old Property,,300.0,,1,1,1,1,0,0,56,540.0
flat,smart world gems,sector 89,0.88,7978.241160471442,1103.0,Built Up area: 1103 (102.47 sq.m.),2,2,0,2.0,,Undefined,,1103.0,,0,0,0,0,0,0,45,551.5
flat,ramprastha the edge towers,sector 37d,1.0,5649.717514124294,1770.0,Super Built up area 1770(164.44 sq.m.),3,3,3+,13.0,,Moderately Old,1770.0,,,0,0,0,0,0,0,38,590.0
house,independent,sector 36,0.75,6938.020351526365,1081.0,Built Up area: 1081 (100.43 sq.m.),3,1,0,1.0,,Undefined,,1081.0,,0,0,0,0,0,0,0,360.3333333333333
flat,ashiana anmol,sector 33,1.1,8627.450980392157,1275.0,Built Up area: 1275 (118.45 sq.m.)Carpet area: 795 sq.ft. (73.86 sq.m.),2,2,2,4.0,North-East,Undefined,,1275.0,795.0,0,0,0,0,0,0,0,637.5
house,dlf city plots phase 2,sector 25,15.5,34307.21558211598,4518.0,Plot area 502(419.74 sq.m.),5,6,3+,3.0,East,Moderately Old,,502.0,,1,1,1,1,0,0,144,903.6
flat,antriksh heights,sector 84,0.85,5555.555555555556,1530.0,Super Built up area 1350(125.42 sq.m.),2,2,3,10.0,North-West,New Property,1350.0,,,1,0,0,0,1,0,24,765.0
flat,whiteland  the aspen,sector 76,3.5,11916.922029281579,2937.0,Built Up area: 2937 (272.86 sq.m.)Carpet area: 1762 sq.ft. (163.7 sq.m.),3,4,3,8.0,,Undefined,,2937.0,1762.0,0,0,0,0,0,0,0,979.0
flat,ansal sushant residency,sector 57,1.5,6775.067750677506,2214.0,Carpet area: 246 (205.69 sq.m.),3,2,3+,1.0,,Moderately Old,,,246.0,0,0,0,0,0,0,87,738.0
flat,dlf the ultima,sector 81,2.35,11174.512601046124,2103.0,Super Built up area 2103(195.38 sq.m.)Built Up area: 1550 sq.ft. (144 sq.m.)Carpet area: 1257 sq.ft. (116.78 sq.m.),3,3,3+,14.0,South,Relatively New,2103.0,1550.0,1257.0,1,1,0,1,1,2,49,701.0
flat,pioneer araya,sector 62,9.2,19943.637546065467,4613.0,Super Built up area 4613(428.56 sq.m.)Carpet area: 3203 sq.ft. (297.57 sq.m.),4,6,3,5.0,South,Relatively New,4613.0,,3203.0,0,1,0,1,0,1,156,1153.25
flat,emaar mgf emerald floors premier,sector 65,2.65,16060.60606060606,1650.0,Carpet area: 1650 (153.29 sq.m.),3,3,3,5.0,North,Relatively New,,,1650.0,1,1,0,0,0,0,37,550.0
flat,shree vardhman victoria,sector 70,1.07,7925.925925925926,1350.0,Super Built up area 1350(125.42 sq.m.),2,2,3,8.0,North,Relatively New,1350.0,,,1,0,0,0,0,0,108,675.0
flat,dlf park place,sector 54,4.85,30180.46048537648,1607.0,Super Built up area 1983(184.23 sq.m.)Built Up area: 1785 sq.ft. (165.83 sq.m.)Carpet area: 1607 sq.ft. (149.3 sq.m.),3,4,3+,6.0,North,Moderately Old,1983.0,1785.0,1607.0,0,1,0,0,0,2,158,535.6666666666666
house,dlf city plots phase 2,sector 25,7.5,31685.67807351077,2367.0,Plot area 215(179.77 sq.m.),9,9,3+,4.0,West,Relatively New,,215.0,,1,1,0,1,0,1,160,263.0
flat,shapoorji pallonji joyville gurugram,sector 102,1.35,14754.098360655738,915.0,Super Built up area 915(85.01 sq.m.),2,2,2,10.0,,Undefined,915.0,,,0,0,0,0,0,0,22,457.5
flat,adani m2k oyster grande,sector 102,1.9,14074.074074074075,1350.0,Super Built up area 1889(175.49 sq.m.)Carpet area: 1350 sq.ft. (125.42 sq.m.),3,4,3,21.0,,Relatively New,1889.0,,1350.0,0,1,0,0,0,0,60,450.0
house,international city by sobha phase 1,sector 109,6.75,10838.150289017341,6228.0,Plot area 692(578.6 sq.m.),4,4,3+,2.0,North-East,New Property,,692.0,,0,1,0,1,0,0,130,1557.0
house,ansals palam vihar,sector 2,2.75,17662.170841361592,1557.0,Plot area 173(144.65 sq.m.),3,3,3,2.0,,Moderately Old,,173.0,,1,0,0,1,0,1,15,519.0
house,ss hibiscus,sector 50,12.5,40849.67320261438,3060.0,Plot area 470(392.98 sq.m.)Built Up area: 410 sq.yards (342.81 sq.m.)Carpet area: 340 sq.yards (284.28 sq.m.),4,4,3+,2.0,West,Relatively New,,410.0,340.0,1,1,0,0,0,2,160,765.0
flat,bptp mansions park prime,sector 66,2.7,9768.451519536902,2764.0,Super Built up area 2764(256.78 sq.m.),4,4,3,6.0,,Relatively New,2764.0,,,0,1,0,0,1,0,13,691.0
flat,smart world orchard,sector 61,1.65,13750.0,1200.0,Carpet area: 1200 (111.48 sq.m.),2,2,2,1.0,,Under Construction,,,1200.0,1,0,0,0,0,0,16,600.0
flat,conscient elevate,sector 59,4.25,18518.51851851852,2295.0,Super Built up area 2295(213.21 sq.m.),3,4,3,3.0,,Under Construction,2295.0,,,0,0,0,0,0,0,0,765.0
flat,pareena coban residences,sector 99a,1.05,6774.193548387097,1550.0,Super Built up area 1550(144 sq.m.)Built Up area: 1390 sq.ft. (129.14 sq.m.)Carpet area: 1240 sq.ft. (115.2 sq.m.),2,2,3,2.0,East,Relatively New,1550.0,1390.0,1240.0,1,0,0,0,0,0,49,775.0
flat,indiabulls enigma,sector 110,4.0,9849.790691947795,4061.0,Built Up area: 3350 (311.23 sq.m.),4,4,3,17.0,,New Property,,3350.0,,0,0,0,0,0,0,59,1015.25
flat,tulip ivory,sector 70,2.35,9791.666666666666,2400.0,Carpet area: 2400 (222.97 sq.m.),4,4,3+,8.0,West,Moderately Old,,,2400.0,0,1,0,0,0,0,108,600.0
house,independent,sector 24,2.6,24074.074074074073,1080.0,Plot area 120(100.34 sq.m.),4,4,3+,4.0,,Relatively New,,120.0,,1,0,1,1,0,2,0,270.0
flat,om appartments,sector 3 phase 2,0.4,4444.444444444444,900.0,Carpet area: 900 (83.61 sq.m.),3,2,1,3.0,,Relatively New,,,900.0,0,0,0,0,0,0,7,300.0
house,independent,sector 13,4.5,9090.90909090909,4950.0,Plot area 550(459.87 sq.m.),4,5,2,2.0,East,Old Property,,550.0,,0,0,0,0,0,0,0,1237.5
flat,dlf new town heights,sector 86,1.3,6735.751295336788,1930.0,Super Built up area 1930(179.3 sq.m.),3,3,3,12.0,West,Moderately Old,1930.0,,,0,1,0,1,0,0,106,643.3333333333334
flat,godrej frontier,sector 80,1.6,6999.12510936133,2286.0,Super Built up area 2262(210.15 sq.m.),3,3,3,5.0,,Moderately Old,2262.0,,,0,1,0,0,0,0,53,762.0
flat,shree vardhman victoria,sector 70,1.66,14248.927038626609,1165.0,Super Built up area 1950(181.16 sq.m.)Carpet area: 1161 sq.ft. (107.86 sq.m.),3,5,3,8.0,North,Relatively New,1950.0,,1161.0,0,1,0,0,0,0,108,388.3333333333333
flat,adani m2k oyster grande,sector 102,2.35,8468.468468468469,2775.0,Super Built up area 2598(241.36 sq.m.),3,3,3,14.0,East,Relatively New,2598.0,,,1,1,0,0,0,1,165,925.0
flat,m3m ikonic,sector 68,1.78,9128.205128205129,1950.0,Super Built up area 1950(181.16 sq.m.)Built Up area: 1845 sq.ft. (171.41 sq.m.)Carpet area: 1530 sq.ft. (142.14 sq.m.),3,3,3+,27.0,South,Relatively New,1950.0,1845.0,1530.0,0,0,0,0,0,1,126,650.0
house,independent,sector 25,13.5,19285.714285714286,7000.0,Built Up area: 7000 (650.32 sq.m.),9,9,0,1.0,East,Relatively New,,7000.0,,0,0,0,0,0,0,0,777.7777777777778
flat,gls arawali homes,sohna road,0.35,7000.0,500.0,Super Built up area 567(52.68 sq.m.)Built Up area: 556 sq.ft. (51.65 sq.m.)Carpet area: 500 sq.ft. (46.45 sq.m.),2,2,2,5.0,,Relatively New,567.0,556.0,500.0,0,0,0,0,0,0,30,250.0
flat,bestech park view residency,sector 2,0.95,6709.039548022599,1416.0,Carpet area: 1416 (131.55 sq.m.),2,2,3,10.0,North-East,Old Property,,,1416.0,0,0,0,0,0,1,88,708.0
flat,dlf new town heights,sector 91,2.0,6966.213862765587,2871.0,Super Built up area 2727(253.35 sq.m.),4,4,3+,16.0,East,Moderately Old,2727.0,,,1,1,0,1,0,0,65,717.75
flat,emaar mgf emerald floors premier,sector 65,2.9,14683.54430379747,1975.0,Super Built up area 1975(183.48 sq.m.),4,4,3+,4.0,North-East,Relatively New,1975.0,,,1,1,0,0,0,1,152,493.75
flat,assotech blith,sector 99,1.15,6594.036697247707,1744.0,Super Built up area 1365(126.81 sq.m.),2,2,2,2.0,,New Property,1365.0,,,0,0,0,0,1,1,72,872.0
flat,tata primanti,sector 72,4.0,13769.363166953528,2905.0,Super Built up area 2905(269.88 sq.m.)Built Up area: 2800 sq.ft. (260.13 sq.m.)Carpet area: 2500 sq.ft. (232.26 sq.m.),4,5,3+,9.0,North-East,Relatively New,2905.0,2800.0,2500.0,0,1,0,0,0,1,165,726.25
flat,pareena coban residences,sector 99a,1.1,7096.774193548387,1550.0,Super Built up area 1550(144 sq.m.)Carpet area: 1200 sq.ft. (111.48 sq.m.),2,2,3,9.0,North-East,New Property,1550.0,,1200.0,1,0,0,0,0,0,88,775.0
flat,satya the hermitage,sector 103,1.12,5625.31391260673,1991.0,Super Built up area 1991(184.97 sq.m.)Carpet area: 1500 sq.ft. (139.35 sq.m.),3,4,3+,9.0,,New Property,1991.0,,1500.0,0,1,0,0,0,0,49,663.6666666666666
house,independent,sector 9,0.35,9722.222222222223,360.0,Plot area 40(33.45 sq.m.),2,2,1,2.0,South-East,Old Property,,40.0,,0,0,0,0,0,0,0,180.0
flat,sbtl caladium,sector 109,1.3,6914.893617021276,1880.0,Super Built up area 1880(174.66 sq.m.),3,2,3,16.0,East,Moderately Old,1880.0,,,0,0,0,0,0,0,134,626.6666666666666
flat,godrej summit,sector 104,1.35,5000.0,2700.0,Carpet area: 2700 (250.84 sq.m.),4,5,3+,0.0,North-East,Relatively New,,,2700.0,1,1,1,1,0,0,112,675.0
flat,paras dews,sector 106,1.13,6405.895691609977,1764.0,Super Built up area 1760(163.51 sq.m.)Built Up area: 1186 sq.ft. (110.18 sq.m.)Carpet area: 1130 sq.ft. (104.98 sq.m.),3,4,3+,18.0,North-West,Relatively New,1760.0,1186.0,1130.0,1,1,0,0,0,0,49,588.0
house,international city by sobha phase 2,sector 109,11.3,25111.11111111111,4500.0,Plot area 500(418.06 sq.m.)Built Up area: 480 sq.yards (401.34 sq.m.)Carpet area: 460 sq.yards (384.62 sq.m.),7,5,3+,4.0,East,Relatively New,,480.0,460.0,1,1,0,1,1,0,49,642.8571428571429
flat,pyramid urban homes 2,sector 86,0.5,9689.922480620155,516.0,Carpet area: 515.57 (47.9 sq.m.),2,2,2,6.0,,Old Property,,,515.5908099999999,0,0,0,0,0,0,15,258.0
flat,m3m golfestate,sector 65,6.15,15998.959417273672,3844.0,Carpet area: 3844 (357.12 sq.m.),3,5,3+,1.0,West,Relatively New,,,3844.0,0,1,0,0,0,2,49,1281.3333333333333
flat,smart world one dxp,sector 113,3.45,13269.23076923077,2600.0,Super Built up area 2600(241.55 sq.m.),4,4,3,11.0,South-East,Undefined,2600.0,,,1,1,0,0,0,0,156,650.0
flat,hsiidc sidco aravali,manesar,0.81,3128.6210892236386,2589.0,Super Built up area 2588(240.43 sq.m.)Built Up area: 1900 sq.ft. (176.52 sq.m.)Carpet area: 1877 sq.ft. (174.38 sq.m.),3,3,3+,2.0,South-West,Moderately Old,2588.0,1900.0,1877.0,0,1,0,0,0,0,74,863.0
flat,mrg skyline,sector 106,1.82,13392.200147167034,1359.0,Built Up area: 1359 (126.26 sq.m.)Carpet area: 952 sq.ft. (88.44 sq.m.),3,2,2,4.0,East,Undefined,,1359.0,952.0,0,0,0,0,0,0,0,453.0
house,independent,sector 24,4.5,33333.333333333336,1350.0,Plot area 163(136.29 sq.m.)Built Up area: 160 sq.yards (133.78 sq.m.)Carpet area: 150 sq.yards (125.42 sq.m.),2,8,3+,4.0,East,Relatively New,,160.0,150.0,0,1,1,0,0,1,56,675.0
house,independent,sector 25,7.6,38755.73686894442,1961.0,Plot area 215(179.77 sq.m.),2,9,3,4.0,East,Relatively New,,215.0,,1,0,1,1,0,1,84,980.5
flat,signature global superbia,sector 95,0.4,6722.689075630252,595.0,Carpet area: 594.52 (55.23 sq.m.),2,2,3,2.0,,Undefined,,,594.490197,0,0,0,0,0,0,0,297.5
flat,sobha city,sector 108,2.6,15195.791934541205,1711.0,Super Built up area 1711(158.96 sq.m.),3,3,2,11.0,South,New Property,1711.0,,,0,0,0,0,0,0,49,570.3333333333334
flat,m3m skywalk,sector 74,2.7,13379.58374628345,2018.0,Super Built up area 2018(187.48 sq.m.),3,3,3,13.0,,New Property,2018.0,,,0,0,1,0,0,0,92,672.6666666666666
flat,smart world orchard,sector 61,2.55,15644.171779141105,1630.0,Carpet area: 1630 (151.43 sq.m.),3,3,2,4.0,,New Property,,,1630.0,0,0,0,0,1,0,30,543.3333333333334
flat,dlf the skycourt,sector 86,1.54,9221.556886227545,1670.0,Super Built up area 1929(179.21 sq.m.)Built Up area: 1780 sq.ft. (165.37 sq.m.)Carpet area: 1670 sq.ft. (155.15 sq.m.),3,3,3+,15.0,North-West,Relatively New,1929.0,1780.0,1670.0,0,1,0,0,0,0,174,556.6666666666666
flat,vatika city,sector 49,1.98,9074.243813015582,2182.0,Super Built up area 2182(202.71 sq.m.)Built Up area: 1750.75 sq.ft. (162.65 sq.m.)Carpet area: 1670 sq.ft. (155.15 sq.m.),3,4,3,9.0,South-East,Moderately Old,2182.0,1750.75,1670.0,0,1,0,0,0,1,101,727.3333333333334
flat,bestech park view residency,sector 2,0.56,8628.659476117104,649.0,Carpet area: 651 (60.48 sq.m.),1,2,2,7.0,North-East,Moderately Old,,,651.0,0,0,0,0,0,0,92,649.0
flat,m3m soulitude,sector 89,1.33,16985.95146871009,783.0,Built Up area: 1423 (132.2 sq.m.)Carpet area: 783 sq.ft. (72.74 sq.m.),3,3,3,4.0,North-West,Undefined,,1423.0,783.0,1,0,0,0,0,0,125,261.0
flat,ireo the grand arch,sector 58,3.8,17560.07393715342,2164.0,Super Built up area 2164(201.04 sq.m.)Built Up area: 1700 sq.ft. (157.94 sq.m.)Carpet area: 1600 sq.ft. (148.64 sq.m.),3,4,1,19.0,West,Moderately Old,2164.0,1700.0,1600.0,0,1,0,0,0,1,167,721.3333333333334
flat,m3m capital,sector 113,2.51,14799.528301886792,1696.0,Super Built up area 1695(157.47 sq.m.),3,3,3+,2.0,North-West,Undefined,1695.0,,,1,0,0,0,0,0,49,565.3333333333334
flat,m3m merlin,sector 67,2.78,13580.850024425989,2047.0,Super Built up area 2047(190.17 sq.m.),3,3,3+,4.0,South-West,Relatively New,2047.0,,,0,0,0,1,0,1,157,682.3333333333334
flat,ireo the corridors,sector 67a,2.08,12044.006948465547,1727.0,Super Built up area 1727(160.44 sq.m.),3,3,2,6.0,,Under Construction,1727.0,,,0,0,0,0,1,0,55,575.6666666666666
house,international city by sobha phase 1,sector 109,5.7,10555.555555555555,5400.0,Plot area 600(501.68 sq.m.),4,4,3+,4.0,East,Relatively New,,600.0,,1,1,0,0,0,0,98,1350.0
flat,emaar gurgaon greens,sector 102,1.45,8787.878787878788,1650.0,Super Built up area 1650(153.29 sq.m.)Built Up area: 1300 sq.ft. (120.77 sq.m.)Carpet area: 1100 sq.ft. (102.19 sq.m.),3,3,3,8.0,North-East,Relatively New,1650.0,1300.0,1100.0,0,1,0,0,0,0,49,550.0
flat,signature global park,sohna road,0.85,7863.0897317298795,1081.0,Super Built up area 1081(100.43 sq.m.)Built Up area: 1080 sq.ft. (100.34 sq.m.)Carpet area: 670 sq.ft. (62.25 sq.m.),3,2,2,4.0,East,New Property,1081.0,1080.0,670.0,0,0,0,0,0,0,23,360.3333333333333
flat,whiteland blissville,sector 76,1.92,11497.005988023951,1670.0,Built Up area: 1672 (155.33 sq.m.)Carpet area: 940 sq.ft. (87.33 sq.m.),3,3,2,2.0,,Undefined,,1672.0,940.0,0,0,0,0,0,0,61,556.6666666666666
flat,ild grand centra,sector 37c,0.95,5219.780219780219,1820.0,Built Up area: 1820 (169.08 sq.m.),3,1,0,0.0,,Undefined,,1820.0,,0,0,0,0,0,0,0,606.6666666666666
house,shivaji nagar residential,sector 11,3.08,11407.407407407407,2700.0,Built Up area: 2700 (250.84 sq.m.),6,4,2,1.0,,Undefined,,2700.0,,0,0,0,0,0,0,0,450.0
flat,conscient habitat,sector 99a,0.35,6422.018348623853,545.0,Carpet area: 545 (50.63 sq.m.),2,2,1,3.0,North-East,Relatively New,,,545.0,0,0,0,0,0,0,62,272.5
flat,chd avenue,sector 71,1.0,6734.006734006734,1485.0,Super Built up area 1485(137.96 sq.m.),3,3,3+,3.0,North,Relatively New,1485.0,,,0,0,0,0,0,1,7,495.0
flat,rof ananda,sector 95,0.32,5734.767025089605,558.0,Carpet area: 549.16 (51.02 sq.m.),2,2,1,10.0,North,Relatively New,,,549.174178,0,0,0,1,0,1,50,279.0
flat,bestech park view residency,sector 2,0.55,8461.538461538461,650.0,Super Built up area 650(60.39 sq.m.),1,1,2,7.0,North,Moderately Old,650.0,,,0,0,0,0,0,0,31,650.0
house,central park flower valley cerise floors,sector 33,1.35,11157.02479338843,1210.0,Built Up area: 1210 (112.41 sq.m.),2,2,2,4.0,East,New Property,,1210.0,,1,0,0,0,0,2,107,605.0
house,adani brahma samsara,sector 60,18.02,28200.312989045382,6390.0,Built Up area: 6390 (593.65 sq.m.),9,12,3+,3.0,North-East,Relatively New,,6390.0,,0,1,0,0,0,1,146,710.0
flat,my home,sector 110,0.28,3167.420814479638,884.0,Carpet area: 900 (83.61 sq.m.),2,1,1,2.0,,Relatively New,,,900.0,0,0,0,0,1,0,15,442.0
flat,dlf the ultima,sector 81,2.25,10553.470919324578,2132.0,Super Built up area 2132(198.07 sq.m.),3,3,3+,6.0,East,New Property,2132.0,,,0,1,0,0,0,2,168,710.6666666666666
flat,the close north,sector 50,2.7,10364.68330134357,2605.0,Super Built up area 2605(242.01 sq.m.)Built Up area: 2400 sq.ft. (222.97 sq.m.)Carpet area: 2200 sq.ft. (204.39 sq.m.),3,3,3+,6.0,East,Moderately Old,2605.0,2400.0,2200.0,0,1,0,0,0,0,174,868.3333333333334
flat,m3m golfestate,sector 65,4.95,15906.169665809768,3112.0,Super Built up area 3112(289.11 sq.m.),3,3,3,10.0,North,Relatively New,3112.0,,,0,1,0,0,0,1,82,1037.3333333333333
house,independent,sector 2,2.5,16056.518946692357,1557.0,Plot area 173(144.65 sq.m.),4,4,2,4.0,West,Old Property,,173.0,,0,0,0,0,0,0,17,389.25
flat,ats triumph,sector 104,1.83,7991.266375545852,2290.0,Super Built up area 2290(212.75 sq.m.)Built Up area: 2000 sq.ft. (185.81 sq.m.)Carpet area: 1750 sq.ft. (162.58 sq.m.),3,4,3+,10.0,North,Relatively New,2290.0,2000.0,1750.0,0,1,0,0,0,0,165,763.3333333333334
flat,conscient heritage max,sector 102,2.5,11633.317822242903,2149.0,Super Built up area 2149(199.65 sq.m.),3,4,3+,25.0,North-East,New Property,2149.0,,,1,1,0,0,0,1,56,716.3333333333334
flat,railway officers rpf society,sector 9a,1.25,6921.373200442968,1806.0,Carpet area: 1806 (167.78 sq.m.),4,3,3,1.0,South-West,Old Property,,,1806.0,0,1,0,0,0,1,12,451.5
flat,smart world gems,sector 89,0.9,8159.564823209429,1103.0,Super Built up area 1103(102.47 sq.m.),2,2,2,2.0,East,New Property,1103.0,,,1,0,0,0,1,0,44,551.5
flat,dlf regal gardens,sector 90,1.21,6926.159129937035,1747.0,Super Built up area 1747(162.3 sq.m.),3,3,3+,29.0,West,Relatively New,1747.0,,,0,0,0,0,1,0,95,582.3333333333334
flat,experion the heartsong,sector 108,1.7,8487.269096355467,2003.0,Super Built up area 2003(186.08 sq.m.)Built Up area: 1500.29 sq.ft. (139.38 sq.m.)Carpet area: 1140.98 sq.ft. (106 sq.m.),3,4,3+,14.0,South-East,Relatively New,2003.0,1500.29,1140.98,0,1,0,0,0,0,119,667.6666666666666
house,ansal celebrity homes,sector 2,5.2,10000.0,5200.0,Built Up area: 5200 (483.1 sq.m.)Carpet area: 4000 sq.ft. (371.61 sq.m.),4,5,2,1.0,,Undefined,,5200.0,4000.0,0,0,0,0,0,0,0,1300.0
flat,spaze privy at,sector 84,1.35,9642.857142857143,1400.0,Super Built up area 1918(178.19 sq.m.)Built Up area: 1750 sq.ft. (162.58 sq.m.)Carpet area: 1400 sq.ft. (130.06 sq.m.),3,3,3,7.0,South-East,Relatively New,1918.0,1750.0,1400.0,0,0,0,1,0,0,90,466.6666666666667
flat,dlf the skycourt,sector 86,1.59,8242.612752721618,1929.0,Super Built up area 1929(179.21 sq.m.)Built Up area: 1700 sq.ft. (157.94 sq.m.)Carpet area: 1548 sq.ft. (143.81 sq.m.),3,3,3,17.0,East,Relatively New,1929.0,1700.0,1548.0,0,0,0,0,1,1,165,643.0
flat,dlf regal gardens,sector 90,1.24,7065.527065527065,1755.0,Super Built up area 1755(163.04 sq.m.)Built Up area: 1600 sq.ft. (148.64 sq.m.)Carpet area: 1400 sq.ft. (130.06 sq.m.),3,3,3+,9.0,South,Relatively New,1755.0,1600.0,1400.0,0,0,0,0,1,0,72,585.0
flat,tulip violet,sector 69,1.28,8111.533586818758,1578.0,Super Built up area 1578(146.6 sq.m.),3,3,2,12.0,South-West,Relatively New,1578.0,,,0,0,0,1,0,1,49,526.0
flat,m3m sierra 68,sector 68,1.08,8674.698795180722,1245.0,Super Built up area 1245(115.66 sq.m.)Built Up area: 1130 sq.ft. (104.98 sq.m.)Carpet area: 930 sq.ft. (86.4 sq.m.),2,2,3,1.0,West,Relatively New,1245.0,1130.0,930.0,0,0,0,0,0,1,149,622.5
flat,smart world orchard,sector 61,2.2,14202.71142672692,1549.0,Carpet area: 1549 (143.91 sq.m.),3,3,2,4.0,North,New Property,,,1549.0,0,0,0,0,0,0,152,516.3333333333334
house,dlf city plots,sector 26,13.5,29880.478087649404,4518.0,Plot area 502(419.74 sq.m.),5,5,3,2.0,East,Old Property,,502.0,,1,1,1,1,0,1,110,903.6
flat,indiabulls centrum park,sector 103,1.15,8679.245283018869,1325.0,Super Built up area 1325(123.1 sq.m.)Carpet area: 865 sq.ft. (80.36 sq.m.),2,2,3,10.0,North-East,Relatively New,1325.0,,865.0,1,0,0,0,0,1,174,662.5
flat,bptp terra,sector 37d,1.72,7850.296668188042,2191.0,Super Built up area 2191(203.55 sq.m.),3,3,3+,10.0,South-East,Relatively New,2191.0,,,0,1,0,0,0,0,31,730.3333333333334
flat,dlf new town heights,sector 90,1.25,8638.562543192813,1447.0,Carpet area: 1447 (134.43 sq.m.),3,4,3+,0.0,North-West,Old Property,,,1447.0,0,1,0,0,0,2,31,482.3333333333333
house,independent,sector 4,0.5,9259.25925925926,540.0,Plot area 540(50.17 sq.m.),2,3,2,3.0,West,Old Property,,540.0,,0,0,0,0,0,0,0,270.0
flat,sobha city,sector 108,2.5,14611.338398597312,1711.0,Super Built up area 1711(158.96 sq.m.)Built Up area: 1480 sq.ft. (137.5 sq.m.)Carpet area: 1111.44 sq.ft. (103.26 sq.m.),3,3,2,19.0,East,New Property,1711.0,1480.0,1111.44,0,0,0,0,0,0,166,570.3333333333334
flat,sbtl caladium,sector 109,1.68,6601.178781925344,2545.0,Super Built up area 2545(236.44 sq.m.),3,3,3+,7.0,East,Moderately Old,2545.0,,,0,1,0,0,0,0,134,848.3333333333334
flat,eldeco accolade,sohna road,1.3,7424.328954882924,1751.0,Super Built up area 1751(162.67 sq.m.)Carpet area: 1290 sq.ft. (119.84 sq.m.),3,3,3+,10.0,East,Relatively New,1751.0,,1290.0,0,0,0,0,0,0,49,583.6666666666666
flat,my home,sector 110,0.22,4400.0,500.0,Carpet area: 500 (46.45 sq.m.),2,2,1,1.0,,New Property,,,500.0,0,0,0,0,0,1,0,250.0
flat,tashee capital gateway,sector 111,0.96,6499.661475964794,1477.0,Super Built up area 1478(137.31 sq.m.),2,2,1,4.0,North,Undefined,1478.0,,,1,0,0,0,0,0,53,738.5
house,independent,sector 7,0.69,9102.902374670184,758.0,Built Up area: 758 (70.42 sq.m.)Carpet area: 500 sq.ft. (46.45 sq.m.),1,1,1,2.0,,Undefined,,758.0,500.0,0,0,0,0,0,0,0,758.0
flat,suncity platinum towers,sector 28,6.2,23091.24767225326,2685.0,Super Built up area 2685(249.44 sq.m.)Built Up area: 2000 sq.ft. (185.81 sq.m.)Carpet area: 1900 sq.ft. (176.52 sq.m.),3,4,3+,21.0,South,Relatively New,2685.0,2000.0,1900.0,0,1,0,0,0,1,160,895.0
flat,supertech hues,sector 68,0.82,6949.152542372882,1180.0,Super Built up area 1180(109.63 sq.m.),2,2,3+,21.0,,Under Construction,1180.0,,,0,0,0,0,1,0,72,590.0
flat,ireo skyon,sector 60,2.05,15185.185185185184,1350.0,Super Built up area 1524(141.58 sq.m.)Built Up area: 1520 sq.ft. (141.21 sq.m.)Carpet area: 1350 sq.ft. (125.42 sq.m.),2,3,2,2.0,North-East,Relatively New,1524.0,1520.0,1350.0,0,0,1,0,0,1,174,675.0
flat,mapsko mount ville,sector 79,1.3,8024.691358024691,1620.0,Super Built up area 1620(150.5 sq.m.)Carpet area: 863.91 sq.ft. (80.26 sq.m.),3,3,3+,1.0,North-East,Relatively New,1620.0,,863.91,0,0,0,0,0,1,140,540.0
flat,breez global heights,sohna road,0.46,4842.105263157895,950.0,Super Built up area 950(88.26 sq.m.)Built Up area: 800 sq.ft. (74.32 sq.m.)Carpet area: 700 sq.ft. (65.03 sq.m.),2,2,2,4.0,North-East,Relatively New,950.0,800.0,700.0,0,0,0,0,0,2,93,475.0
flat,birla navya,sector 63a,3.3,15348.837209302326,2150.0,Super Built up area 2150(199.74 sq.m.)Carpet area: 1200 sq.ft. (111.48 sq.m.),3,3,3,4.0,West,Undefined,2150.0,,1200.0,0,1,0,0,0,0,52,716.6666666666666
house,vipul tatvam villa,sector 48,22.0,26666.666666666668,8250.0,Plot area 1000(836.13 sq.m.),5,6,3,3.0,,Moderately Old,,1000.0,,0,1,0,0,0,0,54,1650.0
flat,godrej icon,sector 88a,1.65,9041.09589041096,1825.0,Super Built up area 1825(169.55 sq.m.),3,3,3,12.0,,New Property,1825.0,,,0,0,0,0,0,0,60,608.3333333333334
flat,unitech fresco,sector 50,1.88,10479.375696767002,1794.0,Super Built up area 1794(166.67 sq.m.)Built Up area: 1790 sq.ft. (166.3 sq.m.)Carpet area: 1450 sq.ft. (134.71 sq.m.),3,3,3+,14.0,North,Moderately Old,1794.0,1790.0,1450.0,0,0,0,0,1,1,174,598.0
flat,bestech altura,sector 79,2.55,9532.710280373833,2675.0,Built Up area: 2675 (248.52 sq.m.),4,5,2,4.0,East,New Property,,2675.0,,0,1,0,0,0,0,44,668.75
house,independent,sector 4,0.65,11111.111111111111,585.0,Plot area 65(54.35 sq.m.),4,2,2,,,Moderately Old,,65.0,,0,0,0,0,0,0,0,146.25
flat,pyramid urban homes 2,sector 86,0.43,8582.834331337326,501.0,Carpet area: 501 (46.54 sq.m.),2,2,1,6.0,North-East,New Property,,,501.0,1,0,0,0,0,0,92,250.5
flat,aipl club residences,sector 70a,0.95,10215.053763440861,930.0,Built Up area: 930 (86.4 sq.m.)Carpet area: 730 sq.ft. (67.82 sq.m.),2,2,1,11.0,North-East,New Property,,930.0,730.0,0,0,0,0,0,1,103,465.0
flat,umang monsoon breeze,sector 78,0.69,5390.625,1280.0,Carpet area: 1280 (118.92 sq.m.),2,2,2,11.0,,Moderately Old,,,1280.0,0,0,0,0,0,0,60,640.0
house,project mianwali colony,sector 12,1.7,9444.444444444445,1800.0,Carpet area: 1800 (167.23 sq.m.),1,1,2,1.0,,Undefined,,,1800.0,0,0,0,0,0,0,0,1800.0
house,international city by sobha phase 1,sector 109,6.3,9000.0,7000.0,Built Up area: 7000 (650.32 sq.m.)Carpet area: 4500 sq.ft. (418.06 sq.m.),4,5,3+,2.0,West,Relatively New,,7000.0,4500.0,0,0,0,0,0,1,122,1750.0
flat,emaar mgf emerald floors,sector 65,2.6,15757.575757575758,1650.0,Carpet area: 1650 (153.29 sq.m.),3,3,3+,3.0,East,Undefined,,,1650.0,0,0,0,0,0,0,0,550.0
flat,bestech park view residency,sector 2,0.56,8549.618320610687,655.0,Carpet area: 650 (60.39 sq.m.),1,1,2,7.0,South-West,Moderately Old,,,650.0,0,0,0,0,0,0,92,655.0
flat,smart world orchard,sector 61,1.9,22700.11947431302,837.0,Super Built up area 1398(129.88 sq.m.)Built Up area: 1137 sq.ft. (105.63 sq.m.)Carpet area: 837 sq.ft. (77.76 sq.m.),3,3,3,1.0,,New Property,1398.0,1137.0,837.0,0,0,0,0,0,0,30,279.0
flat,aipl zen residences,sector 70a,1.75,10257.91324736225,1706.0,Built Up area: 1706 (158.49 sq.m.)Carpet area: 1050 sq.ft. (97.55 sq.m.),3,4,3+,20.0,North-East,Relatively New,,1706.0,1050.0,0,0,0,0,1,2,49,568.6666666666666
flat,sobha city,sector 108,3.75,14940.239043824702,2510.0,Super Built up area 2343(217.67 sq.m.),3,3,2,16.0,North-East,New Property,2343.0,,,0,1,0,0,0,0,77,836.6666666666666
house,suncity essel towers,sector 28,8.95,17900.0,5000.0,Plot area 5000(464.52 sq.m.),5,6,3+,4.0,,Moderately Old,,5000.0,,0,0,0,0,0,0,0,1000.0
flat,kendriya vihar,sector 56,0.65,8609.271523178808,755.0,Carpet area: 755 (70.14 sq.m.),1,1,1,0.0,,Moderately Old,,,755.0,0,0,0,0,0,0,143,755.0
flat,shree vardhman flora,sector 90,0.65,5000.0,1300.0,Super Built up area 1300(120.77 sq.m.),2,2,2,12.0,East,Old Property,1300.0,,,1,0,0,0,0,0,103,650.0
flat,microtek greenburg,sector 86,1.23,8310.81081081081,1480.0,Super Built up area 1480(137.5 sq.m.),2,2,3,13.0,South,Relatively New,1480.0,,,1,0,0,0,0,0,6,740.0
house,independent,sector 8,0.82,10224.438902743143,802.0,Carpet area: 802 (74.51 sq.m.),2,4,0,2.0,,Undefined,,,802.0,0,0,0,0,0,0,0,401.0
flat,central park flower valley aqua front towers,sector 33,1.7,9502.515371716043,1789.0,Super Built up area 1789(166.2 sq.m.),3,3,3,12.0,,Under Construction,1789.0,,,0,0,0,0,0,0,24,596.3333333333334
house,vipul tatvam villa,sector 48,7.25,27970.679012345678,2592.0,Plot area 288(240.8 sq.m.),3,4,2,2.0,South,Moderately Old,,288.0,,1,1,1,1,0,1,115,864.0
flat,ramsons kshitij,sector 95,0.17,544.0,3125.0,Carpet area: 3212 (298.4 sq.m.),1,1,1,12.0,North-East,Relatively New,,,3212.0,0,0,0,0,0,0,56,3125.0
flat,godrej summit,sector 104,1.05,5833.333333333333,1800.0,Carpet area: 1800 (167.23 sq.m.),3,4,3+,7.0,East,Relatively New,,,1800.0,0,1,0,0,0,1,96,600.0
flat,kendriya vihar,sector 56,0.58,9586.776859504133,605.0,Carpet area: 605 (56.21 sq.m.),1,1,1,1.0,,Old Property,,,605.0,0,0,0,0,0,0,77,605.0
flat,ss the leaf,sector 85,1.1,9565.217391304348,1150.0,Super Built up area 1640(152.36 sq.m.)Built Up area: 1600 sq.ft. (148.64 sq.m.)Carpet area: 1150 sq.ft. (106.84 sq.m.),2,2,3,10.0,West,Relatively New,1640.0,1600.0,1150.0,0,0,0,1,0,0,150,575.0
flat,the close north,sector 50,2.65,11276.595744680852,2350.0,Super Built up area 2605(242.01 sq.m.)Built Up area: 2491 sq.ft. (231.42 sq.m.)Carpet area: 2350 sq.ft. (218.32 sq.m.),3,3,3+,3.0,South-East,Moderately Old,2605.0,2491.0,2350.0,0,1,0,0,0,0,174,783.3333333333334
flat,pivotal devaan apartments,sector 84,0.39,6500.0,600.0,Super Built up area 600(55.74 sq.m.)Carpet area: 500 sq.ft. (46.45 sq.m.),2,2,0,5.0,North,Undefined,600.0,,500.0,0,0,0,0,0,0,0,300.0
flat,signature the serenas,sohna road,0.5,9398.496240601504,532.0,Carpet area: 531.57 (49.38 sq.m.),2,2,2,6.0,,New Property,,,531.521382,0,0,0,0,0,0,37,266.0
house,independent,sector 3 phase 3 extension,0.55,5000.0,1100.0,Built Up area: 1100 (102.19 sq.m.),2,1,0,1.0,,Undefined,,1100.0,,0,0,0,0,0,0,0,550.0
flat,signature global solera,sector 107,0.3,6134.9693251533745,489.0,Super Built up area 602(55.93 sq.m.)Carpet area: 489 sq.ft. (45.43 sq.m.),2,2,1,5.0,East,Relatively New,602.0,,489.0,0,0,0,0,0,0,57,244.5
house,independent,sector 43,15.5,28233.151183970855,5490.0,Plot area 610(510.04 sq.m.),5,6,3,3.0,East,Moderately Old,,610.0,,1,1,1,1,0,0,76,1098.0
flat,orchid island,sector 51,0.71,7888.888888888889,900.0,Carpet area: 906 (84.17 sq.m.),2,2,1,4.0,,Relatively New,,,906.0,0,0,0,0,0,0,23,450.0
house,"nirmal enclave, maruti kunj road",sector 11,0.24,5333.333333333333,450.0,Plot area 450(41.81 sq.m.),2,2,0,2.0,North,Relatively New,,450.0,,0,0,0,0,0,0,0,225.0
house,independent,sector 46,2.4,2962.962962962963,8100.0,Plot area 100(83.61 sq.m.),4,4,3,3.0,East,Moderately Old,,100.0,,0,0,1,0,0,1,44,2025.0
flat,emaar palm gardens,sector 83,1.8,9473.684210526315,1900.0,Super Built up area 1900(176.52 sq.m.),3,3,3+,9.0,South,Relatively New,1900.0,,,0,0,0,0,0,0,55,633.3333333333334
flat,sare crescent parc,sector 92,0.51,4080.0,1250.0,Super Built up area 1250(116.13 sq.m.),3,2,2,2.0,North,Relatively New,1250.0,,,0,0,0,0,0,0,72,416.6666666666667
flat,dlf new town heights,sector 90,1.51,6387.478849407784,2364.0,Super Built up area 2364(219.62 sq.m.)Built Up area: 2362 sq.ft. (219.44 sq.m.)Carpet area: 2360 sq.ft. (219.25 sq.m.),4,4,3+,6.0,South,Relatively New,2364.0,2362.0,2360.0,0,1,0,1,0,1,142,591.0
flat,spaze privvy the address,sector 93,1.45,8033.2409972299165,1805.0,Super Built up area 1805(167.69 sq.m.)Built Up area: 1350 sq.ft. (125.42 sq.m.)Carpet area: 1100 sq.ft. (102.19 sq.m.),3,4,2,12.0,North-East,Relatively New,1805.0,1350.0,1100.0,0,0,0,0,0,1,96,601.6666666666666
flat,godrej nature plus,sector 33,1.2,14371.25748502994,835.0,Carpet area: 77.53,2,2,3,1.0,,New Property,,,77.53,0,0,0,0,0,0,65,417.5
flat,adani m2k oyster grande,sector 102,2.6,10007.698229407237,2598.0,Super Built up area 2598(241.36 sq.m.),3,3,3,2.0,North-East,Relatively New,2598.0,,,1,1,1,0,0,0,118,866.0
house,unitech espace,sector 50,11.0,40740.74074074074,2700.0,Plot area 360(301.01 sq.m.)Built Up area: 361 sq.yards (301.84 sq.m.)Carpet area: 300 sq.yards (250.84 sq.m.),4,4,3+,2.0,North,Moderately Old,,361.0,300.0,0,1,0,0,0,1,88,675.0
flat,dlf regency park,sector 28,1.6,14545.454545454546,1100.0,Carpet area: 1100 (102.19 sq.m.),2,2,2,3.0,North,Relatively New,,,1100.0,0,0,0,0,0,0,52,550.0
flat,bestech park view sanskruti,sector 92,1.68,11052.631578947368,1520.0,Super Built up area 2120(196.95 sq.m.)Carpet area: 1520 sq.ft. (141.21 sq.m.),3,4,3+,15.0,East,Relatively New,2120.0,,1520.0,0,1,0,0,0,1,174,506.6666666666667
flat,sare green parc phase 3,sector 92,0.95,4856.850715746421,1956.0,Super Built up area 1956(181.72 sq.m.),4,3,3,4.0,North,Moderately Old,1956.0,,,0,0,0,0,0,0,67,489.0
house,ansals palam vihar,sector 2,9.0,19230.76923076923,4680.0,Plot area 520(434.79 sq.m.),5,5,2,2.0,North,Old Property,,520.0,,1,1,1,1,0,2,110,936.0
house,independent,sector 40,2.1,23333.333333333332,900.0,Plot area 900(83.61 sq.m.),3,3,2,3.0,North,Moderately Old,,900.0,,0,0,0,0,1,1,35,300.0
flat,ss the leaf,sector 85,2.1,7467.994310099573,2812.0,Super Built up area 2812(261.24 sq.m.),4,5,3+,9.0,East,Relatively New,2812.0,,,0,0,0,0,0,1,67,703.0
flat,dlf regal gardens,sector 90,1.25,6459.948320413437,1935.0,Super Built up area 1703(158.21 sq.m.)Built Up area: 1650 sq.ft. (153.29 sq.m.)Carpet area: 1600 sq.ft. (148.64 sq.m.),3,3,3,10.0,South,Relatively New,1703.0,1650.0,1600.0,0,0,0,0,1,1,38,645.0
house,dlf city plots phase 2,sector 25,10.75,29861.11111111111,3600.0,Plot area 400(334.45 sq.m.),9,9,3+,3.0,South-West,Old Property,,400.0,,0,1,1,1,0,0,73,400.0
flat,m3m skywalk,sector 74,1.6,11379.800853485063,1406.0,Super Built up area 1406(130.62 sq.m.),2,2,2,28.0,,New Property,1406.0,,,0,0,0,0,0,0,15,703.0
house,spaze privy,sector 72,3.1,8486.175745962222,3653.0,Plot area 3653(339.37 sq.m.),5,5,3+,21.0,,Relatively New,,3653.0,,0,0,0,0,0,0,0,730.6
flat,shapoorji pallonji joyville gurugram,sector 102,0.97,10601.092896174863,915.0,Super Built up area 915(85.01 sq.m.)Carpet area: 600 sq.ft. (55.74 sq.m.),2,2,2,12.0,,New Property,915.0,,600.0,0,0,0,0,0,0,57,457.5
flat,signature signum 95a,sector 95,0.4,7782.101167315175,514.0,Carpet area: 514 (47.75 sq.m.),2,2,2,3.0,East,New Property,,,514.0,0,0,0,0,0,0,44,257.0
flat,m3m skywalk,sector 74,2.25,13636.363636363636,1650.0,Super Built up area 2038(189.34 sq.m.)Built Up area: 1938 sq.ft. (180.05 sq.m.)Carpet area: 1650 sq.ft. (153.29 sq.m.),3,3,2,9.0,South,Relatively New,2038.0,1938.0,1650.0,0,1,0,0,0,1,174,550.0
house,independent,sector 3 phase 2,0.4,8000.0,500.0,Built Up area: 500 (46.45 sq.m.)Carpet area: 300 sq.ft. (27.87 sq.m.),2,1,0,1.0,South,Undefined,,500.0,300.0,0,0,0,0,0,0,0,250.0
flat,paras dews,sector 106,0.95,6859.205776173285,1385.0,Super Built up area 1385(128.67 sq.m.)Built Up area: 940 sq.ft. (87.33 sq.m.)Carpet area: 845 sq.ft. (78.5 sq.m.),2,2,3+,2.0,North,Relatively New,1385.0,940.0,845.0,0,0,0,0,0,0,49,692.5
house,sushant lok 1 builder floors,sector 43,10.85,28841.041998936736,3762.0,Plot area 418(349.5 sq.m.),8,8,3,3.0,West,Moderately Old,,418.0,,1,1,1,1,0,2,160,470.25
house,project mianwali colony,sector 12,2.0,14814.814814814816,1350.0,Built Up area: 1350 (125.42 sq.m.),5,5,2,3.0,East,Undefined,,1350.0,,0,0,0,0,0,0,0,270.0
flat,shapoorji pallonji joyville gurugram,sector 102,1.8,10638.297872340425,1692.0,Super Built up area 1692(157.19 sq.m.),3,3,3,1.0,East,Relatively New,1692.0,,,0,0,0,0,0,0,141,564.0
flat,conscient elevate,sector 59,6.75,19882.17967599411,3395.0,Super Built up area 3395(315.41 sq.m.)Carpet area: 1855 sq.ft. (172.34 sq.m.),4,4,2,10.0,,New Property,3395.0,,1855.0,0,1,0,0,0,0,31,848.75
flat,ireo victory valley,sector 67,3.5,14583.333333333334,2400.0,Super Built up area 2698(250.65 sq.m.)Built Up area: 2490 sq.ft. (231.33 sq.m.)Carpet area: 2400 sq.ft. (222.97 sq.m.),3,4,3,24.0,North-East,Relatively New,2698.0,2490.0,2400.0,0,1,0,1,0,1,149,800.0
house,rwa sector 46,sector 46,4.5,24390.243902439026,1845.0,Plot area 204(170.57 sq.m.)Built Up area: 206 sq.yards (172.24 sq.m.)Carpet area: 205 sq.yards (171.41 sq.m.),6,6,3+,3.0,North-East,Moderately Old,,206.0,205.0,0,0,1,0,0,1,80,307.5
flat,imperia the esfera,sector 37c,0.86,4886.363636363636,1760.0,Super Built up area 1760(163.51 sq.m.),3,3,2,0.0,,New Property,1760.0,,,0,0,0,0,1,0,35,586.6666666666666
flat,sare crescent parc royal greens phase 1,sector 92,0.75,4325.259515570934,1734.0,Built Up area: 1734 (161.09 sq.m.),4,4,3+,3.0,East,Relatively New,,1734.0,,0,0,0,0,0,0,93,433.5
flat,dlf regency park,sector 28,2.35,13224.535734383793,1777.0,Super Built up area 1777(165.09 sq.m.),3,3,2,18.0,North-East,Old Property,1777.0,,,0,1,0,0,0,0,120,592.3333333333334
flat,paras dews,sector 106,1.2,6818.181818181818,1760.0,Super Built up area 1760(163.51 sq.m.)Built Up area: 1186 sq.ft. (110.18 sq.m.)Carpet area: 1130 sq.ft. (104.98 sq.m.),3,4,3+,9.0,North-East,Relatively New,1760.0,1186.0,1130.0,0,1,0,0,0,0,174,586.6666666666666
flat,orchid petals,sector 49,2.45,11887.433284813198,2061.0,Super Built up area 2061(191.47 sq.m.),3,3,3,0.0,North-East,Relatively New,2061.0,,,1,0,0,0,0,0,49,687.0
house,vatika independent floors,sector 82,1.4,8235.29411764706,1700.0,Plot area 1700(157.94 sq.m.),3,3,2,3.0,North-West,New Property,,1700.0,,0,0,0,1,0,0,61,566.6666666666666
flat,emaar palm gardens,sector 83,1.75,9210.526315789473,1900.0,Super Built up area 1900(176.52 sq.m.)Carpet area: 1240.04 sq.ft. (115.2 sq.m.),3,3,3,6.0,North-West,Relatively New,1900.0,,1240.04,0,1,0,0,0,1,105,633.3333333333334
flat,umang monsoon breeze,sector 78,0.8,4836.759371221282,1654.0,Super Built up area 1654(153.66 sq.m.)Built Up area: 1472 sq.ft. (136.75 sq.m.)Carpet area: 1310 sq.ft. (121.7 sq.m.),3,2,2,7.0,South,Moderately Old,1654.0,1472.0,1310.0,0,0,0,1,0,0,102,551.3333333333334
flat,earth copia,sector 112,0.7,4672.897196261682,1498.0,Built Up area: 1498 (139.17 sq.m.),2,2,2,4.0,East,Relatively New,,1498.0,,0,0,0,0,0,0,65,749.0
flat,dlf regal gardens,sector 90,1.65,7449.2099322799095,2215.0,Super Built up area 2215(205.78 sq.m.)Built Up area: 1900 sq.ft. (176.52 sq.m.)Carpet area: 1700 sq.ft. (157.94 sq.m.),4,4,3+,8.0,East,Relatively New,2215.0,1900.0,1700.0,0,0,0,0,1,0,79,553.75
flat,umang winter hills,sector 77,0.71,5306.427503736921,1338.0,Super Built up area 1342(124.68 sq.m.)Carpet area: 810 sq.ft. (75.25 sq.m.),2,2,2,6.0,North-West,Relatively New,1342.0,,810.0,1,0,0,0,0,0,108,669.0
house,unitech palms south city 1,sector 41,9.25,28549.382716049382,3240.0,Plot area 3240(301.01 sq.m.)Built Up area: 5000 sq.ft. (464.52 sq.m.)Carpet area: 4500 sq.ft. (418.06 sq.m.),9,9,3+,4.0,North,Moderately Old,,5000.0,4500.0,1,1,1,1,0,1,65,360.0
flat,m3m skywalk,sector 74,1.57,11002.102312543799,1427.0,Super Built up area 1424(132.29 sq.m.)Built Up area: 1300 sq.ft. (120.77 sq.m.)Carpet area: 1100 sq.ft. (102.19 sq.m.),2,2,3+,10.0,South,Relatively New,1424.0,1300.0,1100.0,0,0,0,0,1,0,137,713.5
flat,godrej nature plus,sector 33,1.1,7971.014492753623,1380.0,Carpet area: 1380 (128.21 sq.m.),2,2,2,14.0,North,Undefined,,,1380.0,0,0,0,0,0,0,56,690.0
flat,ats marigold,sector 89,1.5,8498.583569405098,1765.0,Super Built up area 1750(162.58 sq.m.)Built Up area: 1480 sq.ft. (137.5 sq.m.)Carpet area: 1450 sq.ft. (134.71 sq.m.),3,3,3,5.0,North,Under Construction,1750.0,1480.0,1450.0,0,0,0,0,0,0,96,588.3333333333334
flat,ss the leaf,sector 85,1.31,7987.804878048781,1640.0,Carpet area: 1640 (152.36 sq.m.),2,2,2,5.0,West,Relatively New,,,1640.0,0,1,0,0,0,0,89,820.0
flat,godrej oasis,sector 88a,1.45,8366.993652625504,1733.0,Super Built up area 161Carpet area: 108.4 sq.m.,2,2,3+,9.0,,Relatively New,161.0,,108.4,1,0,0,0,0,2,85,866.5
flat,hsiidc sidco shivalik apartments,manesar,0.6,4000.0,1500.0,Super Built up area 1500(139.35 sq.m.)Carpet area: 1077 sq.ft. (100.06 sq.m.),3,2,2,5.0,South-East,Moderately Old,1500.0,,1077.0,0,0,0,0,0,0,80,500.0
house,independent,sector 25,13.5,37313.432835820895,3618.0,Plot area 402(336.12 sq.m.),5,6,3+,4.0,North-East,Old Property,,402.0,,0,0,0,0,1,1,79,723.6
flat,ats kocoon,sector 109,2.22,10596.658711217184,2095.0,Super Built up area 2095(194.63 sq.m.),3,3,3,20.0,East,Relatively New,2095.0,,,0,1,0,0,1,0,79,698.3333333333334
flat,bestech park view ananda,sector 81,0.95,6985.294117647059,1360.0,Super Built up area 1360(126.35 sq.m.)Built Up area: 1150 sq.ft. (106.84 sq.m.)Carpet area: 894 sq.ft. (83.06 sq.m.),2,2,2,13.0,South-East,Relatively New,1360.0,1150.0,894.0,0,0,0,0,0,1,167,680.0
flat,signature global park,sohna road,0.72,5990.016638935108,1202.0,Super Built up area 1210(112.41 sq.m.),2,2,3,3.0,North-West,Relatively New,1210.0,,,0,0,0,1,0,0,158,601.0
house,independent,sector 7,2.43,14889.70588235294,1632.0,Plot area 181.33(151.61 sq.m.)Built Up area: 345 sq.yards (288.46 sq.m.),4,4,2,3.0,South-West,Old Property,,345.0,,1,0,1,1,0,0,38,408.0
flat,ireo the corridors,sector 67a,1.5,11111.111111111111,1350.0,Carpet area: 1350 (125.42 sq.m.),2,2,2,10.0,,Relatively New,,,1350.0,0,0,1,0,0,1,38,675.0
house,independent,sector 3 phase 3 extension,1.5,5000.0,3000.0,Built Up area: 3000 (278.71 sq.m.),6,1,0,1.0,,New Property,,3000.0,,0,0,0,0,0,0,0,500.0
flat,conscient one,sector 109,1.7,17616.58031088083,965.0,Built Up area: 965 (89.65 sq.m.)Carpet area: 628 sq.ft. (58.34 sq.m.),1,1,2,9.0,,Undefined,,965.0,628.0,0,0,0,0,0,0,0,965.0
flat,orchid petals,sector 49,2.35,11559.272011805215,2033.0,Super Built up area 2033(188.87 sq.m.)Built Up area: 2030 sq.ft. (188.59 sq.m.)Carpet area: 1750 sq.ft. (162.58 sq.m.),3,3,3,15.0,West,Relatively New,2033.0,2030.0,1750.0,0,0,0,0,1,0,49,677.6666666666666
flat,emaar imperial gardens,sector 102,1.85,9135.802469135802,2025.0,Carpet area: 2025 (188.13 sq.m.),3,3,3+,0.0,South-West,Relatively New,,,2025.0,0,1,0,0,0,1,95,675.0
house,independent,sector 41,9.0,27777.777777777777,3240.0,Plot area 360(301.01 sq.m.),8,5,3+,3.0,,Old Property,,360.0,,0,1,1,1,0,1,26,405.0
house,independent,sector 105,1.15,3284.7757783490433,3501.0,Carpet area: 3500 (325.16 sq.m.),3,2,1,1.0,,Undefined,,,3500.0,0,0,0,0,0,0,0,1167.0
flat,breez global heights,sohna road,0.4,6420.545746388443,623.0,Super Built up area 623(57.88 sq.m.)Carpet area: 599 sq.ft. (55.65 sq.m.),2,2,1,4.0,North-East,New Property,623.0,,599.0,0,0,0,0,0,0,49,311.5
flat,signature global synera,sector 81,0.4,6319.11532385466,633.0,Super Built up area 633(58.81 sq.m.)Carpet area: 539 sq.ft. (50.07 sq.m.),2,2,1,12.0,South,Relatively New,633.0,,539.0,0,0,0,0,0,0,23,316.5
flat,ats triumph,sector 104,1.75,7641.921397379912,2290.0,Super Built up area 2290(212.75 sq.m.),3,4,3+,11.0,South-East,Relatively New,2290.0,,,0,1,0,0,0,0,110,763.3333333333334
flat,experion the heartsong,sector 108,0.87,11852.861035422344,734.0,Super Built up area 1283(119.19 sq.m.)Built Up area: 978.23 sq.ft. (90.88 sq.m.)Carpet area: 734.43 sq.ft. (68.23 sq.m.),2,3,3,2.0,South-West,Relatively New,1283.0,978.23,734.43,0,1,0,0,0,1,123,367.0
flat,raheja atharva,sector 109,2.2,9490.940465918895,2318.0,Carpet area: 2318 (215.35 sq.m.),3,3,2,7.0,North,Moderately Old,,,2318.0,0,1,0,0,0,1,111,772.6666666666666
flat,m3m skycity,sector 65,3.5,17039.92210321324,2054.0,Carpet area: 2054 (190.82 sq.m.),3,3,3,15.0,East,New Property,,,2054.0,1,1,0,1,0,1,166,684.6666666666666
flat,ambience creacions,sector 22,3.5,19444.444444444445,1800.0,Carpet area: 1800 (167.23 sq.m.),3,4,3+,8.0,East,New Property,,,1800.0,0,1,0,0,0,1,57,600.0
flat,pyramid urban homes 2,sector 86,0.5,9615.384615384615,520.0,Carpet area: 520 (48.31 sq.m.),2,2,1,10.0,,Relatively New,,,520.0,0,0,0,0,0,0,15,260.0
flat,bptp terra,sector 37d,1.65,7530.807850296668,2191.0,Super Built up area 2191(203.55 sq.m.)Built Up area: 2091 sq.ft. (194.26 sq.m.)Carpet area: 1991 sq.ft. (184.97 sq.m.),4,3,3+,6.0,West,Relatively New,2191.0,2091.0,1991.0,0,0,0,0,0,1,149,547.75
flat,unitech uniworld city,sector 30,3.55,14991.554054054053,2368.0,Super Built up area 2368(219.99 sq.m.)Built Up area: 2367 sq.ft. (219.9 sq.m.)Carpet area: 2000 sq.ft. (185.81 sq.m.),3,5,3+,16.0,North,Old Property,2368.0,2367.0,2000.0,0,1,0,0,0,1,141,789.3333333333334
flat,mapsko mount ville,sector 79,1.2,13840.83044982699,867.0,Super Built up area 1510(140.28 sq.m.)Carpet area: 867.24 sq.ft. (80.57 sq.m.),3,3,3,18.0,North,Relatively New,1510.0,,867.24,1,0,0,1,0,1,160,289.0
flat,vatika inxt floors,sector 82a,1.25,8333.333333333334,1500.0,Carpet area: 1500 (139.35 sq.m.),3,2,3,2.0,North,Relatively New,,,1500.0,1,0,0,1,0,1,94,500.0
flat,central park flower valley,sector 33,1.79,11250.785669390321,1591.0,Super Built up area 1789(166.2 sq.m.),3,3,3,3.0,South,Old Property,1789.0,,,0,0,0,0,0,0,71,530.3333333333334
house,independent,sector 105,1.2,13333.333333333334,900.0,Plot area 900(83.61 sq.m.),4,4,1,2.0,South-West,Moderately Old,,900.0,,0,0,0,0,1,0,14,225.0
flat,signature global city 92,sector 92,0.99,9074.243813015582,1091.0,Built Up area: 1091 (101.36 sq.m.),3,2,3,1.0,,Undefined,,1091.0,,0,0,0,0,0,0,24,363.6666666666667
flat,emaar imperial gardens,sector 102,1.7,8395.061728395061,2025.0,Super Built up area 2025(188.13 sq.m.)Built Up area: 1750 sq.ft. (162.58 sq.m.)Carpet area: 1600 sq.ft. (148.64 sq.m.),3,4,3+,8.0,North-East,Relatively New,2025.0,1750.0,1600.0,0,1,0,1,0,1,174,675.0
flat,antriksh heights,sector 84,1.02,4868.7350835322195,2095.0,Super Built up area 2095(194.63 sq.m.),4,4,3+,11.0,North,Relatively New,2095.0,,,0,1,0,1,0,0,99,523.75
house,suncity avenue 76,sector 76,0.75,10067.114093959732,745.0,Plot area 745(69.21 sq.m.)Built Up area: 745 sq.ft. (69.21 sq.m.),2,2,2,11.0,North-East,New Property,,745.0,,0,0,0,0,0,0,40,372.5
flat,shapoorji pallonji joyville gurugram,sector 102,2.0,17730.49645390071,1128.0,Super Built up area 1852(172.06 sq.m.)Built Up area: 1456 sq.ft. (135.27 sq.m.)Carpet area: 1128.09 sq.ft. (104.8 sq.m.),3,3,3+,1.0,South,Relatively New,1852.0,1456.0,1128.09,0,0,1,0,0,0,139,376.0
flat,paras dews,sector 106,0.92,6642.599277978339,1385.0,Super Built up area 1385(128.67 sq.m.)Built Up area: 940 sq.ft. (87.33 sq.m.)Carpet area: 845 sq.ft. (78.5 sq.m.),2,2,3+,2.0,East,Relatively New,1385.0,940.0,845.0,0,0,0,0,0,0,174,692.5
flat,tulip violet,sector 69,1.85,9203.980099502487,2010.0,Super Built up area 2010(186.74 sq.m.),4,4,2,14.0,North-East,Relatively New,2010.0,,,0,0,0,0,0,1,157,502.5
flat,bestech altura,sector 79,1.72,8000.0,2150.0,Super Built up area 2150(199.74 sq.m.)Carpet area: 1300 sq.ft. (120.77 sq.m.),3,4,3+,5.0,North-East,Relatively New,2150.0,,1300.0,0,1,0,0,0,0,174,716.6666666666666
flat,dlf new town heights,sector 90,1.2,6217.616580310881,1930.0,Carpet area: 1930 (179.3 sq.m.),3,3,3+,8.0,North-West,Moderately Old,,,1930.0,0,1,0,1,0,0,59,643.3333333333334
flat,dlf regal gardens,sector 90,1.25,8116.883116883117,1540.0,Super Built up area 1702(158.12 sq.m.)Built Up area: 1640 sq.ft. (152.36 sq.m.)Carpet area: 1540 sq.ft. (143.07 sq.m.),3,3,3,8.0,South-East,Relatively New,1702.0,1640.0,1540.0,0,0,0,1,0,0,158,513.3333333333334
flat,ompee k s residency,sector 110,1.6,2992.8918817807707,5346.0,Carpet area: 66 (55.18 sq.m.),2,2,2,1.0,,Relatively New,,,66.0,0,0,0,0,0,0,0,2673.0
house,dlf the grove,sector 54,5.7,23456.79012345679,2430.0,Built Up area: 270 (25.08 sq.m.),4,4,0,1.0,,Undefined,,270.0,,0,0,0,0,0,0,46,607.5
flat,supertech araville,sector 79,0.71,5520.99533437014,1286.0,Built Up area: 1295 (120.31 sq.m.),2,2,0,9.0,,Under Construction,,1295.0,,0,0,0,0,0,0,0,643.0
flat,ats kocoon,sector 109,1.6,9169.054441260745,1745.0,Super Built up area 1745(162.12 sq.m.)Built Up area: 1550 sq.ft. (144 sq.m.),3,3,3,10.0,North,Relatively New,1745.0,1550.0,,0,0,0,0,0,0,86,581.6666666666666
flat,smart world gems,sector 89,0.9,8159.564823209429,1103.0,Super Built up area 1103(102.47 sq.m.),2,2,2,3.0,,New Property,1103.0,,,1,0,0,0,1,0,95,551.5
house,independent,sector 25,10.0,37037.03703703704,2700.0,Plot area 2700(250.84 sq.m.)Built Up area: 9500 sq.ft. (882.58 sq.m.)Carpet area: 9000 sq.ft. (836.13 sq.m.),5,5,3+,3.0,East,Moderately Old,,9500.0,9000.0,0,1,0,1,0,2,29,540.0
flat,capital residences 360,sector 70a,1.51,7641.700404858299,1976.0,Super Built up area 1976(183.58 sq.m.),3,3,3,7.0,South-East,Relatively New,1976.0,,,0,1,0,0,0,0,49,658.6666666666666
flat,emaar gurgaon greens,sector 102,1.52,9212.121212121212,1650.0,Super Built up area 1650(153.29 sq.m.)Carpet area: 1022.58 sq.ft. (95 sq.m.),3,3,3,7.0,North-West,Relatively New,1650.0,,1022.58,0,1,0,0,0,1,137,550.0
flat,breez global heights,sohna road,0.46,6478.87323943662,710.0,Carpet area: 710 (65.96 sq.m.),2,2,2,6.0,East,Relatively New,,,710.0,0,0,0,0,0,2,49,355.0
house,sushant lok 1 builder floors,sector 43,1.95,10077.519379844962,1935.0,Plot area 215(179.77 sq.m.),3,4,3+,4.0,West,New Property,,215.0,,0,1,0,0,0,1,78,645.0
flat,paras dews,sector 106,1.28,7272.727272727273,1760.0,Super Built up area 1760(163.51 sq.m.)Built Up area: 1186 sq.ft. (110.18 sq.m.)Carpet area: 1130 sq.ft. (104.98 sq.m.),3,4,3+,24.0,North-West,Relatively New,1760.0,1186.0,1130.0,0,1,0,0,0,0,49,586.6666666666666
flat,emaar the palm drive,sector 66,3.9,18633.540372670806,2093.0,Built Up area: 2200 (204.39 sq.m.),3,4,3,2.0,,Relatively New,,2200.0,,0,0,0,0,0,0,0,697.6666666666666
flat,indiabulls enigma,sector 110,4.25,10953.60824742268,3880.0,Super Built up area 3880(360.46 sq.m.),5,5,3+,4.0,East,Relatively New,3880.0,,,0,1,0,0,0,0,101,776.0
flat,godrej air,sector 85,1.8,13138.686131386861,1370.0,Carpet area: 127.3,3,3,3,30.0,,Under Construction,,,127.3,0,0,0,0,0,0,45,456.6666666666667
flat,vatika independent floors,sector 82,1.45,8055.555555555556,1800.0,Built Up area: 1800 (167.23 sq.m.),4,3,0,1.0,,Undefined,,1800.0,,0,0,0,0,0,0,50,450.0
flat,smart world orchard,sector 61,2.54,15497.25442342892,1639.0,Carpet area: 1640 (152.36 sq.m.),3,3,3,2.0,,Undefined,,,1640.0,0,0,1,0,0,0,16,546.3333333333334
flat,sare homes,sector 92,1.25,6200.396825396825,2016.0,Built Up area: 2040 (189.52 sq.m.),4,3,0,16.0,,Undefined,,2040.0,,0,0,0,0,0,0,49,504.0
flat,apna enclave,sector 3,0.8,6153.846153846154,1300.0,Super Built up area 1300(120.77 sq.m.)Built Up area: 1000 sq.ft. (92.9 sq.m.),3,3,1,0.0,,Old Property,1300.0,1000.0,,0,0,0,0,0,0,0,433.3333333333333
flat,ss the leaf,sector 85,2.1,8720.93023255814,2408.0,Super Built up area 2408(223.71 sq.m.)Carpet area: 1685 sq.ft. (156.54 sq.m.),3,4,3+,6.0,North,Relatively New,2408.0,,1685.0,0,1,0,0,0,0,156,802.6666666666666
flat,dlf new town heights,sector 90,1.6,6768.18950930626,2364.0,Super Built up area 2364(219.62 sq.m.),4,4,3+,10.0,West,Relatively New,2364.0,,,0,1,0,1,0,0,88,591.0
flat,signature global orchard avenue,sector 93,0.4,7352.941176470588,544.0,Carpet area: 543.53 (50.5 sq.m.),2,2,2,11.0,,New Property,,,543.57695,0,0,0,0,0,0,37,272.0
house,independent,sector 47,0.99,17187.5,576.0,Plot area 64(53.51 sq.m.),1,4,3,4.0,,Relatively New,,64.0,,0,0,0,0,0,0,13,576.0
house,independent,sector 8,0.59,10085.470085470086,585.0,Plot area 585(54.35 sq.m.),2,2,2,2.0,,Moderately Old,,585.0,,0,0,0,0,1,0,7,292.5
flat,valley view estate,gwal pahari,0.38,6089.74358974359,624.0,Super Built up area 624(57.97 sq.m.),1,1,1,11.0,,Moderately Old,624.0,,,0,0,0,0,0,0,42,624.0
flat,ambience creacions,sector 22,2.55,13709.677419354839,1860.0,Super Built up area 1860(172.8 sq.m.)Built Up area: 1600 sq.ft. (148.64 sq.m.)Carpet area: 1400 sq.ft. (130.06 sq.m.),3,3,3,5.0,North-East,Relatively New,1860.0,1600.0,1400.0,0,0,0,0,0,2,49,620.0
flat,essel towers,sector 14,2.75,12500.0,2200.0,Built Up area: 2200 (204.39 sq.m.),4,5,3+,8.0,East,Old Property,,2200.0,,1,1,0,0,0,2,128,550.0
flat,the serenas,sector 36,0.42,7909.604519774011,531.0,Carpet area: 531 (49.33 sq.m.),2,2,1,3.0,,Undefined,,,531.0,0,0,0,0,0,0,0,265.5
flat,orris aster court premier,sector 85,1.5,5859.375,2560.0,Super Built up area 2560(237.83 sq.m.)Built Up area: 2017 sq.ft. (187.39 sq.m.)Carpet area: 1800 sq.ft. (167.23 sq.m.),4,5,3+,6.0,West,New Property,2560.0,2017.0,1800.0,0,1,0,0,0,1,28,640.0
flat,tata primanti,sector 72,3.2,12190.47619047619,2625.0,Super Built up area 2625(243.87 sq.m.)Built Up area: 2600 sq.ft. (241.55 sq.m.)Carpet area: 2550 sq.ft. (236.9 sq.m.),4,4,3+,8.0,North,Moderately Old,2625.0,2600.0,2550.0,0,1,0,0,0,1,168,656.25
flat,rwa,sector 7,0.48,6000.0,800.0,Carpet area: 800 (74.32 sq.m.),3,2,1,1.0,North-East,New Property,,,800.0,0,0,0,0,0,0,21,266.6666666666667
flat,godrej habitat,sector 3,1.35,12784.09090909091,1056.0,Built Up area: 1056 (98.11 sq.m.)Carpet area: 912 sq.ft. (84.73 sq.m.),2,2,0,4.0,North-East,Undefined,,1056.0,912.0,0,0,0,0,0,0,60,528.0
flat,vatika sovereign next sector-82 a gurgaon,sector 82a,2.91,6700.437485609026,4343.0,Super Built up area 4350(404.13 sq.m.)Carpet area: 3480 sq.ft. (323.3 sq.m.),4,4,3,6.0,East,Under Construction,4350.0,,3480.0,1,1,1,0,0,1,79,1085.75
flat,central park resorts,sector 48,9.3,24926.293218976145,3731.0,Super Built up area 3931(365.2 sq.m.)Built Up area: 3831 sq.ft. (355.91 sq.m.)Carpet area: 3731 sq.ft. (346.62 sq.m.),4,4,3+,10.0,North-East,Moderately Old,3931.0,3831.0,3731.0,1,1,1,1,0,1,67,932.75
flat,breez global hill view,sohna road,0.42,7179.48717948718,585.0,Carpet area: 585.41 (54.39 sq.m.),2,2,1,18.0,,Relatively New,,,585.448521,0,0,0,0,0,0,44,292.5
flat,suncity platinum towers,sector 28,6.0,22346.368715083798,2685.0,Carpet area: 2685 (249.44 sq.m.),3,3,2,8.0,South-East,Moderately Old,,,2685.0,0,1,0,0,0,0,31,895.0
flat,ireo the corridors,sector 67a,1.8,14657.980456026058,1228.0,Super Built up area 1921(178.47 sq.m.)Carpet area: 1227.96 sq.ft. (114.08 sq.m.),3,3,3,6.0,North,New Property,1921.0,,1227.96,0,1,1,0,0,1,150,409.3333333333333
flat,vatika the seven lamps,sector 82,0.81,6192.660550458716,1308.0,Super Built up area 1300(120.77 sq.m.),2,2,2,15.0,West,Relatively New,1300.0,,,0,0,0,0,0,1,117,654.0
house,dlf city phase 1,sector 26,4.5,33333.333333333336,1350.0,Plot area 150(125.42 sq.m.),3,3,2,2.0,East,Moderately Old,,150.0,,1,1,0,0,0,0,70,450.0
house,independent,sector 4,0.58,9618.573797678275,603.0,Plot area 67(6.22 sq.m.),2,2,1,2.0,West,Moderately Old,,67.0,,0,0,0,1,1,0,7,301.5
flat,m3m heights,sector 65,2.78,15199.562602515036,1829.0,Super Built up area 1828(169.83 sq.m.),3,3,3,44.0,,Undefined,1828.0,,,0,0,0,0,0,0,56,609.6666666666666
flat,supertech araville,sector 79,0.9,5882.35294117647,1530.0,Super Built up area 1530(142.14 sq.m.)Built Up area: 1450 sq.ft. (134.71 sq.m.)Carpet area: 1400 sq.ft. (130.06 sq.m.),2,2,3,5.0,,Relatively New,1530.0,1450.0,1400.0,1,0,0,0,0,0,53,765.0
flat,dlf regal gardens,sector 90,2.05,8999.12203687445,2278.0,Super Built up area 2215(205.78 sq.m.),4,4,3+,5.0,,Relatively New,2215.0,,,0,0,0,0,0,1,49,569.5
flat,tulip ivory,sector 70,2.0,8333.333333333334,2400.0,Super Built up area 2400(222.97 sq.m.),4,5,3+,2.0,South-East,Relatively New,2400.0,,,0,1,0,0,0,1,49,600.0
flat,vatika city,sector 49,1.85,10577.472841623785,1749.0,Super Built up area 1748.87(162.48 sq.m.)Built Up area: 1471.12 sq.ft. (136.67 sq.m.),3,3,1,7.0,South-West,Moderately Old,1748.87,1471.12,,0,0,1,1,0,0,158,583.0
flat,m3m woodshire,sector 107,0.88,6442.166910688141,1366.0,Super Built up area 1366(126.91 sq.m.),2,2,3+,3.0,East,Relatively New,1366.0,,,0,0,0,0,0,0,99,683.0
house,unitech aspen greens,sector 50,12.0,37037.03703703704,3240.0,Plot area 360(301.01 sq.m.),3,4,2,1.0,East,Moderately Old,,360.0,,1,1,0,0,0,1,101,1080.0
flat,dlf regal gardens,sector 90,1.65,7449.2099322799095,2215.0,Super Built up area 2215(205.78 sq.m.)Built Up area: 2214 sq.ft. (205.69 sq.m.)Carpet area: 2213 sq.ft. (205.59 sq.m.),4,4,3+,15.0,East,Relatively New,2215.0,2214.0,2213.0,0,0,0,0,0,0,158,553.75
flat,bestech park view residency,sector 2,1.51,7889.237199582027,1914.0,Super Built up area 1920(178.37 sq.m.),3,4,3+,8.0,West,Moderately Old,1920.0,,,0,1,0,0,0,0,92,638.0
house,independent,sector 3,3.5,9210.526315789473,3800.0,Built Up area: 3800 (353.03 sq.m.),1,1,0,1.0,,Undefined,,3800.0,,0,0,0,0,0,0,0,3800.0
flat,microtek greenburg,sector 86,1.3,15294.117647058823,850.0,Carpet area: 850 (78.97 sq.m.),2,3,3,5.0,North-East,Relatively New,,,850.0,1,0,0,0,0,1,45,425.0
flat,assotech blith,sector 99,1.9,6701.940035273368,2835.0,Built Up area: 2835 (263.38 sq.m.),4,4,3+,2.0,North-East,Undefined,,2835.0,,0,0,0,0,0,0,51,708.75
flat,huda ashok vihar phase,sector 4,0.43,6615.384615384615,650.0,Carpet area: 650 (60.39 sq.m.),2,2,1,2.0,,Relatively New,,,650.0,0,0,0,0,0,0,7,325.0
house,ansals florence villa,sector 57,3.65,10579.710144927536,3450.0,Plot area 3450(320.52 sq.m.),6,6,2,3.0,North-West,Moderately Old,,3450.0,,1,1,1,1,0,2,152,575.0
house,unitech espace,sector 50,9.8,30246.913580246914,3240.0,Plot area 360(301.01 sq.m.)Built Up area: 300 sq.yards (250.84 sq.m.)Carpet area: 280 sq.yards (234.12 sq.m.),4,4,3,2.0,North-West,Moderately Old,,300.0,280.0,0,1,0,0,0,0,22,810.0
flat,vatika city homes,sector 83,1.0,5747.126436781609,1740.0,Super Built up area 1740(161.65 sq.m.),3,3,2,2.0,South-East,Relatively New,1740.0,,,0,0,1,0,0,1,174,580.0
flat,ss the leaf,sector 85,2.15,8928.57142857143,2408.0,Super Built up area 2408(223.71 sq.m.),3,5,3,2.0,,New Property,2408.0,,,0,0,0,0,0,0,53,802.6666666666666
flat,sare homes,sector 92,1.12,5358.851674641149,2090.0,Carpet area: 2090 (194.17 sq.m.),4,4,2,12.0,North-West,Relatively New,,,2090.0,0,1,0,0,0,0,85,522.5
flat,chd avenue,sector 71,1.3,5531.914893617021,2350.0,Super Built up area 2350(218.32 sq.m.),4,4,3,5.0,North-East,Moderately Old,2350.0,,,0,1,0,0,0,0,126,587.5
flat,shri ram apartments,sector 4,0.32,3368.4210526315787,950.0,Carpet area: 950 (88.26 sq.m.),2,2,1,4.0,,Relatively New,,,950.0,0,0,0,0,0,1,7,475.0
house,independent,sector 55,1.45,26851.85185185185,540.0,Plot area 60(5.57 sq.m.),1,4,3+,4.0,East,Relatively New,,60.0,,0,0,1,0,0,0,70,540.0
flat,shreeram apartment ii,sector 4,0.21,4666.666666666667,450.0,Carpet area: 450 (41.81 sq.m.),1,1,1,2.0,,Relatively New,,,450.0,0,0,0,0,0,0,7,450.0
house,independent,sector 7,1.15,8518.518518518518,1350.0,Plot area 150(125.42 sq.m.),5,3,2,2.0,North-East,Old Property,,150.0,,0,0,0,1,0,0,15,270.0
flat,tulip violet,sector 69,2.0,10167.768174885612,1967.0,Carpet area: 1967 (182.74 sq.m.),4,4,1,12.0,,Relatively New,,,1967.0,0,0,0,0,0,0,79,491.75
house,independent,sector 47,4.3,29311.52010906612,1467.0,Plot area 163(136.29 sq.m.),3,4,2,2.0,,Moderately Old,,163.0,,0,0,0,0,1,0,0,489.0
flat,signature global solera,sector 107,0.6,8000.0,750.0,Built Up area: 750 (69.68 sq.m.)Carpet area: 650 sq.ft. (60.39 sq.m.),3,2,2,8.0,,Undefined,,750.0,650.0,0,0,0,0,0,0,55,250.0
flat,hsiidc sidco aravali,manesar,0.86,3323.029366306028,2588.0,Super Built up area 2588(240.43 sq.m.)Built Up area: 1900 sq.ft. (176.52 sq.m.)Carpet area: 1877 sq.ft. (174.38 sq.m.),3,3,3+,3.0,South,Moderately Old,2588.0,1900.0,1877.0,0,1,0,0,0,0,81,862.6666666666666
house,independent,manesar,2.0,14958.863126402393,1337.0,Plot area 1337.4(124.25 sq.m.),3,1,0,3.0,North,Moderately Old,,1337.4,,0,0,0,0,0,0,16,445.6666666666667
flat,oriental valley chs,sector 9a,1.5,8108.108108108108,1850.0,Carpet area: 1850 (171.87 sq.m.),4,3,3+,8.0,,Moderately Old,,,1850.0,0,0,0,0,0,0,35,462.5
house,vipul tatvam villa,sector 48,6.4,24691.35802469136,2592.0,Plot area 288(240.8 sq.m.)Built Up area: 240 sq.yards (200.67 sq.m.)Carpet area: 200 sq.yards (167.23 sq.m.),3,4,3,2.0,North,Relatively New,,240.0,200.0,1,1,1,0,0,1,148,864.0
flat,parsvnath green ville,sector 48,2.0,7763.975155279503,2576.0,Super Built up area 2125(197.42 sq.m.),3,3,0,15.0,,Relatively New,2125.0,,,0,1,0,0,0,0,74,858.6666666666666
flat,central park flower valley aqua front towers,sector 33,2.1,11738.401341531582,1789.0,Super Built up area 1789(166.2 sq.m.),3,3,2,6.0,,Under Construction,1789.0,,,0,0,0,0,0,0,24,596.3333333333334
house,independent,sector 12,0.9,13333.333333333334,675.0,Built Up area: 675 (62.71 sq.m.),2,4,0,2.0,,Undefined,,675.0,,0,0,0,0,0,0,0,337.5
flat,ss the leaf,sector 85,2.13,7574.679943100996,2812.0,Super Built up area 2812(261.24 sq.m.)Built Up area: 2600 sq.ft. (241.55 sq.m.)Carpet area: 2400 sq.ft. (222.97 sq.m.),4,4,3,6.0,North,Relatively New,2812.0,2600.0,2400.0,0,0,0,0,0,0,49,703.0
flat,m3m merlin,sector 67,3.4,14418.99915182358,2358.0,Super Built up area 2358(219.07 sq.m.)Carpet area: 1708 sq.ft. (158.68 sq.m.),3,4,3,16.0,North-West,Relatively New,2358.0,,1708.0,0,1,0,0,0,1,174,786.0
house,independent,sector 7,3.0,11494.252873563219,2610.0,Built Up area: 2610 (242.48 sq.m.),7,7,0,3.0,,Undefined,,2610.0,,0,0,0,0,0,0,0,372.85714285714283
flat,vatika city,sector 49,3.6,11920.529801324503,3020.0,Carpet area: 3020 (280.57 sq.m.),4,5,3,7.0,,Moderately Old,,,3020.0,0,1,0,1,0,2,15,755.0
flat,paras dews,sector 106,0.97,8818.181818181818,1100.0,Super Built up area 1385(128.67 sq.m.)Built Up area: 1200 sq.ft. (111.48 sq.m.)Carpet area: 1100 sq.ft. (102.19 sq.m.),2,2,3,6.0,North-East,New Property,1385.0,1200.0,1100.0,0,0,0,1,0,1,174,550.0
house,independent,sector 41,7.25,29292.929292929293,2475.0,Plot area 275(229.94 sq.m.),9,8,3,4.0,South-West,Old Property,,275.0,,0,1,0,0,0,1,94,275.0
flat,mvn athens,sohna road,0.27,5895.196506550218,458.0,Carpet area: 457.81 (42.53 sq.m.),2,2,1,4.0,South-East,Relatively New,,,457.788667,0,0,0,0,1,1,35,229.0
house,independent,sector 57,8.0,29629.62962962963,2700.0,Plot area 300(27.87 sq.m.),5,4,3,2.0,North,Relatively New,,300.0,,1,1,0,1,0,0,21,540.0
flat,sobha city,sector 108,2.1,13972.055888223553,1503.0,Super Built up area 1381(128.3 sq.m.),2,2,2,3.0,,Undefined,1381.0,,,0,0,0,0,0,0,74,751.5
flat,umang winter hills,sector 77,0.99,7857.142857142857,1260.0,Super Built up area 1260(117.06 sq.m.)Carpet area: 1000 sq.ft. (92.9 sq.m.),2,2,2,1.0,North,Relatively New,1260.0,,1000.0,0,0,0,0,0,0,97,630.0
house,independent,sector 23,5.0,16244.314489928525,3078.0,Plot area 342(285.96 sq.m.),4,4,2,2.0,East,Old Property,,342.0,,0,0,0,0,0,0,7,769.5
flat,signature global park,sohna road,0.68,8252.42718446602,824.0,Carpet area: 824 (76.55 sq.m.),2,2,2,3.0,,New Property,,,824.0,0,0,0,0,0,0,113,412.0
flat,signature global park,sohna road,0.54,6390.532544378698,845.0,Super Built up area 845.3(78.53 sq.m.)Carpet area: 528.3 sq.ft. (49.08 sq.m.),2,2,3,4.0,East,New Property,845.3,,528.3,0,0,0,0,0,0,44,422.5
flat,satya element one,sector 49,0.94,14008.941877794337,671.0,Carpet area: 671 (62.34 sq.m.),1,2,2,2.0,East,Undefined,,,671.0,0,0,0,0,0,0,0,671.0
flat,central park flower valley,sector 33,2.5,13269.63906581741,1884.0,Carpet area: 1884 (175.03 sq.m.),3,3,2,1.0,,Undefined,,,1884.0,0,0,0,0,0,0,66,628.0
flat,railway officers rpf society,sector 9a,1.3,5038.759689922481,2580.0,Built Up area: 2580 (239.69 sq.m.),4,4,3+,9.0,East,Undefined,,2580.0,,0,0,0,0,0,0,0,645.0
flat,rof ananda,sector 95,0.25,6578.9473684210525,380.0,Super Built up area 380(35.3 sq.m.),1,1,1,4.0,,New Property,380.0,,,0,0,0,0,0,0,0,380.0
house,dlf alameda,sector 73,17.0,35109.458901280464,4842.0,Plot area 4842(449.84 sq.m.)Built Up area: 9000 sq.ft. (836.13 sq.m.),5,8,3,3.0,North-West,Relatively New,,9000.0,,1,1,1,1,0,2,87,968.4
flat,birla navya,sector 63a,3.7,15416.666666666666,2400.0,Carpet area: 2400 (222.97 sq.m.),3,3,3+,1.0,North,Under Construction,,,2400.0,0,0,0,0,0,0,72,800.0
flat,corona optus,sector 37c,1.25,7090.187180941577,1763.0,Super Built up area 1763(163.79 sq.m.)Built Up area: 1350 sq.ft. (125.42 sq.m.)Carpet area: 1234 sq.ft. (114.64 sq.m.),3,3,3,4.0,North-West,Relatively New,1763.0,1350.0,1234.0,0,0,0,0,1,0,49,587.6666666666666
flat,puri emerald bay,sector 104,2.3,9387.755102040815,2450.0,Super Built up area 2450(227.61 sq.m.),3,4,3+,10.0,North-East,Moderately Old,2450.0,,,0,1,0,0,0,0,101,816.6666666666666
house,international city by sobha phase 1,sector 109,5.9,24279.8353909465,2430.0,Plot area 270(225.75 sq.m.),4,5,2,2.0,East,Relatively New,,270.0,,0,1,0,0,0,1,111,607.5
flat,signature global city,sector 37d,1.1,9838.998211091235,1118.0,Carpet area: 1118 (103.87 sq.m.),2,2,2,4.0,South,Undefined,,,1118.0,0,0,0,0,0,0,59,559.0
flat,tulip leaf,sector 69,2.06,11387.50690989497,1809.0,Super Built up area 1812(168.34 sq.m.),3,3,3,16.0,South-West,Relatively New,1812.0,,,0,0,0,0,0,0,49,603.0
house,independent,sector 7,0.9,10000.0,900.0,Plot area 100(83.61 sq.m.),2,4,3,3.0,North-East,Old Property,,100.0,,0,1,0,0,1,1,44,450.0
flat,dlf new town heights,sector 86,1.3,6735.751295336788,1930.0,Super Built up area 1930(179.3 sq.m.)Built Up area: 1715 sq.ft. (159.33 sq.m.),3,3,3,15.0,South,Relatively New,1930.0,1715.0,,0,1,0,1,0,1,49,643.3333333333334
flat,m3m woodshire,sector 107,0.75,5490.4831625183015,1366.0,Super Built up area 1366(126.91 sq.m.)Carpet area: 1050 sq.ft. (97.55 sq.m.),2,2,3+,14.0,West,Relatively New,1366.0,,1050.0,0,0,0,1,0,0,174,683.0
flat,shapoorji pallonji joyville gurugram,sector 102,1.95,10529.15766738661,1852.0,Super Built up area 1852(172.06 sq.m.),3,3,3,10.0,North-East,Relatively New,1852.0,,,0,0,0,0,0,0,59,617.3333333333334
flat,orchid petals,sector 49,4.52,10984.204131227218,4115.0,Super Built up area 4115(382.3 sq.m.),5,5,3+,14.0,West,Moderately Old,4115.0,,,1,1,0,1,0,0,49,823.0
flat,spire woods now ananda by alpha corp,sector 103,1.25,6902.263942573164,1811.0,Carpet area: 1811 (168.25 sq.m.),3,4,3,11.0,,Under Construction,,,1811.0,1,1,0,0,0,0,105,603.6666666666666
flat,valley view estate,gwal pahari,1.5,7488.766849725412,2003.0,Super Built up area 2000(185.81 sq.m.)Built Up area: 1850 sq.ft. (171.87 sq.m.)Carpet area: 1650 sq.ft. (153.29 sq.m.),4,4,3+,10.0,North-East,Moderately Old,2000.0,1850.0,1650.0,0,0,0,0,0,0,58,500.75
flat,prasha apartments,manesar,0.75,3308.3370092633436,2267.0,Super Built up area 2115(196.49 sq.m.),3,3,3+,3.0,West,Moderately Old,2115.0,,,0,1,0,0,0,0,31,755.6666666666666
flat,m3m woodshire,sector 107,0.8,5856.515373352855,1366.0,Super Built up area 1366(126.91 sq.m.)Carpet area: 1055 sq.ft. (98.01 sq.m.),2,2,3+,6.0,West,Relatively New,1366.0,,1055.0,0,0,0,1,0,1,174,683.0
flat,m3m sierra 68,sector 68,1.25,10245.901639344262,1220.0,Super Built up area 1220(113.34 sq.m.)Carpet area: 694 sq.ft. (64.47 sq.m.),2,2,3,4.0,,New Property,1220.0,,694.0,0,0,0,0,0,0,44,610.0
flat,vatika sovereign park,sector 99,3.25,9672.619047619048,3360.0,Super Built up area 3360(312.15 sq.m.),4,4,3+,2.0,,New Property,3360.0,,,0,1,0,0,0,0,123,840.0
flat,emaar palm premier,sector 77,2.1,10500.0,2000.0,Super Built up area 2000(185.81 sq.m.)Built Up area: 1600 sq.ft. (148.64 sq.m.)Carpet area: 1500 sq.ft. (139.35 sq.m.),3,4,3+,11.0,,New Property,2000.0,1600.0,1500.0,0,1,0,0,0,1,129,666.6666666666666
flat,ats tourmaline,sector 109,1.75,8139.53488372093,2150.0,Super Built up area 2150(199.74 sq.m.)Built Up area: 1797 sq.ft. (166.95 sq.m.),3,4,3+,7.0,North-East,Relatively New,2150.0,1797.0,,0,1,0,0,0,0,165,716.6666666666666
flat,emaar digihomes,sector 62,3.95,15262.75115919629,2588.0,Carpet area: 2588 (240.43 sq.m.),3,3,3,33.0,East,New Property,,,2588.0,0,1,0,0,0,1,49,862.6666666666666
flat,indiabulls centrum park,sector 103,2.14,7443.478260869565,2875.0,Super Built up area 2875(267.1 sq.m.)Carpet area: 2550 sq.ft. (236.9 sq.m.),4,6,3+,7.0,East,Relatively New,2875.0,,2550.0,0,1,0,0,0,0,142,718.75
flat,aipl zen residences,sector 70a,1.82,10996.978851963746,1655.0,Super Built up area 1655(153.75 sq.m.)Built Up area: 1600 sq.ft. (148.64 sq.m.)Carpet area: 1550 sq.ft. (144 sq.m.),3,3,3,12.0,South,Relatively New,1655.0,1600.0,1550.0,0,0,0,0,0,0,108,551.6666666666666
flat,denso haryana housing society,manesar,0.9,4308.28147438966,2089.0,Carpet area: 2089 (194.07 sq.m.),3,3,3+,5.0,East,Moderately Old,,,2089.0,0,1,0,0,0,0,7,696.3333333333334
house,sector 14 rwa,sector 14,5.51,16990.4409497379,3243.0,Plot area 361(301.84 sq.m.),3,3,2,4.0,South-West,Moderately Old,,361.0,,0,0,0,0,0,0,14,1081.0
flat,mahindra luminare,sector 59,5.8,19173.553719008265,3025.0,Carpet area: 3025 (281.03 sq.m.),3,4,3,16.0,North-East,New Property,,,3025.0,0,1,0,0,0,1,49,1008.3333333333334
flat,orchid petals,sector 49,1.95,9974.424552429668,1955.0,Super Built up area 1805(167.69 sq.m.),3,3,3,2.0,East,Old Property,1805.0,,,0,0,0,0,0,1,90,651.6666666666666
flat,m3m woodshire,sector 107,1.4,5929.690808979246,2361.0,Super Built up area 2361(219.34 sq.m.),3,4,0,1.0,East,New Property,2361.0,,,0,0,0,0,0,0,67,787.0
flat,signature global city,sector 37d,1.1,8494.208494208495,1295.0,Carpet area: 1295 (120.31 sq.m.),3,3,2,2.0,North,Undefined,,,1295.0,0,0,0,0,0,0,36,431.6666666666667
flat,hcbs sports ville,sohna road,0.32,5517.241379310345,580.0,Carpet area: 580 (53.88 sq.m.),2,2,1,7.0,,New Property,,,580.0,0,0,0,0,0,0,37,290.0
flat,ild greens,sector 37c,0.95,9223.300970873786,1030.0,Super Built up area 1340(124.49 sq.m.)Carpet area: 1030 sq.ft. (95.69 sq.m.),2,2,3+,11.0,South-West,Relatively New,1340.0,,1030.0,0,0,1,1,0,1,119,515.0
flat,tulip violet,sector 69,1.43,8887.507768800497,1609.0,Super Built up area 1608(149.39 sq.m.)Carpet area: 1039 sq.ft. (96.53 sq.m.),3,3,2,1.0,South-West,Relatively New,1608.0,,1039.0,0,0,0,1,0,0,86,536.3333333333334
flat,godrej nature plus,sector 33,1.67,10503.14465408805,1590.0,Carpet area: 1671 (155.24 sq.m.),3,2,2,18.0,,Undefined,,,1671.0,0,0,0,0,0,0,67,530.0
flat,signature global synera,sector 81,0.38,9500.0,400.0,Carpet area: 400 (37.16 sq.m.),1,1,2,3.0,South-West,Relatively New,,,400.0,0,0,0,0,0,0,43,400.0
house,satya the hermitage,sector 103,3.15,6702.127659574468,4700.0,Built Up area: 4700 (436.64 sq.m.),4,5,0,12.0,East,Undefined,,4700.0,,0,0,0,0,0,0,61,1175.0
flat,ats kocoon,sector 109,1.7,9742.120343839542,1745.0,Super Built up area 1745(162.12 sq.m.)Built Up area: 1550 sq.ft. (144 sq.m.)Carpet area: 1250 sq.ft. (116.13 sq.m.),3,3,3,21.0,West,Moderately Old,1745.0,1550.0,1250.0,0,0,0,0,0,0,49,581.6666666666666
flat,experion the heartsong,sector 108,1.68,8387.418871692462,2003.0,Super Built up area 2003(186.08 sq.m.)Built Up area: 1338.29 sq.ft. (124.33 sq.m.)Carpet area: 986.41 sq.ft. (91.64 sq.m.),3,3,3+,4.0,East,Relatively New,2003.0,1338.29,986.41,1,1,0,0,0,1,86,667.6666666666666
flat,the castle society,sector 56,2.0,8695.652173913044,2300.0,Super Built up area 2300(213.68 sq.m.),4,4,2,4.0,,Under Construction,2300.0,,,0,0,0,0,0,0,0,575.0
flat,shapoorji pallonji joyville gurugram,sector 102,0.96,10491.803278688525,915.0,Super Built up area 915(85.01 sq.m.),2,2,2,10.0,East,Relatively New,915.0,,,0,0,0,0,0,0,132,457.5
flat,m3m woodshire,sector 107,1.3,8922.443376801648,1457.0,Super Built up area 1943(180.51 sq.m.)Built Up area: 1554 sq.ft. (144.37 sq.m.)Carpet area: 1457 sq.ft. (135.36 sq.m.),3,3,3+,4.0,West,Relatively New,1943.0,1554.0,1457.0,0,0,0,1,0,1,174,485.6666666666667
flat,umang winter hills,sector 77,1.1,5296.100144439095,2077.0,Super Built up area 2077(192.96 sq.m.)Carpet area: 1600 sq.ft. (148.64 sq.m.),3,4,3+,9.0,North,Relatively New,2077.0,,1600.0,0,1,0,0,0,0,49,692.3333333333334
house,independent,sector 5,3.5,14786.64976763836,2367.0,Plot area 263(219.9 sq.m.),5,4,2,2.0,North,Old Property,,263.0,,0,0,0,1,1,0,36,473.4
flat,emaar palm heights,sector 77,1.79,8839.506172839507,2025.0,Super Built up area 2025(188.13 sq.m.)Built Up area: 1600 sq.ft. (148.64 sq.m.)Carpet area: 1548 sq.ft. (143.81 sq.m.),3,3,3,1.0,North-East,New Property,2025.0,1600.0,1548.0,0,1,0,0,0,1,49,675.0
flat,smart world orchard,sector 61,2.5,16139.444803098773,1549.0,Built Up area: 1549 (143.91 sq.m.),3,3,1,1.0,East,Undefined,,1549.0,,0,0,0,0,0,0,61,516.3333333333334
flat,hsiidc sidco shivalik apartments,manesar,0.48,3840.0,1250.0,Super Built up area 1250(116.13 sq.m.)Carpet area: 770 sq.ft. (71.54 sq.m.),2,2,3,7.0,South,Moderately Old,1250.0,,770.0,0,0,0,0,0,0,88,625.0
flat,signature global orchard avenue,sector 93,0.38,6386.55462184874,595.0,Carpet area: 594.91 (55.27 sq.m.),2,2,2,7.0,North,Relatively New,,,594.920753,0,0,0,0,0,0,16,297.5
flat,shapoorji pallonji joyville gurugram,sector 102,1.76,10226.612434631028,1721.0,Super Built up area 1692(157.19 sq.m.),3,3,3,1.0,North-East,Relatively New,1692.0,,,0,0,0,0,0,0,100,573.6666666666666
flat,adani aangan galleria,sector 89,0.25,5000.0,500.0,Super Built up area 500(46.45 sq.m.)Built Up area: 430 sq.ft. (39.95 sq.m.)Carpet area: 410 sq.ft. (38.09 sq.m.),1,1,1,6.0,,New Property,500.0,430.0,410.0,0,0,0,0,0,0,74,500.0
house,independent,sector 14,5.5,16975.30864197531,3240.0,Plot area 360(301.01 sq.m.)Built Up area: 355 sq.yards (296.83 sq.m.)Carpet area: 300 sq.yards (250.84 sq.m.),5,4,2,2.0,East,Old Property,,355.0,300.0,1,0,0,0,0,0,27,648.0
flat,the lions cghs,sector 56,2.05,7884.615384615385,2600.0,Super Built up area 2600(241.55 sq.m.)Built Up area: 2500 sq.ft. (232.26 sq.m.)Carpet area: 2400 sq.ft. (222.97 sq.m.),4,4,3+,6.0,South,Relatively New,2600.0,2500.0,2400.0,0,0,0,0,1,1,101,650.0
flat,raheja vedaanta,sector 108,0.95,5214.050493962678,1822.0,Super Built up area 1822(169.27 sq.m.),3,3,3,3.0,,Relatively New,1822.0,,,0,0,0,0,1,0,95,607.3333333333334
flat,smart world gems,sector 89,0.95,8903.467666354265,1067.0,Super Built up area 1067(99.13 sq.m.)Carpet area: 578 sq.ft. (53.7 sq.m.),2,2,2,1.0,East,Undefined,1067.0,,578.0,1,0,0,0,0,0,122,533.5
flat,signature global solera,sector 107,0.5,7692.307692307692,650.0,Super Built up area 546(50.73 sq.m.),2,2,1,11.0,,Relatively New,546.0,,,0,0,0,0,0,0,55,325.0
flat,hcbs sports ville,sohna road,0.27,4347.826086956522,621.0,Built Up area: 619 (57.51 sq.m.),2,2,2,10.0,,Relatively New,,619.0,,0,0,0,0,0,0,43,310.5
house,independent,sector 17a,1.52,19869.281045751635,765.0,Plot area 85(71.07 sq.m.)Built Up area: 105 sq.yards (87.79 sq.m.),2,2,1,1.0,South-East,Old Property,,105.0,,0,0,0,0,0,0,22,382.5
flat,tata primanti,sector 72,3.85,13253.012048192772,2905.0,Super Built up area 2905(269.88 sq.m.),4,5,3+,13.0,North,Relatively New,2905.0,,,0,1,0,0,0,1,174,726.25
flat,railway officers rpf society,sector 9a,1.25,6921.373200442968,1806.0,Carpet area: 1806 (167.78 sq.m.),4,3,3,1.0,,Old Property,,,1806.0,0,1,0,0,0,0,40,451.5
house,huda sector-56 gurgaon,sector 56,3.6,24844.72049689441,1449.0,Plot area 161(134.62 sq.m.),5,5,3+,3.0,North-East,Moderately Old,,161.0,,0,0,0,0,1,0,47,289.8
flat,breez global hill view,sohna road,0.3,5128.205128205128,585.0,Carpet area: 585.41 (54.39 sq.m.),2,2,1,11.0,North,New Property,,,585.448521,0,0,0,0,0,0,91,292.5
house,independent,sector 25,16.0,26666.666666666668,6000.0,Built Up area: 6000 (557.42 sq.m.),6,5,2,3.0,East,Relatively New,,6000.0,,0,0,0,0,0,0,0,1000.0
flat,breez global heights,sohna road,0.28,7142.857142857143,392.0,Carpet area: 399 (37.07 sq.m.),1,1,1,4.0,,New Property,,,399.0,0,0,0,0,0,2,26,392.0
flat,rof ananda,sector 95,0.37,5745.341614906833,644.0,Carpet area: 644.12 (59.84 sq.m.),3,2,1,6.0,South-East,Relatively New,,,644.111776,0,0,0,1,0,1,72,214.66666666666666
house,independent,sector 50,12.5,40610.78622482131,3078.0,Plot area 342(285.96 sq.m.),6,5,3,4.0,East,Moderately Old,,342.0,,1,1,0,1,0,1,23,513.0
flat,emaar mgf emerald floors premier,sector 65,2.55,15454.545454545454,1650.0,Super Built up area 1650(153.29 sq.m.)Carpet area: 1300 sq.ft. (120.77 sq.m.),3,3,3,3.0,West,Relatively New,1650.0,,1300.0,1,1,0,0,0,0,21,550.0
flat,the lions cghs,sector 56,2.05,8541.666666666666,2400.0,Carpet area: 2400 (222.97 sq.m.),4,4,3+,8.0,West,Moderately Old,,,2400.0,0,0,0,0,0,1,49,600.0
flat,sare green parc phase 3,sector 92,0.79,6086.286594761171,1298.0,Super Built up area 1298(120.59 sq.m.),3,2,2,15.0,North,New Property,1298.0,,,0,0,0,0,0,0,29,432.6666666666667
flat,adani m2k oyster grande,sector 102,1.9,9103.977000479157,2087.0,Super Built up area 1889(175.49 sq.m.),3,4,3,8.0,North-East,Relatively New,1889.0,,,0,1,0,0,0,0,165,695.6666666666666
house,u block dlf phase 3 road no 21,sector 24,1.6,3292.1810699588477,4860.0,Plot area 60(50.17 sq.m.),7,5,3+,4.0,,Old Property,,60.0,,0,0,0,0,0,0,0,694.2857142857143
flat,vipul lavanya,sector 81,0.65,5263.1578947368425,1235.0,Super Built up area 1225(113.81 sq.m.)Carpet area: 776 sq.ft. (72.09 sq.m.),2,2,2,14.0,,Moderately Old,1225.0,,776.0,0,0,0,0,0,0,96,617.5
flat,ireo victory valley,sector 67,3.05,16266.666666666666,1875.0,Super Built up area 2385(221.57 sq.m.)Built Up area: 2200 sq.ft. (204.39 sq.m.)Carpet area: 1875 sq.ft. (174.19 sq.m.),3,4,2,35.0,South-West,Relatively New,2385.0,2200.0,1875.0,1,1,0,0,0,1,165,625.0
flat,m3m woodshire,sector 107,0.9,5867.014341590613,1534.0,Super Built up area 1534(142.51 sq.m.)Carpet area: 1056 sq.ft. (98.11 sq.m.),2,2,3,8.0,South,Relatively New,1534.0,,1056.0,1,0,0,0,0,1,74,767.0
flat,bestech park view grand spa,sector 81,2.4,9022.556390977443,2660.0,Super Built up area 2660(247.12 sq.m.),3,4,3+,8.0,North,New Property,2660.0,,,1,1,0,0,0,1,167,886.6666666666666
flat,ireo skyon,sector 60,2.5,16129.032258064517,1550.0,Super Built up area 1550(144 sq.m.),2,3,2,4.0,North-West,Relatively New,1550.0,,,1,0,0,0,0,0,100,775.0
house,dlf south city 1,sector 41,2.65,18928.571428571428,1400.0,Plot area 2160(200.67 sq.m.)Built Up area: 1800 sq.ft. (167.23 sq.m.)Carpet area: 1400 sq.ft. (130.06 sq.m.),3,3,3,4.0,North-East,New Property,,1800.0,1400.0,0,1,0,0,0,1,22,466.6666666666667
flat,dlf regal gardens,sector 90,1.3,7150.715071507151,1818.0,Super Built up area 1818(168.9 sq.m.)Built Up area: 1700 sq.ft. (157.94 sq.m.)Carpet area: 1400 sq.ft. (130.06 sq.m.),3,3,3+,7.0,South,Relatively New,1818.0,1700.0,1400.0,0,0,0,0,0,0,141,606.0
house,palam vihar extension west zone rwa,sector 2,0.4,4444.444444444444,900.0,Plot area 900(83.61 sq.m.),3,4,2,2.0,West,Moderately Old,,900.0,,0,0,0,0,0,0,36,300.0
flat,bestech park view residency,sector 2,0.98,6930.693069306931,1414.0,Super Built up area 1415(131.46 sq.m.),2,2,3,11.0,East,Moderately Old,1415.0,,,0,0,0,0,0,0,83,707.0
house,independent,sector 4,0.47,8006.814310051107,587.0,Plot area 624(57.97 sq.m.),2,1,1,1.0,East,Moderately Old,,624.0,,0,0,1,0,0,0,0,293.5
flat,parsvnath exotica,sector 53,4.8,14678.899082568807,3270.0,Built Up area: 2895 (268.95 sq.m.),3,4,3+,12.0,North-West,New Property,,2895.0,,0,0,0,0,0,0,69,1090.0
flat,deepak minda,manesar,1.25,4715.201810637495,2651.0,Carpet area: 2650 (246.19 sq.m.),3,3,3+,6.0,,Moderately Old,,,2650.0,0,1,0,0,0,0,44,883.6666666666666
house,sector 14 rwa,sector 14,6.5,26000.0,2500.0,Plot area 2500(232.26 sq.m.),5,5,0,4.0,,Moderately Old,,2500.0,,0,0,0,0,0,0,0,500.0
house,independent,sector 4,0.55,4074.074074074074,1350.0,Plot area 1350(125.42 sq.m.),3,3,2,2.0,South,Relatively New,,1350.0,,0,0,0,0,1,0,7,450.0
flat,umang monsoon breeze,sector 78,1.1,5055.14705882353,2176.0,Built Up area: 2176 (202.16 sq.m.),3,3,3+,9.0,,Old Property,,2176.0,,0,1,0,0,0,0,80,725.3333333333334
flat,m3m the marina,sector 68,1.0,12500.0,800.0,Carpet area: 800 (74.32 sq.m.),2,2,3,21.0,,Relatively New,,,800.0,0,0,0,0,0,0,31,400.0
flat,experion the heartsong,sector 108,0.97,9238.095238095239,1050.0,Carpet area: 1050 (97.55 sq.m.),2,2,3,10.0,North-East,Relatively New,,,1050.0,0,1,0,0,0,0,165,525.0
house,independent,sector 12,1.35,12217.194570135747,1105.0,Plot area 150(125.42 sq.m.)Built Up area: 2052 sq.yards (1715.73 sq.m.),2,5,1,3.0,,Old Property,,2052.0,,0,0,0,0,0,0,31,552.5
flat,emaar gurgaon greens,sector 102,1.5,9090.90909090909,1650.0,Super Built up area 1650(153.29 sq.m.)Carpet area: 1022.58 sq.ft. (95 sq.m.),3,3,3,7.0,West,Relatively New,1650.0,,1022.58,0,0,0,1,0,1,174,550.0
house,independent,sector 2,6.0,24691.35802469136,2430.0,Plot area 270(225.75 sq.m.),5,6,3+,3.0,East,Old Property,,270.0,,1,0,0,1,1,1,43,486.0
flat,godrej,sector 79,1.34,8524.173027989822,1572.0,Super Built up area 1572(146.04 sq.m.),2,2,3,2.0,North-West,Relatively New,1572.0,,,1,0,0,0,0,0,158,786.0
house,vipul tatvam villa,sector 48,8.2,25308.64197530864,3240.0,Plot area 360(301.01 sq.m.),3,3,2,2.0,North,Moderately Old,,360.0,,1,1,0,1,0,2,160,1080.0
flat,the close north,sector 50,2.75,12500.0,2200.0,Super Built up area 2605(242.01 sq.m.)Built Up area: 2400 sq.ft. (222.97 sq.m.)Carpet area: 2200 sq.ft. (204.39 sq.m.),3,3,3,3.0,South-East,Moderately Old,2605.0,2400.0,2200.0,0,1,0,0,0,0,110,733.3333333333334
flat,emaar gurgaon greens,sector 102,1.42,8606.060606060606,1650.0,Super Built up area 1650(153.29 sq.m.)Carpet area: 1022 sq.ft. (94.95 sq.m.),3,3,3,4.0,North,Relatively New,1650.0,,1022.0,0,0,0,0,1,0,49,550.0
house,independent,sector 54,3.51,12341.772151898735,2844.0,Plot area 316(264.22 sq.m.),4,4,3,4.0,North,New Property,,316.0,,0,1,0,0,0,0,73,711.0
flat,godrej nature plus,sector 33,1.4,9333.333333333334,1500.0,Super Built up area 1500(139.35 sq.m.)Carpet area: 1385 sq.ft. (128.67 sq.m.),2,2,3,14.0,,Under Construction,1500.0,,1385.0,0,0,0,0,0,0,67,750.0
flat,chd avenue,sector 71,0.98,6049.382716049383,1620.0,Super Built up area 1620(150.5 sq.m.),3,3,3,0.0,South-East,Moderately Old,1620.0,,,1,0,0,0,0,0,65,540.0
house,international city by sobha phase 2,sector 109,7.0,12962.962962962964,5400.0,Plot area 600(501.68 sq.m.),4,4,3+,2.0,West,Relatively New,,600.0,,0,0,0,0,0,1,102,1350.0
flat,conscient heritage max,sector 102,2.65,10375.880971025841,2554.0,Super Built up area 2554(237.27 sq.m.),4,5,3+,17.0,North,Moderately Old,2554.0,,,0,1,0,0,0,0,125,638.5
flat,belgravia resort residences,sector 48,3.45,18459.069020866773,1869.0,Built Up area: 1869 (173.64 sq.m.),3,3,3,14.0,West,Undefined,,1869.0,,0,0,0,0,0,0,0,623.0
flat,orris aster court,sector 85,0.69,5219.364599092284,1322.0,Super Built up area 1312(121.89 sq.m.)Built Up area: 1075 sq.ft. (99.87 sq.m.)Carpet area: 975 sq.ft. (90.58 sq.m.),2,2,2,5.0,South-West,Relatively New,1312.0,1075.0,975.0,0,0,0,0,0,0,37,661.0
flat,sanskriti apartments,sector 43,2.5,13513.513513513513,1850.0,Super Built up area 1850(171.87 sq.m.),3,2,3,5.0,East,Old Property,1850.0,,,1,0,0,0,0,0,0,616.6666666666666
flat,godrej summit,sector 104,1.2,8298.755186721992,1446.0,Carpet area: 1446 (134.34 sq.m.),3,2,3+,16.0,,Relatively New,,,1446.0,1,0,0,1,0,1,142,482.0
flat,emaar gurgaon greens,sector 102,1.4,8484.848484848484,1650.0,Super Built up area 1650(153.29 sq.m.),3,3,3,4.0,North,Relatively New,1650.0,,,0,1,0,0,0,1,83,550.0
flat,la vida by tata housing,sector 113,2.33,12533.620225927918,1859.0,Super Built up area 2217(205.97 sq.m.)Built Up area: 2098 sq.ft. (194.91 sq.m.)Carpet area: 1859 sq.ft. (172.71 sq.m.),3,3,3,3.0,North,New Property,2217.0,2098.0,1859.0,0,1,0,0,0,0,174,619.6666666666666
flat,dlf regency park,sector 28,2.26,13696.969696969696,1650.0,Super Built up area 1777(165.09 sq.m.)Built Up area: 1700 sq.ft. (157.94 sq.m.)Carpet area: 1650 sq.ft. (153.29 sq.m.),3,3,2,19.0,East,Old Property,1777.0,1700.0,1650.0,0,1,0,0,0,0,158,550.0
flat,m3m sierra 68,sector 68,1.05,8536.585365853658,1230.0,Super Built up area 1230(114.27 sq.m.)Built Up area: 1200 sq.ft. (111.48 sq.m.)Carpet area: 1000 sq.ft. (92.9 sq.m.),2,2,2,11.0,North-East,New Property,1230.0,1200.0,1000.0,0,0,0,0,0,1,127,615.0
flat,breez global hill view,sohna road,0.35,6317.6895306859205,554.0,Carpet area: 554.16 (51.48 sq.m.),2,2,2,14.0,West,New Property,,,554.1255719999999,0,0,0,0,0,0,53,277.0
house,independent,sector 23,4.0,16006.40256102441,2499.0,Plot area 270(225.75 sq.m.),3,3,2,2.0,East,Moderately Old,,270.0,,0,1,0,0,0,1,115,833.0
house,ninex city,sector 76,1.75,6250.0,2800.0,Carpet area: 2800 (260.13 sq.m.),4,4,0,14.0,,Undefined,,,2800.0,0,0,0,0,0,0,0,700.0
house,dlf city plots phase 2,sector 25,6.5,33591.73126614987,1935.0,Plot area 215(179.77 sq.m.),3,9,3+,3.0,West,Old Property,,215.0,,1,1,1,1,0,1,142,645.0
flat,emaar mgf emerald floors premier,sector 65,2.7,16363.636363636364,1650.0,Carpet area: 1650 (153.29 sq.m.),3,3,3,5.0,North-West,Relatively New,,,1650.0,0,1,1,0,0,1,108,550.0
flat,rof ananda,sector 95,0.2,5464.48087431694,366.0,Carpet area: 366.08 (34.01 sq.m.),1,1,1,9.0,South-West,Relatively New,,,366.080239,0,0,0,1,0,0,52,366.0
flat,sare homes,sector 92,0.56,4729.72972972973,1184.0,Carpet area: 1184 (110 sq.m.),3,1,3,1.0,East,Moderately Old,,,1184.0,0,0,0,0,0,1,75,394.6666666666667
flat,sare green parc,sector 92,0.85,6538.461538461538,1300.0,Built Up area: 1300 (120.77 sq.m.),3,2,2,20.0,,Undefined,,1300.0,,0,0,0,0,0,0,0,433.3333333333333
flat,sukhshanti apartment,sector 56,1.65,7006.369426751592,2355.0,Super Built up area 2355(218.79 sq.m.),3,3,3+,5.0,North,Moderately Old,2355.0,,,1,0,0,0,0,1,134,785.0
flat,vatika city homes,sector 83,0.75,5660.377358490566,1325.0,Super Built up area 1325(123.1 sq.m.),2,2,2,3.0,West,Relatively New,1325.0,,,0,0,0,0,0,1,49,662.5
flat,bestech park view ananda,sector 81,1.4,7734.806629834254,1810.0,Super Built up area 1810(168.15 sq.m.)Carpet area: 1180 sq.ft. (109.63 sq.m.),3,3,3+,6.0,North-West,Relatively New,1810.0,,1180.0,0,0,0,0,0,0,95,603.3333333333334
flat,suncity vatsal valley,gwal pahari,1.0,13333.333333333334,750.0,Carpet area: 750 (69.68 sq.m.),2,2,2,3.0,,New Property,,,750.0,0,0,0,0,0,1,13,375.0
flat,m3m heights,sector 65,2.29,15980.460572226099,1433.0,Carpet area: 1433 (133.13 sq.m.),2,2,3,8.0,,Under Construction,,,1433.0,1,0,0,0,0,0,15,716.5
house,unitech uniworld resorts,sector 33,9.55,19292.929292929293,4950.0,Plot area 550(459.87 sq.m.),6,7,3+,2.0,East,Relatively New,,550.0,,1,1,1,1,0,1,126,825.0
flat,dlf the ultima,sector 81,2.4,11412.268188302425,2103.0,Super Built up area 2103(195.38 sq.m.),3,4,3+,19.0,North-West,Relatively New,2103.0,,,0,1,0,0,0,2,174,701.0
flat,bestech park view ananda,sector 81,1.1,6686.930091185411,1645.0,Super Built up area 1645(152.83 sq.m.)Carpet area: 1034 sq.ft. (96.06 sq.m.),3,2,3+,5.0,East,Relatively New,1645.0,,1034.0,0,0,0,0,0,0,150,548.3333333333334
house,independent,sector 12,0.7,6034.482758620689,1160.0,Plot area 1160(107.77 sq.m.),3,3,0,1.0,North-East,Relatively New,,1160.0,,0,0,0,0,0,0,23,386.6666666666667
flat,la vida by tata housing,sector 113,2.48,14090.90909090909,1760.0,Super Built up area 2217(205.97 sq.m.)Built Up area: 1980 sq.ft. (183.95 sq.m.)Carpet area: 1760 sq.ft. (163.51 sq.m.),3,3,3+,8.0,,New Property,2217.0,1980.0,1760.0,0,1,0,0,0,0,79,586.6666666666666
flat,m3m merlin,sector 67,3.4,14418.99915182358,2358.0,Super Built up area 2358(219.07 sq.m.)Carpet area: 1900 sq.ft. (176.52 sq.m.),3,4,3,15.0,South,Relatively New,2358.0,,1900.0,0,1,0,0,0,1,110,786.0
flat,m3m heights,sector 65,3.0,17996.40071985603,1667.0,Super Built up area 1828(169.83 sq.m.),3,3,3,20.0,South-East,Under Construction,1828.0,,,0,0,0,0,0,0,60,555.6666666666666
flat,paras dews,sector 106,1.25,7102.272727272727,1760.0,Super Built up area 1760(163.51 sq.m.)Built Up area: 1186 sq.ft. (110.18 sq.m.)Carpet area: 1130 sq.ft. (104.98 sq.m.),3,4,3+,5.0,North-East,Relatively New,1760.0,1186.0,1130.0,0,1,0,0,0,0,165,586.6666666666666
flat,tulip violet,sector 69,1.51,9569.074778200253,1578.0,Super Built up area 1578(146.6 sq.m.)Carpet area: 1100 sq.ft. (102.19 sq.m.),3,3,2,0.0,West,Relatively New,1578.0,,1100.0,0,0,0,1,0,2,165,526.0
flat,umang monsoon breeze,sector 78,0.75,6053.268765133172,1239.0,Built Up area: 1239 (115.11 sq.m.)Carpet area: 1100 sq.ft. (102.19 sq.m.),2,2,1,5.0,East,Undefined,,1239.0,1100.0,0,0,0,0,0,0,0,619.5
flat,smart world gems,sector 89,1.25,8784.258608573437,1423.0,Super Built up area 1423(132.2 sq.m.),3,3,3,2.0,North,Undefined,1423.0,,,0,0,0,1,0,0,12,474.3333333333333
flat,shree vardhman flora,sector 90,0.7,4614.370468029005,1517.0,Super Built up area 1352(125.6 sq.m.),2,2,3,9.0,North-East,New Property,1352.0,,,1,0,0,0,1,0,51,758.5
flat,mapsko casa bella,sector 82,1.75,6903.353057199211,2535.0,Built Up area: 2535 (235.51 sq.m.)Carpet area: 1960 sq.ft. (182.09 sq.m.),4,5,3+,1.0,West,Undefined,,2535.0,1960.0,0,0,0,0,0,0,54,633.75
flat,la vida by tata housing,sector 113,3.35,12444.279346210995,2692.0,Carpet area: 2692 (250.09 sq.m.),4,4,3+,11.0,North-East,Relatively New,,,2692.0,1,1,0,0,0,0,174,673.0
house,emaar emerald hills,sector 65,12.5,34722.22222222222,3600.0,Plot area 400(334.45 sq.m.),4,4,3+,2.0,East,Relatively New,,400.0,,1,1,0,0,0,0,56,900.0
flat,m3m soulitude,sector 89,1.42,9978.917779339423,1423.0,Carpet area: 1423 (132.2 sq.m.),3,3,2,3.0,,New Property,,,1423.0,0,0,0,0,0,0,15,474.3333333333333
house,malibu towne,sector 47,8.81,27191.35802469136,3240.0,Plot area 360(301.01 sq.m.),8,6,3+,3.0,East,Moderately Old,,360.0,,1,1,0,0,1,1,27,405.0
flat,emaar mgf emerald floors premier,sector 65,2.35,16206.896551724138,1450.0,Super Built up area 1650(153.29 sq.m.)Built Up area: 1500 sq.ft. (139.35 sq.m.)Carpet area: 1450 sq.ft. (134.71 sq.m.),3,3,3,2.0,South-East,Relatively New,1650.0,1500.0,1450.0,1,1,0,0,0,1,64,483.3333333333333
flat,ambience lagoon,sector 24,5.8,12500.0,4640.0,Built Up area: 3700 (343.74 sq.m.),3,4,3+,9.0,North-East,Old Property,,3700.0,,1,1,0,1,1,2,68,1546.6666666666667
flat,krisumi waterfall residences,sector 36a,2.3,15551.04800540906,1479.0,Built Up area: 1479 (137.4 sq.m.),2,2,2,23.0,,Undefined,,1479.0,,0,0,0,0,0,0,58,739.5
flat,ss,sector 85,2.14,7610.241820768137,2812.0,Super Built up area 2812(261.24 sq.m.)Built Up area: 2300 sq.ft. (213.68 sq.m.)Carpet area: 2000 sq.ft. (185.81 sq.m.),4,4,3,6.0,North,Relatively New,2812.0,2300.0,2000.0,1,1,0,1,0,0,49,703.0
flat,emaar palm gardens,sector 83,1.8,9473.684210526315,1900.0,Built Up area: 1900 (176.52 sq.m.),3,4,0,9.0,,Undefined,,1900.0,,0,0,0,0,0,0,55,633.3333333333334
house,nirvana cedar crest,sector 50,3.99,8866.666666666666,4500.0,Plot area 4500(418.06 sq.m.),4,5,3+,4.0,North-East,New Property,,4500.0,,0,1,0,1,0,1,112,1125.0
flat,parsvnath exotica,sector 53,5.0,17241.379310344826,2900.0,Carpet area: 2900 (269.42 sq.m.),3,4,3,7.0,,Old Property,,,2900.0,0,1,0,0,0,1,24,966.6666666666666
flat,unitech harmony,sector 50,2.6,9590.556990040575,2711.0,Super Built up area 2711(251.86 sq.m.)Built Up area: 2700 sq.ft. (250.84 sq.m.)Carpet area: 2200 sq.ft. (204.39 sq.m.),3,4,2,15.0,North-East,Relatively New,2711.0,2700.0,2200.0,0,1,0,0,1,1,174,903.6666666666666
house,independent,sector 3 phase 3 extension,0.7,7007.007007007007,999.0,Plot area 111(92.81 sq.m.),2,3,1,1.0,North,Relatively New,,111.0,,0,0,1,1,0,0,29,499.5
flat,housing board colony,sector 51,0.3,7317.073170731707,410.0,Super Built up area 510(47.38 sq.m.)Carpet area: 410 sq.ft. (38.09 sq.m.),1,1,2,0.0,South,Old Property,510.0,,410.0,0,0,0,0,0,0,0,410.0
flat,adani brahma samsara vilasa,sector 63,4.49,14253.968253968254,3150.0,Carpet area: 350 (292.64 sq.m.),4,4,3+,3.0,North,New Property,,,350.0,0,0,0,0,0,1,96,787.5
flat,shree vardhman flora,sector 90,0.9,4615.384615384615,1950.0,Super Built up area 1950(181.16 sq.m.),3,4,3,4.0,South-West,Relatively New,1950.0,,,0,1,0,0,0,0,165,650.0
house,independent,sector 57,3.15,20348.837209302324,1548.0,Plot area 172(143.81 sq.m.),5,4,3+,2.0,North-East,Moderately Old,,172.0,,0,0,1,0,0,1,60,309.6
flat,m3m heights,sector 65,2.44,13297.00272479564,1835.0,Super Built up area 1828(169.83 sq.m.),3,3,2,7.0,,Undefined,1828.0,,,0,0,0,0,0,0,31,611.6666666666666
flat,emaar mgf emerald floors premier,sector 65,2.75,13924.050632911392,1975.0,Super Built up area 1975(183.48 sq.m.)Built Up area: 1750 sq.ft. (162.58 sq.m.)Carpet area: 1650 sq.ft. (153.29 sq.m.),4,4,3,3.0,North-West,Relatively New,1975.0,1750.0,1650.0,1,1,0,0,0,1,113,493.75
flat,sanskriti apartment,sector 10a,1.1,6666.666666666667,1650.0,Carpet area: 1650 (153.29 sq.m.),3,3,3,2.0,,Moderately Old,,,1650.0,0,0,0,0,0,0,22,550.0
flat,experion windchants,sector 112,2.5,13888.888888888889,1800.0,Super Built up area 2441(226.78 sq.m.)Built Up area: 1939.03 sq.ft. (180.14 sq.m.)Carpet area: 1800 sq.ft. (167.23 sq.m.),2,2,3,10.0,East,Relatively New,2441.0,1939.03,1800.0,1,0,0,1,0,1,174,900.0
flat,signature global city 37d ph 2,sector 37d,1.1,8148.148148148148,1350.0,Carpet area: 1350 (125.42 sq.m.),3,3,1,2.0,North,Undefined,,,1350.0,0,0,0,1,0,0,30,450.0
flat,pareena coban residences,sector 99a,1.08,6625.766871165644,1630.0,Super Built up area 1997(185.53 sq.m.)Built Up area: 1750 sq.ft. (162.58 sq.m.)Carpet area: 1630 sq.ft. (151.43 sq.m.),3,5,3,2.0,West,Relatively New,1997.0,1750.0,1630.0,0,1,0,0,1,0,49,543.3333333333334
flat,ss almeria,sector 84,1.5,7500.0,2000.0,Super Built up area 2000(185.81 sq.m.)Carpet area: 1700 sq.ft. (157.94 sq.m.),3,3,3,2.0,,New Property,2000.0,,1700.0,0,1,0,0,0,0,108,666.6666666666666
flat,eldeco accolade,sohna road,0.95,6556.24568668047,1449.0,Super Built up area 1457(135.36 sq.m.)Carpet area: 849 sq.ft. (78.87 sq.m.),2,2,3,8.0,North-East,Undefined,1457.0,,849.0,1,0,0,0,0,0,42,724.5
flat,eros wembley estate,sector 50,1.4,10174.418604651162,1376.0,Super Built up area 1376(127.83 sq.m.),3,3,2,9.0,East,Relatively New,1376.0,,,0,0,1,0,0,1,117,458.6666666666667
flat,m3m woodshire,sector 107,1.2,6176.016469377251,1943.0,Super Built up area 1943(180.51 sq.m.)Built Up area: 1750 sq.ft. (162.58 sq.m.)Carpet area: 1550 sq.ft. (144 sq.m.),3,3,3,7.0,South,Relatively New,1943.0,1750.0,1550.0,0,0,0,0,0,1,49,647.6666666666666
flat,malibu towers,sector 47,2.45,10698.689956331878,2290.0,Carpet area: 2290 (212.75 sq.m.),3,4,2,1.0,,Old Property,,,2290.0,1,0,0,0,0,1,42,763.3333333333334
house,independent,sector 50,10.56,32592.59259259259,3240.0,Plot area 360(301.01 sq.m.),5,5,3,3.0,,Moderately Old,,360.0,,0,1,0,0,0,0,20,648.0
flat,signature global grand iva,sector 103,0.23,6534.090909090909,352.0,Carpet area: 360 (33.45 sq.m.),1,1,1,4.0,North-East,Relatively New,,,360.0,0,0,0,0,0,0,23,352.0
flat,ats kocoon,sector 109,1.7,9742.120343839542,1745.0,Super Built up area 1745(162.12 sq.m.)Built Up area: 1550 sq.ft. (144 sq.m.),3,3,3,22.0,East,Relatively New,1745.0,1550.0,,0,0,0,0,0,0,74,581.6666666666666
flat,parsvnath green ville,sector 48,1.6,8376.96335078534,1910.0,Super Built up area 1910(177.44 sq.m.)Built Up area: 1700 sq.ft. (157.94 sq.m.)Carpet area: 1600 sq.ft. (148.64 sq.m.),3,3,3,13.0,North-West,Old Property,1910.0,1700.0,1600.0,0,0,0,0,1,1,119,636.6666666666666
house,independent,sector 103,2.25,6366.723259762309,3534.0,Built Up area: 3534 (328.32 sq.m.)Carpet area: 2000 sq.ft. (185.81 sq.m.),3,5,3+,10.0,South,Undefined,,3534.0,2000.0,0,0,0,0,0,0,0,1178.0
flat,paras dews,sector 106,1.4,9978.617248752673,1403.0,Super Built up area 2355(218.79 sq.m.)Built Up area: 1535 sq.ft. (142.61 sq.m.)Carpet area: 1403 sq.ft. (130.34 sq.m.),4,6,3+,10.0,North-West,Relatively New,2355.0,1535.0,1403.0,0,1,0,0,0,0,174,350.75
flat,maa bhagwati residency,sector 7,0.45,5000.0,900.0,Carpet area: 900 (83.61 sq.m.),2,2,1,4.0,West,Relatively New,,,900.0,0,0,0,0,0,0,28,450.0
house,bptp visionnaire,sector 70a,5.4,20689.655172413793,2610.0,Plot area 290(242.48 sq.m.),4,5,3+,3.0,North,Relatively New,,290.0,,1,1,1,1,0,1,136,652.5
flat,godrej icon,sector 88a,1.62,10018.552875695734,1617.0,Super Built up area 1617(150.22 sq.m.),3,2,3+,10.0,East,Relatively New,1617.0,,,1,0,0,0,0,2,49,539.0
flat,m3m heights,sector 65,2.8,14997.321906802357,1867.0,Super Built up area 1828(169.83 sq.m.),3,3,3,20.0,North-East,Undefined,1828.0,,,0,0,0,0,0,0,91,622.3333333333334
flat,m3m one key resiments,sector 67,0.8,13114.754098360656,610.0,Built Up area: 610 (56.67 sq.m.),1,1,0,0.0,,Undefined,,610.0,,0,0,0,0,0,0,0,610.0
house,independent,sector 12,2.9,10740.74074074074,2700.0,Plot area 2700(250.84 sq.m.),7,7,3,2.0,South-West,Old Property,,2700.0,,0,0,0,0,0,0,7,385.7142857142857
flat,vatika gurgaon,sector 83,1.19,7437.5,1600.0,Carpet area: 1600 (148.64 sq.m.),3,3,2,10.0,South,Relatively New,,,1600.0,0,1,0,0,0,1,35,533.3333333333334
flat,ramprastha the atrium,sector 37d,0.9,6224.066390041494,1446.0,Super Built up area 1285(119.38 sq.m.)Built Up area: 1185 sq.ft. (110.09 sq.m.)Carpet area: 975 sq.ft. (90.58 sq.m.),3,3,2,13.0,South-East,Relatively New,1285.0,1185.0,975.0,0,0,0,0,0,2,37,482.0
flat,tulip violet,sector 69,3.05,9664.131812420786,3156.0,Super Built up area 3156(293.2 sq.m.),4,5,3+,14.0,South-West,Relatively New,3156.0,,,0,1,0,0,1,0,49,789.0
flat,hcbs sports ville,sector 2,0.35,4375.0,800.0,Built Up area: 800 (74.32 sq.m.)Carpet area: 600 sq.ft. (55.74 sq.m.),2,2,2,8.0,East,Relatively New,,800.0,600.0,0,0,0,0,0,0,37,400.0
flat,essel tower,sector 28,2.2,12500.0,1760.0,Carpet area: 1760 (163.51 sq.m.),3,4,3+,3.0,,Moderately Old,,,1760.0,0,1,0,0,0,2,0,586.6666666666666
flat,sbtl caladium,sector 109,1.26,6542.056074766355,1926.0,Super Built up area 1880(174.66 sq.m.),3,2,3,8.0,North-East,Relatively New,1880.0,,,0,0,0,0,0,0,103,642.0
flat,dlf carlton estate,sector 43,2.0,14214.641080312722,1407.0,Super Built up area 1407(130.71 sq.m.),3,3,2,5.0,South-West,Moderately Old,1407.0,,,0,0,0,0,0,0,65,469.0
flat,ats marigold,sector 89,1.85,8604.651162790698,2150.0,Super Built up area 2150(199.74 sq.m.),3,3,3+,12.0,South-West,New Property,2150.0,,,0,1,0,0,0,0,37,716.6666666666666
house,independent,sector 21,0.45,8411.214953271028,535.0,Carpet area: 535 (49.7 sq.m.),3,2,1,1.0,,Undefined,,,535.0,0,0,0,0,0,0,0,178.33333333333334
flat,raheja atharva,sector 109,0.79,7931.726907630522,996.0,Super Built up area 1457(135.36 sq.m.)Carpet area: 996 sq.ft. (92.53 sq.m.),3,2,2,3.0,,Relatively New,1457.0,,996.0,0,0,0,0,0,1,44,332.0
flat,supertech araville,sector 79,1.35,6940.874035989717,1945.0,Carpet area: 1945 (180.7 sq.m.),3,3,3,4.0,,Relatively New,,,1945.0,0,0,0,0,0,0,0,648.3333333333334
flat,godrej oasis,sector 88a,1.19,10162.254483347566,1171.0,Super Built up area 1628(151.25 sq.m.)Carpet area: 1171 sq.ft. (108.79 sq.m.),2,2,3,15.0,South-East,Relatively New,1628.0,,1171.0,1,0,0,1,0,1,174,585.5
flat,professors enclave cghs,sector 56,1.55,7750.0,2000.0,Super Built up area 2000(185.81 sq.m.),3,3,3+,6.0,East,Moderately Old,2000.0,,,0,1,0,0,0,1,49,666.6666666666666
flat,godrej,sector 79,1.29,8206.106870229007,1572.0,Super Built up area 1572(146.04 sq.m.),2,2,3,4.0,,New Property,1572.0,,,0,0,0,0,0,0,0,786.0
flat,spectrum centre,sector 82a,0.62,9538.461538461539,650.0,Built Up area: 650 (60.39 sq.m.),1,1,0,6.0,,Undefined,,650.0,,0,0,0,0,0,0,0,650.0
house,independent,sector 7,3.85,14649.923896499238,2628.0,Plot area 292(244.15 sq.m.),4,4,3,3.0,North-West,Old Property,,292.0,,0,0,0,0,0,0,27,657.0
flat,dlf regal gardens,sector 90,1.25,5929.791271347249,2108.0,Super Built up area 1720(159.79 sq.m.),3,3,3,18.0,North-East,Relatively New,1720.0,,,0,0,0,0,1,0,72,702.6666666666666
flat,chd avenue,sector 71,1.2,7407.407407407408,1620.0,Super Built up area 1620(150.5 sq.m.),3,3,3,4.0,North,Relatively New,1620.0,,,0,0,0,0,1,1,49,540.0
house,sneh vihar,sohna road road,1.35,10000.0,1350.0,Plot area 1350(125.42 sq.m.),5,5,3+,4.0,,Relatively New,,1350.0,,0,0,0,0,0,0,0,270.0
flat,ats kocoon,sector 109,2.2,10501.193317422434,2095.0,Super Built up area 2095(194.63 sq.m.)Built Up area: 1860 sq.ft. (172.8 sq.m.),3,4,3,13.0,West,Relatively New,2095.0,1860.0,,0,1,0,0,0,0,165,698.3333333333334
flat,dnha group housing society,manesar,0.75,4518.0722891566265,1660.0,Super Built up area 1660(154.22 sq.m.),3,2,2,5.0,,Moderately Old,1660.0,,,0,0,0,0,0,0,0,553.3333333333334
flat,bestech park view residency,sector 2,1.4,7865.168539325843,1780.0,Super Built up area 1780(165.37 sq.m.),3,3,3+,8.0,South-West,Moderately Old,1780.0,,,0,0,0,0,0,0,92,593.3333333333334
flat,tulip lemon,sector 69,0.6,10000.0,600.0,Carpet area: 600 (55.74 sq.m.),2,1,1,12.0,,Relatively New,,,600.0,0,0,0,0,0,0,23,300.0
flat,madhur jeevan apartments,sector 56,1.59,8594.594594594595,1850.0,Super Built up area 2000(185.81 sq.m.)Built Up area: 1900 sq.ft. (176.52 sq.m.)Carpet area: 1850 sq.ft. (171.87 sq.m.),4,3,3+,3.0,North,Old Property,2000.0,1900.0,1850.0,0,0,0,0,1,1,33,462.5
flat,capital residences 360,sector 70a,1.18,8137.931034482759,1450.0,Super Built up area 1450(134.71 sq.m.)Built Up area: 1400 sq.ft. (130.06 sq.m.)Carpet area: 1000 sq.ft. (92.9 sq.m.),2,2,3,7.0,East,New Property,1450.0,1400.0,1000.0,0,0,0,1,0,0,140,725.0
flat,smart world orchard,sector 61,1.7,15004.41306266549,1133.0,Carpet area: 1150 (106.84 sq.m.),2,2,2,4.0,,Under Construction,,,1150.0,0,0,0,0,0,0,24,566.5
flat,pyramid urban,sector 67a,0.53,8967.851099830796,591.0,Carpet area: 591 (54.91 sq.m.),2,2,1,6.0,West,Relatively New,,,591.0,0,0,0,0,1,1,49,295.5
flat,dlf regal gardens,sector 90,1.27,5497.835497835498,2310.0,Super Built up area 1755(163.04 sq.m.)Built Up area: 1500 sq.ft. (139.35 sq.m.)Carpet area: 1400 sq.ft. (130.06 sq.m.),3,3,3+,2.0,South-West,Relatively New,1755.0,1500.0,1400.0,0,0,0,0,1,0,72,770.0
flat,silverglades hightown residences,sector 43,4.2,19764.70588235294,2125.0,Super Built up area 2150(199.74 sq.m.),3,4,2,7.0,East,Undefined,2150.0,,,0,0,0,0,0,0,42,708.3333333333334
house,independent,sector 57,3.49,20196.75925925926,1728.0,Plot area 192(160.54 sq.m.),4,4,2,3.0,South-East,Moderately Old,,192.0,,1,1,0,1,0,1,49,432.0
house,independent,sector 4,0.55,6815.365551425031,807.0,Built Up area: 75,2,1,1,1.0,,Moderately Old,,75.0,,0,0,0,0,0,0,0,403.5
flat,pareena laxmi apartments,sector 99a,0.3,5424.9547920434,553.0,Super Built up area 553(51.38 sq.m.)Carpet area: 470 sq.ft. (43.66 sq.m.),2,1,2,5.0,North,New Property,553.0,,470.0,0,0,0,0,0,0,66,276.5
flat,shapoorji pallonji joyville gurugram,sector 102,1.25,9873.617693522907,1266.0,Super Built up area 1215(112.88 sq.m.),2,2,2,0.0,East,Relatively New,1215.0,,,0,0,0,0,0,0,79,633.0
flat,sahara grace,sector 28,4.3,12420.566146735991,3462.0,Super Built up area 3462.01(321.63 sq.m.),3,4,3,5.0,,Old Property,3462.01,,,0,1,1,0,0,0,24,1154.0
flat,511 sarahah tower,sector 12,0.6,8333.333333333334,720.0,Carpet area: 720 (66.89 sq.m.),2,2,1,0.0,,New Property,,,720.0,0,0,0,1,0,2,0,360.0
flat,hector trimurti heights,sector 39,1.5,6382.978723404255,2350.0,Carpet area: 2350 (218.32 sq.m.),4,3,3,10.0,South-East,Old Property,,,2350.0,0,1,0,0,0,2,49,587.5
house,independent,sector 13,0.9,11464.968152866242,785.0,Plot area 785(72.93 sq.m.),2,4,3,3.0,North-West,Moderately Old,,785.0,,1,1,0,1,1,0,0,392.5
house,independent,sector 3,0.55,7333.333333333333,750.0,Built Up area: 750 (69.68 sq.m.),1,1,0,1.0,,Undefined,,750.0,,0,0,0,0,0,0,0,750.0
flat,godrej oasis,sector 88a,1.5,8108.108108108108,1850.0,Super Built up area 1850(171.87 sq.m.),3,3,3+,11.0,North-East,New Property,1850.0,,,0,0,0,0,0,0,39,616.6666666666666
flat,shyamkunj ashok vihar pahse 2,sector 3 phase 2,0.3,4444.444444444444,675.0,Carpet area: 675 (62.71 sq.m.),2,2,1,1.0,East,Relatively New,,,675.0,0,0,0,0,0,0,21,337.5
flat,m3m merlin,sector 67,3.39,14376.590330788804,2358.0,Super Built up area 2358(219.07 sq.m.)Built Up area: 2100 sq.ft. (195.1 sq.m.)Carpet area: 2000 sq.ft. (185.81 sq.m.),3,4,3,14.0,East,Relatively New,2358.0,2100.0,2000.0,0,1,0,0,0,1,26,786.0
flat,supertech hues,sector 68,0.93,8611.111111111111,1080.0,Carpet area: 1080 (100.34 sq.m.),2,2,2,11.0,,Undefined,,,1080.0,0,0,0,0,0,0,0,540.0
flat,godrej oasis,sector 88a,1.3,7258.514796203239,1791.0,Carpet area: 1791 (166.39 sq.m.),3,3,3+,4.0,North-West,Relatively New,,,1791.0,0,0,0,0,0,0,79,597.0
flat,imperia the esfera,sector 37c,0.85,5386.565272496831,1578.0,Super Built up area 1578(146.6 sq.m.)Carpet area: 1310 sq.ft. (121.7 sq.m.),2,3,3,9.0,South-East,Relatively New,1578.0,,1310.0,1,0,0,0,0,0,49,789.0
house,independent,sector 4,0.6,11695.906432748538,513.0,Plot area 57(5.3 sq.m.),3,3,1,2.0,,Old Property,,57.0,,0,0,0,0,1,0,0,171.0
flat,puri diplomatic greens,sector 111,3.45,11694.915254237289,2950.0,Super Built up area 2950(274.06 sq.m.),4,5,3+,10.0,North,Relatively New,2950.0,,,0,1,0,0,0,0,101,737.5
flat,parkwood westend,sector 92,0.7,5204.460966542751,1345.0,Super Built up area 1345(124.95 sq.m.),2,2,3,5.0,,Under Construction,1345.0,,,1,0,0,0,0,0,0,672.5
flat,shree vardhman victoria,sector 70,1.6,8205.128205128205,1950.0,Super Built up area 1950(181.16 sq.m.)Carpet area: 1161 sq.ft. (107.86 sq.m.),3,3,3,10.0,South,Relatively New,1950.0,,1161.0,1,1,0,1,1,0,43,650.0
flat,signature global solera 2,sector 107,0.5,8928.57142857143,560.0,Carpet area: 560 (52.03 sq.m.),2,2,2,13.0,,New Property,,,560.0,0,0,0,0,0,0,8,280.0
flat,shree vardhman victoria,sector 70,1.65,8461.538461538461,1950.0,Super Built up area 1950(181.16 sq.m.)Carpet area: 1267 sq.ft. (117.71 sq.m.),3,4,3,1.0,North,Relatively New,1950.0,,1267.0,0,1,0,0,0,2,167,650.0
house,the laburnum,sector 43,11.0,27160.493827160495,4050.0,Plot area 450(376.26 sq.m.)Built Up area: 360 sq.yards (301.01 sq.m.)Carpet area: 350 sq.yards (292.64 sq.m.),5,6,3+,3.0,East,New Property,,360.0,350.0,0,1,0,1,0,1,160,810.0
flat,m3m heights,sector 65,2.33,18477.398889770026,1261.0,Super Built up area 1261(117.15 sq.m.),2,2,3,35.0,North-East,Under Construction,1261.0,,,0,0,0,0,0,1,49,630.5
flat,greenopolis,sector 89,1.3,6806.282722513089,1910.0,Carpet area: 1910 (177.44 sq.m.),3,3,3+,1.0,South-West,New Property,,,1910.0,0,1,0,0,0,0,35,636.6666666666666
flat,dlf new town heights,sector 86,1.26,6113.53711790393,2061.0,Super Built up area 1930(179.3 sq.m.),3,3,3,5.0,West,Moderately Old,1930.0,,,0,1,0,0,1,0,113,687.0
flat,hcbs sports ville,sohna road,0.38,5066.666666666667,750.0,Built Up area: 750 (69.68 sq.m.)Carpet area: 650 sq.ft. (60.39 sq.m.),2,2,2,9.0,East,Undefined,,750.0,650.0,0,0,0,0,0,0,0,375.0
house,vatika india next,sector 82,6.8,20987.654320987655,3240.0,Plot area 360(301.01 sq.m.),4,4,3+,3.0,North-East,Relatively New,,360.0,,0,1,0,0,0,2,110,810.0
house,international city by sobha phase 2,sector 109,6.8,12592.592592592593,5400.0,Plot area 600(501.68 sq.m.),4,5,3,2.0,North-West,Relatively New,,600.0,,0,1,0,0,0,0,49,1350.0
flat,mittal surya vihar,sector 21,1.4,5833.333333333333,2400.0,Super Built up area 2400(222.97 sq.m.),5,4,2,2.0,,Moderately Old,2400.0,,,0,0,0,0,0,0,0,480.0
flat,emaar mgf emerald floors,sector 65,3.2,10158.730158730159,3150.0,Built Up area: 3150 (292.64 sq.m.)Carpet area: 1750 sq.ft. (162.58 sq.m.),4,3,2,1.0,,Relatively New,,3150.0,1750.0,0,1,0,0,0,0,0,787.5
flat,experion windchants,sector 112,3.75,13383.297644539614,2802.0,Super Built up area 2802(260.31 sq.m.)Built Up area: 2225.56 sq.ft. (206.76 sq.m.),3,3,2,21.0,West,Relatively New,2802.0,2225.56,,0,1,0,0,0,1,159,934.0
flat,supertech hues,sector 68,1.0,8474.57627118644,1180.0,Carpet area: 1180 (109.63 sq.m.),2,2,2,12.0,,New Property,,,1180.0,0,0,0,0,0,0,54,590.0
flat,ireo skyon,sector 60,3.05,12788.25995807128,2385.0,Super Built up area 2385(221.57 sq.m.)Built Up area: 2300 sq.ft. (213.68 sq.m.)Carpet area: 2200 sq.ft. (204.39 sq.m.),3,3,3,9.0,South-East,Relatively New,2385.0,2300.0,2200.0,0,1,0,0,0,1,165,795.0
flat,awho sispal vihar,sector 49,2.0,7262.164124909223,2754.0,Super Built up area 2754(255.85 sq.m.),4,3,3+,4.0,,Old Property,2754.0,,,0,0,0,0,0,0,65,688.5
flat,m3m woodshire,sector 107,0.98,6422.018348623853,1526.0,Super Built up area 1534(142.51 sq.m.)Carpet area: 1056 sq.ft. (98.11 sq.m.),2,2,3,7.0,West,Relatively New,1534.0,,1056.0,1,0,0,0,0,1,174,763.0
house,independent,sector 6,1.0,4629.62962962963,2160.0,Built Up area: 240 (22.3 sq.m.),6,4,0,3.0,,Undefined,,240.0,,0,0,0,0,0,0,0,360.0
flat,dlf new town heights,sector 90,1.88,6894.0227356068945,2727.0,Super Built up area 2727(253.35 sq.m.)Built Up area: 2726 sq.ft. (253.25 sq.m.)Carpet area: 2725 sq.ft. (253.16 sq.m.),4,4,3+,20.0,South,Relatively New,2727.0,2726.0,2725.0,0,1,0,1,0,0,145,681.75
flat,shree vardhman flora,sector 90,0.65,4961.832061068702,1310.0,Super Built up area 1300(120.77 sq.m.)Built Up area: 1225 sq.ft. (113.81 sq.m.)Carpet area: 1075 sq.ft. (99.87 sq.m.),2,2,3,11.0,North-West,Relatively New,1300.0,1225.0,1075.0,1,0,0,0,0,1,49,655.0
house,independent,sector 110,1.0,8795.074758135444,1137.0,Plot area 120(100.34 sq.m.)Built Up area: 120 sq.yards (100.34 sq.m.)Carpet area: 100 sq.yards (83.61 sq.m.),3,2,2,1.0,North,Old Property,,120.0,100.0,0,0,0,1,0,0,0,379.0
flat,orchid petals,sector 49,4.16,11698.53768278965,3556.0,Super Built up area 3557(330.46 sq.m.),5,4,3+,14.0,East,Relatively New,3557.0,,,1,1,0,0,0,0,40,711.2
flat,shree vardhman flora,sector 90,0.65,4814.814814814815,1350.0,Super Built up area 1350(125.42 sq.m.),2,2,3,6.0,West,Relatively New,1350.0,,,1,0,0,0,0,0,174,675.0
flat,vatika the seven lamps,sector 82,0.86,6022.408963585434,1428.0,Super Built up area 1430(132.85 sq.m.),2,2,2,12.0,East,Relatively New,1430.0,,,1,0,0,0,0,1,135,714.0
flat,sapphire eighty three,sector 83,0.65,9285.714285714286,700.0,Built Up area: 700 (65.03 sq.m.),1,1,0,6.0,,Undefined,,700.0,,0,0,0,0,0,0,0,700.0
flat,conscient heritage max,sector 102,3.0,10489.510489510489,2860.0,Carpet area: 2860 (265.7 sq.m.),4,4,3+,7.0,East,Relatively New,,,2860.0,0,0,0,0,1,1,65,715.0
flat,hcbs sports ville,sohna road,0.24,7407.407407407408,324.0,Carpet area: 324 (30.1 sq.m.),1,1,2,1.0,North,New Property,,,324.0,0,0,0,0,0,0,68,324.0
flat,shree vardhman flora,sector 90,0.64,4923.076923076923,1300.0,Super Built up area 1300(120.77 sq.m.)Carpet area: 1100 sq.ft. (102.19 sq.m.),2,2,3,6.0,East,Old Property,1300.0,,1100.0,1,0,0,0,0,0,103,650.0
flat,m3m capital,sector 113,2.0,12012.012012012012,1665.0,Super Built up area 1665(154.68 sq.m.),3,3,2,24.0,,Under Construction,1665.0,,,0,0,0,0,0,0,47,555.0
flat,aditya apartment,manesar,1.0,4032.2580645161293,2480.0,Built Up area: 2480 (230.4 sq.m.),3,4,0,3.0,,New Property,,2480.0,,0,0,0,0,0,0,0,826.6666666666666
flat,tulip violet,sector 69,1.75,9459.45945945946,1850.0,Carpet area: 1850 (171.87 sq.m.),3,4,2,0.0,East,Relatively New,,,1850.0,0,0,0,0,0,1,174,616.6666666666666
house,dlf city plots,sector 26,17.0,37627.268702965914,4518.0,Plot area 502(419.74 sq.m.),5,6,3,2.0,North-West,Old Property,,502.0,,0,1,1,1,0,1,87,903.6
flat,sobha city,sector 108,3.95,16858.72812633376,2343.0,Super Built up area 2343(217.67 sq.m.)Carpet area: 1512.05 sq.ft. (140.47 sq.m.),3,5,2,15.0,North,New Property,2343.0,,1512.05,0,1,0,0,0,0,118,781.0
house,independent,sector 37d,1.16,7537.3619233268355,1539.0,Built Up area: 1535 (142.61 sq.m.),1,1,0,1.0,,Undefined,,1535.0,,0,0,0,0,0,0,0,1539.0
flat,paras dews,sector 106,0.88,6353.790613718412,1385.0,Super Built up area 1385(128.67 sq.m.)Built Up area: 940 sq.ft. (87.33 sq.m.)Carpet area: 845 sq.ft. (78.5 sq.m.),2,2,3+,1.0,South,Relatively New,1385.0,940.0,845.0,0,0,0,0,0,0,49,692.5
flat,emaar digihomes,sector 62,2.45,16002.612671456563,1531.0,Built Up area: 1200 (111.48 sq.m.)Carpet area: 1000 sq.ft. (92.9 sq.m.),2,2,2,7.0,North-East,New Property,,1200.0,1000.0,1,0,0,0,0,2,174,765.5
flat,ireo skyon,sector 60,2.82,12818.181818181818,2200.0,Super Built up area 2403(223.25 sq.m.)Built Up area: 2400 sq.ft. (222.97 sq.m.)Carpet area: 2200 sq.ft. (204.39 sq.m.),3,3,3,2.0,South-East,Relatively New,2403.0,2400.0,2200.0,0,1,0,0,0,1,174,733.3333333333334
house,independent,sector 2,6.0,20000.0,3000.0,Built Up area: 333 (278.43 sq.m.),4,4,1,2.0,,Relatively New,,333.0,,0,0,0,0,0,0,0,750.0
flat,,sector 78,0.6,3692.3076923076924,1625.0,Built Up area: 1625 (150.97 sq.m.),2,2,0,,,Under Construction,,1625.0,,0,0,0,0,0,0,0,812.5
flat,supertech araville,sector 79,0.71,6063.1938514090525,1171.0,Super Built up area 1295(120.31 sq.m.)Carpet area: 1250 sq.ft. (116.13 sq.m.),2,2,3+,17.0,North,New Property,1295.0,,1250.0,0,0,0,0,1,0,53,585.5
house,independent,sector 25,13.0,45710.26722925457,2844.0,Plot area 316(264.22 sq.m.),6,8,3+,,,Relatively New,,316.0,,1,1,1,1,0,2,0,474.0
flat,ss the leaf,sector 83,1.19,7225.258044930176,1647.0,Super Built up area 1640(152.36 sq.m.)Built Up area: 1630 sq.ft. (151.43 sq.m.)Carpet area: 1620 sq.ft. (150.5 sq.m.),2,2,3,4.0,South-East,Relatively New,1640.0,1630.0,1620.0,0,0,0,0,0,0,49,823.5
flat,ireo skyon,sector 60,3.75,13392.857142857143,2800.0,Super Built up area 2800(260.13 sq.m.),4,5,3,15.0,South,Relatively New,2800.0,,,0,1,0,0,0,0,167,700.0
flat,the khushboo cooperative housing society ltd,sector 9a,0.88,4888.888888888889,1800.0,Super Built up area 1800(167.23 sq.m.)Carpet area: 1123 sq.ft. (104.33 sq.m.),3,3,2,2.0,North-West,Old Property,1800.0,,1123.0,0,0,0,0,0,1,31,600.0
flat,ild grand,sector 37c,1.35,7142.857142857143,1890.0,Built Up area: 1820 (169.08 sq.m.),3,3,0,1.0,,New Property,,1820.0,,0,0,0,0,0,0,60,630.0
flat,smart world orchard,sector 61,1.41,12250.217202432666,1151.0,Built Up area: 1150 (106.84 sq.m.),2,2,2,2.0,,Undefined,,1150.0,,1,0,0,0,0,0,76,575.5
house,madan puri,sector 7,0.75,12500.0,600.0,Plot area 600(55.74 sq.m.),3,5,3,3.0,South-East,Moderately Old,,600.0,,0,0,0,0,0,0,0,200.0
flat,tulip violet,sector 69,1.19,8814.814814814816,1350.0,Carpet area: 1350 (125.42 sq.m.),2,3,1,0.0,West,Relatively New,,,1350.0,1,0,0,0,0,0,174,675.0
house,nitin vihar,sector 33,0.85,9444.444444444445,900.0,Plot area 900(83.61 sq.m.),3,2,0,1.0,West,Relatively New,,900.0,,0,0,0,0,0,0,15,300.0
flat,dlf the ultima,sector 81,2.12,10080.836899667142,2103.0,Super Built up area 2103(195.38 sq.m.)Built Up area: 1650 sq.ft. (153.29 sq.m.)Carpet area: 1257 sq.ft. (116.78 sq.m.),3,3,3+,9.0,South,Relatively New,2103.0,1650.0,1257.0,1,1,0,1,1,2,49,701.0
flat,dlf new town heights,sector 86,1.3,6735.751295336788,1930.0,Super Built up area 1930(179.3 sq.m.),3,3,3,12.0,North,Moderately Old,1930.0,,,0,1,0,0,0,1,165,643.3333333333334
flat,godrej summit premia towers,sector 104,0.9,7148.530579825258,1259.0,Built Up area: 1259 (116.96 sq.m.),2,2,0,16.0,,Undefined,,1259.0,,0,0,0,0,0,0,0,629.5
flat,orchid petals,sector 49,2.38,11497.584541062803,2070.0,Super Built up area 2070(192.31 sq.m.)Built Up area: 2061 sq.ft. (191.47 sq.m.)Carpet area: 1750 sq.ft. (162.58 sq.m.),3,4,3,1.0,West,Relatively New,2070.0,2061.0,1750.0,1,0,0,0,0,0,49,690.0
flat,"m m residency, krishna colony, gurgaon",sector 7,0.54,5888.76772082879,917.0,Carpet area: 900 (83.61 sq.m.),2,2,1,3.0,East,Relatively New,,,900.0,0,0,0,0,0,0,70,458.5
house,independent,sector 9,3.5,13409.961685823755,2610.0,Plot area 290(242.48 sq.m.),9,9,3+,3.0,North-East,Relatively New,,290.0,,1,0,0,0,0,0,23,290.0
flat,emaar mgf emerald floors premier,sector 65,2.9,14683.54430379747,1975.0,Carpet area: 1975 (183.48 sq.m.),4,4,0,0.0,North,Relatively New,,,1975.0,0,0,1,0,0,0,50,493.75
flat,m3m skywalk,sector 74,2.25,12500.0,1800.0,Super Built up area 2000(185.81 sq.m.)Built Up area: 1900 sq.ft. (176.52 sq.m.)Carpet area: 1800 sq.ft. (167.23 sq.m.),3,3,3,5.0,North-East,Relatively New,2000.0,1900.0,1800.0,1,0,0,0,0,0,174,600.0
flat,bestech park view sanskruti,sector 92,1.42,7759.562841530054,1830.0,Super Built up area 1920(178.37 sq.m.),3,3,2,10.0,East,Relatively New,1920.0,,,0,0,0,0,0,0,117,610.0
flat,ashiana anmol,sohna road,0.99,8215.767634854772,1205.0,Super Built up area 1205(111.95 sq.m.)Carpet area: 900 sq.ft. (83.61 sq.m.),2,2,2,6.0,East,Undefined,1205.0,,900.0,0,0,0,0,0,0,49,602.5
flat,ss the leaf,sector 85,2.7,7754.164273406089,3482.0,Super Built up area 3482(323.49 sq.m.),4,4,3+,23.0,,New Property,3482.0,,,0,0,0,0,0,0,21,870.5
flat,pareena mi casa,sector 68,1.7,8500.0,2000.0,Super Built up area 1999(185.71 sq.m.),4,4,3+,23.0,,New Property,1999.0,,,0,0,0,0,0,0,88,500.0
flat,tulip violet,sector 69,1.55,9822.56020278834,1578.0,Super Built up area 1578(146.6 sq.m.),3,3,2,9.0,North-East,Relatively New,1578.0,,,0,0,0,1,0,1,165,526.0
flat,signature global solera,sector 107,0.52,8062.015503875969,645.0,Carpet area: 645 (59.92 sq.m.),3,2,2,5.0,East,Relatively New,,,645.0,0,0,0,0,1,0,15,215.0
flat,m3m skywalk,sector 74,1.4,9831.460674157302,1424.0,Super Built up area 1424(132.29 sq.m.),2,2,2,17.0,North-East,New Property,1424.0,,,0,0,0,0,0,1,167,712.0
house,eros rosewood city,sector 49,1.6,3499.562554680665,4572.0,Plot area 60(50.17 sq.m.),4,4,3,4.0,East,New Property,,60.0,,0,0,0,0,0,1,27,1143.0
house,independent,sector 23,5.5,13095.238095238095,4200.0,Plot area 4200(390.19 sq.m.),9,9,3+,3.0,South,Moderately Old,,4200.0,,0,1,0,0,1,1,0,466.6666666666667
flat,supertech araville,sector 79,0.78,6023.1660231660235,1295.0,Super Built up area 1295(120.31 sq.m.),2,2,3+,0.0,,New Property,1295.0,,,0,0,0,0,1,0,74,647.5
house,independent,sector 50,7.0,32407.40740740741,2160.0,Built Up area: 240 (200.67 sq.m.),3,2,0,1.0,,Undefined,,240.0,,0,0,0,0,0,0,0,720.0
flat,bhagwati sadan,sector 12,1.15,5750.0,2000.0,Super Built up area 2500(232.26 sq.m.)Built Up area: 2000 sq.ft. (185.81 sq.m.)Carpet area: 1750 sq.ft. (162.58 sq.m.),3,4,2,2.0,,Old Property,2500.0,2000.0,1750.0,1,1,0,0,1,1,28,666.6666666666666
flat,ats triumph,sector 104,2.55,13076.923076923076,1950.0,Super Built up area 3150(292.64 sq.m.)Carpet area: 1950 sq.ft. (181.16 sq.m.),4,4,3+,21.0,East,Relatively New,3150.0,,1950.0,0,1,0,0,0,0,150,487.5
house,independent,sector 31,4.25,26234.567901234568,1620.0,Plot area 204(170.57 sq.m.)Built Up area: 200 sq.yards (167.23 sq.m.)Carpet area: 180 sq.yards (150.5 sq.m.),5,5,3+,3.0,North-East,Moderately Old,,200.0,180.0,0,0,1,1,0,1,56,324.0
flat,emaar palm gardens,sector 83,3.15,8400.0,3750.0,Super Built up area 3750(348.39 sq.m.)Built Up area: 3200 sq.ft. (297.29 sq.m.)Carpet area: 2444.94 sq.ft. (227.14 sq.m.),5,7,3+,15.0,West,Relatively New,3750.0,3200.0,2444.94,0,1,0,0,0,1,165,750.0
flat,indiabulls enigma,sector 110,3.49,10264.70588235294,3400.0,Super Built up area 3400(315.87 sq.m.),4,5,3,7.0,North-West,Relatively New,3400.0,,,0,1,0,0,0,0,165,850.0
flat,la vida by tata housing,sector 113,1.93,12222.925902469917,1579.0,Super Built up area 1579(146.69 sq.m.),3,3,2,8.0,,Under Construction,1579.0,,,0,0,0,0,0,0,71,526.3333333333334
flat,smart world gems,sector 89,1.13,8502.633559066968,1329.0,Carpet area: 1326 (123.19 sq.m.),3,3,2,4.0,,Undefined,,,1326.0,1,0,0,0,0,0,115,443.0
flat,mapsko paradise,sector 83,0.75,5597.014925373134,1340.0,Super Built up area 1340(124.49 sq.m.)Carpet area: 1000 sq.ft. (92.9 sq.m.),3,3,3,10.0,North,New Property,1340.0,,1000.0,0,0,0,0,1,1,49,446.6666666666667
flat,smart world orchard,sector 61,1.47,12782.608695652174,1150.0,Carpet area: 1150 (106.84 sq.m.),2,2,2,4.0,North-East,New Property,,,1150.0,1,0,0,1,0,0,53,575.0
flat,umang winter hills,sector 77,0.75,5588.673621460507,1342.0,Super Built up area 1342(124.68 sq.m.)Built Up area: 1140 sq.ft. (105.91 sq.m.)Carpet area: 969 sq.ft. (90.02 sq.m.),2,2,2,8.0,South,Relatively New,1342.0,1140.0,969.0,0,0,1,0,0,1,102,671.0
flat,dhoot time residency,sector 63,3.0,18270.401948842875,1642.0,Built Up area: 1642 (152.55 sq.m.)Carpet area: 1500 sq.ft. (139.35 sq.m.),3,3,3+,14.0,,Relatively New,,1642.0,1500.0,0,1,0,0,0,1,0,547.3333333333334
house,dlf city plots,sector 26,13.5,29880.478087649404,4518.0,Plot area 502(419.74 sq.m.),5,5,2,2.0,East,Moderately Old,,502.0,,1,1,0,0,1,1,104,903.6
flat,central park flower valley,sohna road road,1.65,17441.86046511628,946.0,Carpet area: 946 (87.89 sq.m.),3,3,0,1.0,,Undefined,,,946.0,0,0,0,0,0,0,66,315.3333333333333
flat,m3m golfestate,sector 65,6.15,18330.84947839046,3355.0,Built Up area: 3355 (311.69 sq.m.)Carpet area: 2200 sq.ft. (204.39 sq.m.),3,4,2,20.0,North-East,Undefined,,3355.0,2200.0,0,0,0,0,0,0,34,1118.3333333333333
flat,ild greens,sector 37c,0.9,5614.47286338116,1603.0,Super Built up area 1603(148.92 sq.m.)Built Up area: 1500 sq.ft. (139.35 sq.m.),3,3,3,0.0,North-East,Under Construction,1603.0,1500.0,,0,0,0,0,0,0,66,534.3333333333334
flat,dlf the primus,sector 82a,1.59,10338.10143042913,1538.0,Super Built up area 1799(167.13 sq.m.)Carpet area: 1538 sq.ft. (142.88 sq.m.),3,3,3+,5.0,North-East,Relatively New,1799.0,,1538.0,0,0,0,0,1,2,167,512.6666666666666
flat,vatika gurgaon,sector 83,1.1,6162.4649859943975,1785.0,Super Built up area 1785(165.83 sq.m.)Built Up area: 1600 sq.ft. (148.64 sq.m.)Carpet area: 1500 sq.ft. (139.35 sq.m.),3,3,3+,5.0,North-West,Relatively New,1785.0,1600.0,1500.0,0,0,0,0,0,1,96,595.0
flat,bestech park view residency,sector 2,1.4,7865.168539325843,1780.0,Super Built up area 1780(165.37 sq.m.),3,3,3+,6.0,North,Old Property,1780.0,,,0,0,0,0,0,2,107,593.3333333333334
flat,vatika gurgaon,sector 83,1.12,6455.3314121037465,1735.0,Super Built up area 1735(161.19 sq.m.)Built Up area: 1500 sq.ft. (139.35 sq.m.)Carpet area: 1400 sq.ft. (130.06 sq.m.),3,3,2,17.0,South,Moderately Old,1735.0,1500.0,1400.0,0,0,0,0,0,1,111,578.3333333333334
flat,sare homes,sector 92,0.8,4694.835680751174,1704.0,Carpet area: 1704 (158.31 sq.m.),4,4,3,1.0,North-East,Moderately Old,,,1704.0,0,0,0,0,0,0,77,426.0
house,mian wali,sector 12,1.7,9444.444444444445,1800.0,Plot area 1800(167.23 sq.m.),1,1,1,1.0,,Old Property,,1800.0,,0,1,0,0,0,0,7,1800.0
flat,gls arawali homes,sohna road,0.35,6076.388888888889,576.0,Super Built up area 576(53.51 sq.m.),2,2,2,12.0,,New Property,576.0,,,0,0,0,0,0,0,42,288.0
house,bptp visionnaire,sector 70a,4.0,6665.555740709881,6001.0,Plot area 6000(557.42 sq.m.),4,4,3+,2.0,North-East,Relatively New,,6000.0,,0,1,0,0,0,0,154,1500.25
flat,dlf the skycourt,sector 86,1.5,7894.736842105263,1900.0,Super Built up area 1900(176.52 sq.m.),3,3,1,16.0,East,Relatively New,1900.0,,,0,0,0,0,1,0,49,633.3333333333334
flat,imperia the esfera,sector 37c,0.98,5399.449035812672,1815.0,Super Built up area 1815(168.62 sq.m.)Carpet area: 1510 sq.ft. (140.28 sq.m.),3,4,3,9.0,South-West,Relatively New,1815.0,,1510.0,0,1,0,0,1,0,49,605.0
house,nirvana cedar crest,sector 50,7.1,32870.37037037037,2160.0,Plot area 240(200.67 sq.m.)Built Up area: 239 sq.yards (199.83 sq.m.)Carpet area: 238 sq.yards (199 sq.m.),5,4,3,2.0,East,Moderately Old,,239.0,238.0,1,0,1,1,0,1,110,432.0
flat,dlf the primus,sector 82a,2.6,11438.627364716234,2273.0,Super Built up area 2273(211.17 sq.m.)Carpet area: 1340 sq.ft. (124.49 sq.m.),4,4,3+,2.0,East,Relatively New,2273.0,,1340.0,0,0,0,0,1,0,38,568.25
flat,raheja vedaanta,sector 108,1.5,5263.1578947368425,2850.0,Built Up area: 2850 (264.77 sq.m.),3,4,0,12.0,,Undefined,,2850.0,,0,0,0,0,0,0,0,950.0
flat,experion the heartsong,sector 108,1.55,7738.392411382925,2003.0,Super Built up area 2003(186.08 sq.m.)Built Up area: 1750 sq.ft. (162.58 sq.m.)Carpet area: 1550 sq.ft. (144 sq.m.),3,3,3+,7.0,North-East,Relatively New,2003.0,1750.0,1550.0,0,1,0,1,0,1,174,667.6666666666666
flat,emaar palm gardens,sector 83,1.8,9473.684210526315,1900.0,Super Built up area 1900(176.52 sq.m.)Carpet area: 1244.33 sq.ft. (115.6 sq.m.),3,4,3,4.0,West,Relatively New,1900.0,,1244.33,1,1,1,1,0,1,174,633.3333333333334
flat,dlf the primus,sector 82a,2.2,10516.252390057361,2092.0,Super Built up area 2092(194.35 sq.m.),3,3,3+,16.0,North-East,Relatively New,2092.0,,,0,1,0,0,0,2,174,697.3333333333334
flat,bptp terra,sector 37d,1.45,8006.6261733848705,1811.0,Super Built up area 1811(168.25 sq.m.)Built Up area: 1711 sq.ft. (158.96 sq.m.)Carpet area: 1611 sq.ft. (149.67 sq.m.),3,3,3,8.0,South-East,Relatively New,1811.0,1711.0,1611.0,0,0,0,0,0,0,149,603.6666666666666
flat,rof ananda,sector 95,0.36,5660.377358490566,636.0,Carpet area: 645 (59.92 sq.m.),2,2,2,10.0,East,New Property,,,645.0,1,0,0,0,0,0,75,318.0
house,independent,sector 3,0.92,15257.048092868989,603.0,Built Up area: 603 (56.02 sq.m.),4,1,0,1.0,,Undefined,,603.0,,0,0,0,0,0,0,0,150.75
flat,sobha city,sector 108,2.6,15195.791934541205,1711.0,Super Built up area 1711(158.96 sq.m.),3,3,2,8.0,East,Relatively New,1711.0,,,0,0,0,0,0,0,99,570.3333333333334
flat,conscient heritage max,sector 102,2.15,9307.359307359307,2310.0,Super Built up area 2149(199.65 sq.m.),3,4,3,13.0,South,Relatively New,2149.0,,,1,1,0,0,0,0,101,770.0
flat,pyramid urban homes 2,sector 86,0.6,8000.0,750.0,Carpet area: 750 (69.68 sq.m.),3,2,2,2.0,East,New Property,,,750.0,0,0,0,0,0,0,13,250.0
flat,puri the aravallis,sector 61,3.9,33219.76149914821,1174.0,Carpet area: 1249.65 (116.1 sq.m.),3,4,3+,33.0,South,Undefined,,,1249.68879,0,1,0,0,0,0,158,391.3333333333333
flat,tulip violet,sector 69,1.75,8883.248730964468,1970.0,Super Built up area 1970(183.02 sq.m.),4,4,1,12.0,North-West,Relatively New,1970.0,,,0,0,0,0,0,0,86,492.5
flat,ambience creacions,sector 22,2.55,13709.677419354839,1860.0,Super Built up area 1860(172.8 sq.m.)Built Up area: 1600 sq.ft. (148.64 sq.m.)Carpet area: 1400 sq.ft. (130.06 sq.m.),3,3,3,8.0,North-East,Relatively New,1860.0,1600.0,1400.0,0,0,0,0,1,1,125,620.0
house,independent,sector 21,0.6,6172.83950617284,972.0,Plot area 108(90.3 sq.m.),3,3,2,3.0,,Old Property,,108.0,,0,0,0,0,0,0,0,324.0
house,independent,sector 31,3.69,23699.42196531792,1557.0,Plot area 173(144.65 sq.m.),4,4,2,2.0,East,Moderately Old,,173.0,,1,1,0,1,0,1,75,389.25
house,independent,sector 4,0.4,8888.888888888889,450.0,Plot area 50(41.81 sq.m.),1,1,0,1.0,,Moderately Old,,50.0,,0,0,0,0,0,0,0,450.0
flat,shree vardhman flora,sector 90,0.7,5323.19391634981,1315.0,Super Built up area 1352(125.6 sq.m.)Built Up area: 1350 sq.ft. (125.42 sq.m.),2,2,3,9.0,East,New Property,1352.0,1350.0,,1,0,0,0,0,0,60,657.5
flat,vatika city homes,sector 83,1.05,8571.42857142857,1225.0,Super Built up area 1740(161.65 sq.m.)Carpet area: 1225 sq.ft. (113.81 sq.m.),3,3,3,8.0,South-East,Moderately Old,1740.0,,1225.0,0,0,0,1,0,1,103,408.3333333333333
flat,ss the leaf,sector 85,1.04,5973.578403216542,1741.0,Super Built up area 1741(161.74 sq.m.),2,3,3+,4.0,West,Relatively New,1741.0,,,0,0,1,0,0,0,113,870.5
flat,emaar mgf the palm drive,sector 66,1.51,15130.260521042084,998.0,Super Built up area 1200(111.48 sq.m.)Built Up area: 1188 sq.ft. (110.37 sq.m.)Carpet area: 998 sq.ft. (92.72 sq.m.),2,2,2,5.0,North,Relatively New,1200.0,1188.0,998.0,0,0,0,1,0,1,82,499.0
flat,shree vardhman victoria,sector 70,1.64,8384.45807770961,1956.0,Super Built up area 1950(181.16 sq.m.)Carpet area: 1161 sq.ft. (107.86 sq.m.),3,5,3,3.0,North,Relatively New,1950.0,,1161.0,0,1,0,0,0,0,51,652.0
house,independent,sector 11,0.9,10000.0,900.0,Plot area 900(83.61 sq.m.),2,4,3+,4.0,,Moderately Old,,900.0,,0,0,0,0,0,0,7,450.0
flat,maxworth city residences,sector 10a,0.8,6400.0,1250.0,Carpet area: 1250 (116.13 sq.m.),2,3,2,9.0,,New Property,,,1250.0,0,0,0,0,0,0,46,625.0
flat,godrej nature plus,sector 33,1.25,9025.270758122744,1385.0,Built Up area: 1385 (128.67 sq.m.)Carpet area: 1000 sq.ft. (92.9 sq.m.),2,2,3,17.0,,Undefined,,1385.0,1000.0,0,0,0,0,0,0,56,692.5
flat,emaar palm gardens,sector 83,1.48,7789.473684210527,1900.0,Super Built up area 1900(176.52 sq.m.)Carpet area: 1240.04 sq.ft. (115.2 sq.m.),3,3,3,7.0,East,Relatively New,1900.0,,1240.04,0,1,0,0,0,0,66,633.3333333333334
house,independent,sohna road road,0.49,4260.869565217391,1150.0,Plot area 1150(106.84 sq.m.),2,2,1,3.0,,New Property,,1150.0,,0,0,0,0,0,0,0,575.0
flat,dlf the ultima,sector 81,2.7,12802.275960170697,2109.0,Carpet area: 2109 (195.93 sq.m.),3,3,3,15.0,North,Relatively New,,,2109.0,0,1,0,0,0,1,49,703.0
flat,unitech fresco,sector 50,1.14,8532.934131736527,1336.0,Super Built up area 1336(124.12 sq.m.)Built Up area: 1330 sq.ft. (123.56 sq.m.)Carpet area: 1100 sq.ft. (102.19 sq.m.),2,2,2,19.0,East,Moderately Old,1336.0,1330.0,1100.0,0,0,0,0,1,1,174,668.0
flat,signature the roselia,sector 95,0.45,7908.611599297013,569.0,Carpet area: 569 (52.86 sq.m.),2,2,2,2.0,East,New Property,,,569.0,0,0,0,0,0,1,31,284.5
flat,m3m golfestate,sector 79,1.4,10000.0,1400.0,Carpet area: 1400 (130.06 sq.m.),2,2,2,4.0,East,Undefined,,,1400.0,1,1,1,0,0,2,83,700.0
flat,rof ananda,sector 95,0.32,5828.779599271403,549.0,Carpet area: 549.16 (51.02 sq.m.),2,2,1,9.0,North,Relatively New,,,549.174178,0,0,0,1,0,1,71,274.5
flat,paras dews,sector 106,1.4,6000.857265323618,2333.0,Super Built up area 1760(163.51 sq.m.),3,4,3+,12.0,,Under Construction,1760.0,,,1,1,0,0,1,0,55,777.6666666666666
flat,assotech blith,sector 99,0.82,6007.326007326007,1365.0,Built Up area: 1365 (126.81 sq.m.),2,2,3,0.0,,Undefined,,1365.0,,0,0,0,0,0,0,51,682.5
flat,pareena mi casa,sector 68,1.9,9227.780475959204,2059.0,Carpet area: 2059 (191.29 sq.m.),3,3,3+,1.0,,Under Construction,,,2059.0,0,1,0,0,0,0,49,686.3333333333334
flat,nbcc heights,sector 89,0.75,6578.9473684210525,1140.0,Super Built up area 1140(105.91 sq.m.),2,2,2,6.0,,Moderately Old,1140.0,,,0,0,0,0,0,0,0,570.0
house,independent,sector 4,0.7,6647.673314339981,1053.0,Built Up area: 117 (97.83 sq.m.),3,3,0,1.0,,Undefined,,117.0,,0,0,0,0,0,0,0,351.0
house,independent,sector 3 phase 3 extension,0.75,6410.25641025641,1170.0,Built Up area: 130 (12.08 sq.m.),2,2,0,1.0,,Undefined,,130.0,,0,0,0,0,0,0,0,585.0
flat,sobha city,sector 108,2.95,14727.90813779331,2003.0,Super Built up area 2003(186.08 sq.m.)Built Up area: 1600 sq.ft. (148.64 sq.m.)Carpet area: 1400 sq.ft. (130.06 sq.m.),3,4,2,12.0,East,Relatively New,2003.0,1600.0,1400.0,0,0,0,0,0,0,49,667.6666666666666
flat,paras dews,sector 106,1.15,6052.631578947368,1900.0,Super Built up area 1900(176.52 sq.m.)Built Up area: 1305 sq.ft. (121.24 sq.m.)Carpet area: 1173 sq.ft. (108.98 sq.m.),3,4,3,5.0,North-West,Relatively New,1900.0,1305.0,1173.0,1,1,0,0,0,0,49,633.3333333333334
flat,orris aster court,sector 85,0.93,5670.731707317073,1640.0,Built Up area: 1587 (147.44 sq.m.)Carpet area: 1250 sq.ft. (116.13 sq.m.),3,3,3,8.0,,Relatively New,,1587.0,1250.0,0,0,0,0,0,0,0,546.6666666666666
house,independent,sector 7,2.0,11111.111111111111,1800.0,Plot area 200(167.23 sq.m.),2,2,1,2.0,,Relatively New,,200.0,,0,0,0,0,0,0,0,900.0
house,independent,sector 3,0.9,8928.57142857143,1008.0,Built Up area: 1008 (93.65 sq.m.),3,1,0,1.0,,Undefined,,1008.0,,0,0,0,0,0,0,0,336.0
house,independent,sector 105,0.38,8444.444444444445,450.0,Carpet area: 50 (4.65 sq.m.),2,2,2,1.0,,Undefined,,,50.0,0,0,0,0,0,0,0,225.0
flat,dlf new town heights,sector 90,1.75,5720.823798627002,3059.0,Super Built up area 2727(253.35 sq.m.),4,4,3+,17.0,South,Relatively New,2727.0,,,0,1,0,1,0,0,88,764.75
flat,emaar digihomes,sector 62,2.1,14256.619144602852,1473.0,Super Built up area 1508.26(140.12 sq.m.),2,2,2,30.0,North,New Property,1508.26,,,0,1,0,0,0,0,52,736.5
flat,dlf regency park,sector 28,1.91,16608.695652173912,1150.0,Carpet area: 1150 (106.84 sq.m.),2,2,2,11.0,,New Property,,,1150.0,0,0,0,0,0,2,98,575.0
house,independent,sector 17,3.0,11111.111111111111,2700.0,Carpet area: 2700 (250.84 sq.m.),4,4,0,1.0,,Undefined,,,2700.0,0,0,0,0,0,0,0,675.0
flat,bestech altura,sector 79,1.85,8604.651162790698,2150.0,Super Built up area 2150(199.74 sq.m.),3,4,3+,11.0,North,New Property,2150.0,,,0,1,0,0,0,0,49,716.6666666666666
house,huda housing board colony,sector 31,4.6,31506.84931506849,1460.0,Plot area 1460(135.64 sq.m.),2,4,3+,3.0,East,Old Property,,1460.0,,0,0,0,0,1,0,8,730.0
flat,sare green parc phase 3,sector 92,1.1,6875.0,1600.0,Carpet area: 1600 (148.64 sq.m.),4,3,2,12.0,North,New Property,,,1600.0,0,0,0,0,0,0,15,400.0
flat,shapoorji pallonji joyville gurugram,sector 102,1.24,10205.761316872427,1215.0,Super Built up area 1215(112.88 sq.m.),2,2,2,10.0,East,Relatively New,1215.0,,,0,0,0,0,0,0,141,607.5
flat,signature global park,sohna road,0.87,7190.082644628099,1210.0,Built Up area: 1210 (112.41 sq.m.)Carpet area: 870 sq.ft. (80.83 sq.m.),3,2,3,4.0,,Undefined,,1210.0,870.0,0,0,0,0,0,0,58,403.3333333333333
flat,dlf new town heights,sector 86,1.28,8205.128205128205,1560.0,Super Built up area 1930(179.3 sq.m.)Carpet area: 1560 sq.ft. (144.93 sq.m.),3,4,3+,12.0,West,Moderately Old,1930.0,,1560.0,0,1,0,1,0,0,96,520.0
flat,raheja vedaanta,sector 108,0.7,4651.162790697675,1505.0,Super Built up area 1505(139.82 sq.m.),2,2,2,12.0,South,Moderately Old,1505.0,,,0,0,0,0,0,0,72,752.5
flat,ats tourmaline,sector 109,1.4,8000.0,1750.0,Super Built up area 1750(162.58 sq.m.)Built Up area: 1466 sq.ft. (136.2 sq.m.)Carpet area: 1350 sq.ft. (125.42 sq.m.),3,3,3+,8.0,North-East,Relatively New,1750.0,1466.0,1350.0,0,0,1,0,0,0,119,583.3333333333334
house,dlf the arbour,sector 63,8.5,21518.98734177215,3950.0,Built Up area: 3950 (366.97 sq.m.),4,4,3+,27.0,,Undefined,,3950.0,,0,0,0,0,0,0,61,987.5
house,independent,sector 105,9.9,49500.0,2000.0,Built Up area: 2000 (185.81 sq.m.)Carpet area: 1800 sq.ft. (167.23 sq.m.),2,2,2,3.0,North,Undefined,,2000.0,1800.0,0,0,0,0,0,0,0,1000.0
house,vipul tatvam villa,sector 48,19.5,22222.222222222223,8775.0,Plot area 975(815.22 sq.m.),5,6,3,2.0,North,Moderately Old,,975.0,,1,1,1,1,0,1,110,1755.0
flat,m3m heights,sector 65,2.79,14169.629253428137,1969.0,Super Built up area 1828(169.83 sq.m.),3,3,3,26.0,East,New Property,1828.0,,,0,0,0,0,0,0,15,656.3333333333334
house,independent,sector 46,3.6,24844.72049689441,1449.0,Plot area 161(134.62 sq.m.),5,5,3+,3.0,South-East,Moderately Old,,161.0,,0,1,0,0,0,1,75,289.8
flat,m3m capital,sector 113,1.83,13969.465648854963,1310.0,Built Up area: 1310 (121.7 sq.m.),2,2,0,7.0,,Undefined,,1310.0,,0,0,0,0,0,0,68,655.0
flat,dlf regal gardens,sector 90,1.78,8036.117381489842,2215.0,Super Built up area 2215(205.78 sq.m.)Built Up area: 2000 sq.ft. (185.81 sq.m.)Carpet area: 1650 sq.ft. (153.29 sq.m.),4,4,3+,8.0,South,Relatively New,2215.0,2000.0,1650.0,0,0,0,0,0,0,126,553.75
house,independent,sector 43,9.85,29641.889858561542,3323.0,Plot area 418(349.5 sq.m.),5,5,2,3.0,West,Old Property,,418.0,,1,1,0,1,0,0,21,664.6
flat,emaar mgf emerald floors premier,sector 65,2.29,13878.787878787878,1650.0,Carpet area: 1650 (153.29 sq.m.),3,4,3+,2.0,West,Relatively New,,,1650.0,1,1,0,0,0,2,174,550.0
flat,tulip violet,sector 69,1.46,9252.217997465146,1578.0,Super Built up area 1578(146.6 sq.m.),3,3,2,0.0,North-East,Relatively New,1578.0,,,0,0,0,1,0,1,174,526.0
house,unitech espace,sector 50,7.45,34490.74074074074,2160.0,Plot area 240(200.67 sq.m.)Built Up area: 4500 sq.yards (3762.57 sq.m.)Carpet area: 4000 sq.yards (3344.51 sq.m.),4,4,3,3.0,,Old Property,,4500.0,4000.0,0,1,0,0,0,1,59,540.0
flat,ats marigold,sector 89,1.7,9714.285714285714,1750.0,Carpet area: 1750 (162.58 sq.m.),3,3,3+,8.0,North,Under Construction,,,1750.0,1,0,0,0,0,0,65,583.3333333333334
flat,shree kirpalu gi sector 52,sector 52,1.45,7631.578947368421,1900.0,Super Built up area 1900(176.52 sq.m.)Built Up area: 1800 sq.ft. (167.23 sq.m.)Carpet area: 1700 sq.ft. (157.94 sq.m.),3,3,3+,7.0,West,Relatively New,1900.0,1800.0,1700.0,0,0,0,0,1,1,108,633.3333333333334
house,smart world gems,sector 89,1.25,8784.258608573437,1423.0,Built Up area: 1423 (132.2 sq.m.),3,3,2,1.0,,Undefined,,1423.0,,1,0,0,0,1,0,45,474.3333333333333
flat,shree vardhman mantra,sector 67,0.56,7000.0,800.0,Carpet area: 800 (74.32 sq.m.),2,2,1,8.0,,New Property,,,800.0,0,0,0,0,0,0,65,400.0
flat,experion windchants,sector 112,3.65,11427.67689417658,3194.0,Built Up area: 2800 (260.13 sq.m.),3,5,2,3.0,South-West,Relatively New,,2800.0,,0,1,0,0,0,0,72,1064.6666666666667
flat,eldeco accolade,sohna road,0.96,6570.841889117043,1461.0,Super Built up area 1457(135.36 sq.m.)Carpet area: 849 sq.ft. (78.87 sq.m.),2,2,3+,14.0,East,Relatively New,1457.0,,849.0,1,0,0,0,0,0,151,730.5
flat,mapsko mount ville,sector 79,1.2,8053.6912751677855,1490.0,Super Built up area 1490(138.43 sq.m.)Carpet area: 863.91 sq.ft. (80.26 sq.m.),3,3,3+,24.0,East,Relatively New,1490.0,,863.91,0,0,0,0,0,1,135,496.6666666666667
flat,godrej summit,sector 104,0.98,5950.2125075895565,1647.0,Super Built up area 1647(153.01 sq.m.),3,3,3,12.0,East,Relatively New,1647.0,,,0,0,0,0,1,0,79,549.0
flat,ramprastha the edge towers,sector 37d,0.8,5797.101449275362,1380.0,Super Built up area 1380(128.21 sq.m.)Built Up area: 1300 sq.ft. (120.77 sq.m.)Carpet area: 1200 sq.ft. (111.48 sq.m.),2,2,3,2.0,North-East,Relatively New,1380.0,1300.0,1200.0,0,0,0,0,0,0,78,690.0
flat,sidhartha ncr one phase,sector 95,0.55,4867.256637168141,1130.0,Carpet area: 1130 (104.98 sq.m.),2,2,2,14.0,,New Property,,,1130.0,1,0,0,0,0,0,90,565.0
house,independent,sector 105,1.2,10118.04384485666,1186.0,Plot area 1185.51(110.14 sq.m.),3,2,1,2.0,North-West,Old Property,,1185.51,,0,0,0,0,0,0,9,395.3333333333333
flat,ramsons kshitij,sector 95,0.28,3650.586701434159,767.0,Super Built up area 767(71.26 sq.m.),2,2,2,5.0,North-West,New Property,767.0,,,0,0,0,0,1,0,0,383.5
flat,sbtl caladium,sector 109,1.6,6286.836935166994,2545.0,Super Built up area 2545(236.44 sq.m.),3,3,3,9.0,North,Relatively New,2545.0,,,0,1,0,0,0,0,75,848.3333333333334
flat,ramshanti cooperative society,sector 52,1.76,7242.798353909465,2430.0,Super Built up area 2430(225.75 sq.m.),4,4,3+,12.0,,New Property,2430.0,,,0,0,0,0,0,0,0,607.5
flat,mapsko casa bella,sector 82,0.86,8120.868744098206,1059.0,Super Built up area 1430(132.85 sq.m.)Carpet area: 1056 sq.ft. (98.11 sq.m.),3,3,3,5.0,South,Moderately Old,1430.0,,1056.0,1,0,0,0,0,1,120,353.0
house,dlf city plots,sector 26,18.0,39840.6374501992,4518.0,Plot area 502(419.74 sq.m.),6,6,2,3.0,North,Old Property,,502.0,,0,1,0,1,1,1,49,753.0
flat,chd avenue,sector 71,1.4,7945.516458569807,1762.0,Carpet area: 1762 (163.7 sq.m.),3,3,2,1.0,South-East,Moderately Old,,,1762.0,0,0,0,1,0,1,125,587.3333333333334
flat,dlf the primus,sector 82a,2.7,10481.366459627328,2576.0,Super Built up area 2576(239.32 sq.m.)Carpet area: 1306 sq.ft. (121.33 sq.m.),4,4,3+,18.0,East,Moderately Old,2576.0,,1306.0,0,1,0,0,0,0,38,644.0
flat,the close north,sector 50,2.51,11992.35547061634,2093.0,Super Built up area 2093(194.45 sq.m.),3,3,3,11.0,North-East,Moderately Old,2093.0,,,0,0,1,1,0,1,109,697.6666666666666
flat,emaar palm gardens,sector 83,1.3,11872.14611872146,1095.0,Super Built up area 1720(159.79 sq.m.)Carpet area: 1095.3 sq.ft. (101.76 sq.m.),3,3,3,16.0,North,Relatively New,1720.0,,1095.3,0,1,0,0,0,1,174,365.0
flat,tata gurgaon gateway,sector 113,2.45,10788.19903126376,2271.0,Super Built up area 2225(206.71 sq.m.),3,3,3,8.0,North,Relatively New,2225.0,,,0,0,0,0,0,0,110,757.0
flat,corona gracieux,sector 76,1.05,5949.008498583569,1765.0,Super Built up area 1765(163.97 sq.m.),3,3,3+,7.0,North-East,Relatively New,1765.0,,,0,0,0,0,0,1,133,588.3333333333334
house,independent,sector 4,0.47,10609.480812641084,443.0,Plot area 49(40.97 sq.m.)Built Up area: 50 sq.yards (41.81 sq.m.)Carpet area: 48 sq.yards (40.13 sq.m.),2,2,1,2.0,East,New Property,,50.0,48.0,1,0,0,0,0,1,73,221.5
flat,experion the heartsong,sector 108,0.9,7014.809041309431,1283.0,Super Built up area 1283(119.19 sq.m.),2,3,3,7.0,East,Relatively New,1283.0,,,0,1,0,0,1,0,72,641.5
flat,ireo the corridors,sector 67a,1.4,9433.962264150943,1484.0,Super Built up area 1484(137.87 sq.m.)Carpet area: 860 sq.ft. (79.9 sq.m.),2,2,2,8.0,North,Relatively New,1484.0,,860.0,1,0,0,0,1,0,90,742.0
flat,chintels paradiso,sector 109,1.97,7490.494296577946,2630.0,Super Built up area 2630(244.33 sq.m.),4,4,2,11.0,North-East,Relatively New,2630.0,,,0,1,0,1,0,0,49,657.5
flat,ss the leaf,sector 85,1.04,8320.0,1250.0,Super Built up area 1640(152.36 sq.m.)Built Up area: 1550 sq.ft. (144 sq.m.)Carpet area: 1250 sq.ft. (116.13 sq.m.),2,2,3,17.0,East,New Property,1640.0,1550.0,1250.0,0,0,0,0,1,0,145,625.0
flat,ashiana apartment,sector 23,0.16,2051.2820512820513,780.0,Super Built up area 780(72.46 sq.m.),2,2,2,1.0,,Moderately Old,780.0,,,0,0,0,0,0,0,0,390.0
flat,sahara grace,sector 28,5.5,14612.11477151966,3764.0,Super Built up area 3764(349.69 sq.m.),4,5,3+,5.0,East,Moderately Old,3764.0,,,0,1,0,0,1,1,8,941.0
flat,vatika gurgaon,sector 83,0.83,6666.666666666667,1245.0,Super Built up area 1245(115.66 sq.m.)Built Up area: 1154 sq.ft. (107.21 sq.m.)Carpet area: 945 sq.ft. (87.79 sq.m.),2,2,2,12.0,North,Relatively New,1245.0,1154.0,945.0,0,0,0,1,0,0,165,622.5
flat,emaar gurgaon greens,sector 102,1.38,13489.736070381232,1023.0,Super Built up area 1650(153.29 sq.m.)Carpet area: 1022.58 sq.ft. (95 sq.m.),3,3,3,6.0,North-East,Relatively New,1650.0,,1022.58,0,1,0,0,0,1,128,341.0
flat,m3m soulitude,sector 89,1.3,8701.472556894243,1494.0,Super Built up area 1500(139.35 sq.m.)Carpet area: 900 sq.ft. (83.61 sq.m.),3,3,2,1.0,,New Property,1500.0,,900.0,0,0,0,0,1,0,45,498.0
flat,tulip violet,sector 69,1.92,15360.0,1250.0,Carpet area: 1250 (116.13 sq.m.),4,4,2,0.0,South,Relatively New,,,1250.0,0,0,0,0,0,0,174,312.5
flat,smart world gems,sector 89,0.95,8597.285067873303,1105.0,Carpet area: 1103 (102.47 sq.m.),2,2,2,4.0,,New Property,,,1103.0,1,1,0,0,0,0,38,552.5
flat,tulip violet,sector 69,1.38,8972.691807542262,1538.0,Super Built up area 1538(142.88 sq.m.),3,3,1,12.0,East,Relatively New,1538.0,,,0,0,0,0,0,0,157,512.6666666666666
flat,raheja vedaanta,sector 108,0.85,4637.20676486634,1833.0,Super Built up area 1833(170.29 sq.m.)Built Up area: 1500 sq.ft. (139.35 sq.m.)Carpet area: 1350 sq.ft. (125.42 sq.m.),3,3,2,2.0,North-East,Relatively New,1833.0,1500.0,1350.0,0,1,0,0,0,0,65,611.0
flat,ats kocoon,sector 109,1.65,10645.161290322581,1550.0,Super Built up area 1745(162.12 sq.m.)Built Up area: 1650 sq.ft. (153.29 sq.m.)Carpet area: 1550 sq.ft. (144 sq.m.),3,3,3,19.0,East,Relatively New,1745.0,1650.0,1550.0,0,0,1,0,0,1,159,516.6666666666666
flat,emaar palm gardens,sector 83,1.76,9263.157894736842,1900.0,Super Built up area 1900(176.52 sq.m.)Built Up area: 1600 sq.ft. (148.64 sq.m.)Carpet area: 1240.04 sq.ft. (115.2 sq.m.),3,3,3,5.0,South-East,Relatively New,1900.0,1600.0,1240.04,0,1,0,0,0,1,174,633.3333333333334
flat,avl 36 gurgaon,sector 36a,0.75,7500.0,1000.0,Super Built up area 1000(92.9 sq.m.)Carpet area: 727 sq.ft. (67.54 sq.m.),2,2,2,5.0,North-East,Relatively New,1000.0,,727.0,0,0,0,0,0,0,26,500.0
flat,dlf royalton tower,sector 43,6.2,20687.354020687355,2997.0,Super Built up area 2997(278.43 sq.m.),4,4,3+,9.0,,Moderately Old,2997.0,,,0,1,0,0,0,0,7,749.25
house,vatika signature villas,sector 82,5.0,15432.098765432098,3240.0,Plot area 360(301.01 sq.m.),4,4,3+,3.0,East,Relatively New,,360.0,,0,1,1,1,0,0,24,810.0
flat,kiran residency,sector 56,1.5,7500.0,2000.0,Super Built up area 2000(185.81 sq.m.)Built Up area: 1900 sq.ft. (176.52 sq.m.)Carpet area: 1800 sq.ft. (167.23 sq.m.),3,3,3+,4.0,North,Relatively New,2000.0,1900.0,1800.0,0,1,0,0,0,1,126,666.6666666666666
flat,vatika lifestyle homes,sector 83,1.15,8214.285714285714,1400.0,Super Built up area 1832(170.2 sq.m.)Carpet area: 1400 sq.ft. (130.06 sq.m.),3,3,1,7.0,South-West,Moderately Old,1832.0,,1400.0,0,0,0,0,0,1,95,466.6666666666667
flat,bestech park view city,sector 48,4.25,9334.504722161213,4553.0,Super Built up area 4553(422.99 sq.m.),4,5,3+,14.0,,Moderately Old,4553.0,,,1,0,0,0,0,1,81,1138.25
flat,m3m woodshire,sector 107,1.15,7496.740547588005,1534.0,Super Built up area 1534(142.51 sq.m.)Carpet area: 1056 sq.ft. (98.11 sq.m.),2,2,3,0.0,North-East,Relatively New,1534.0,,1056.0,1,0,0,0,0,0,29,767.0
flat,ss the leaf,sector 85,1.2,10452.961672473868,1148.0,Super Built up area 1640(152.36 sq.m.)Carpet area: 1148 sq.ft. (106.65 sq.m.),2,2,3+,2.0,West,Relatively New,1640.0,,1148.0,0,0,1,0,0,0,156,574.0
flat,pioneer araya,sector 62,8.35,19513.90511801823,4279.0,Super Built up area 4279(397.53 sq.m.),4,6,3,16.0,East,Relatively New,4279.0,,,0,1,0,1,0,0,153,1069.75
flat,dlf new town heights,sector 91,1.65,6346.153846153846,2600.0,Super Built up area 2364(219.62 sq.m.),4,4,3+,11.0,West,Moderately Old,2364.0,,,0,1,0,0,0,0,72,650.0
flat,rof ananda,sector 95,0.55,8527.131782945737,645.0,Super Built up area 1000(92.9 sq.m.)Carpet area: 645 sq.ft. (59.92 sq.m.),3,2,2,14.0,East,New Property,1000.0,,645.0,1,0,0,0,0,1,81,215.0
flat,dlf the ultima,sector 81,2.4,11257.03564727955,2132.0,Super Built up area 2132(198.07 sq.m.)Built Up area: 1800 sq.ft. (167.23 sq.m.)Carpet area: 1400 sq.ft. (130.06 sq.m.),3,3,2,10.0,North-West,Relatively New,2132.0,1800.0,1400.0,0,1,0,0,0,2,174,710.6666666666666
flat,emaar mgf the enclave,sector 66,1.9,10555.555555555555,1800.0,Super Built up area 1920(178.37 sq.m.)Built Up area: 1850 sq.ft. (171.87 sq.m.)Carpet area: 1800 sq.ft. (167.23 sq.m.),3,4,2,8.0,North-East,Relatively New,1920.0,1850.0,1800.0,0,1,0,0,0,1,174,600.0
flat,dlf the skycourt,sector 86,1.6,8294.45308449974,1929.0,Super Built up area 1929(179.21 sq.m.)Built Up area: 1548 sq.ft. (143.81 sq.m.)Carpet area: 1300 sq.ft. (120.77 sq.m.),3,3,3+,9.0,North-East,Relatively New,1929.0,1548.0,1300.0,0,0,0,0,1,1,167,643.0
house,independent,sector 9,3.2,13519.22264469793,2367.0,Plot area 263(219.9 sq.m.),3,3,2,1.0,East,Old Property,,263.0,,0,0,0,0,0,1,36,789.0
flat,shree vardhman flora,sector 90,0.96,5120.0,1875.0,Super Built up area 1875(174.19 sq.m.),3,4,3,3.0,North,New Property,1875.0,,,0,1,0,0,0,0,106,625.0
house,independent,sector 11,4.0,19753.086419753086,2025.0,Built Up area: 225 (188.13 sq.m.)Carpet area: 180 sq.yards (150.5 sq.m.),5,4,1,2.0,North-East,Undefined,,225.0,180.0,0,0,0,0,0,0,0,405.0
flat,mvn athens,sohna road,0.24,4210.526315789473,570.0,Super Built up area 570(52.95 sq.m.),2,2,1,12.0,,Relatively New,570.0,,,0,0,0,0,0,0,38,285.0
flat,ss the leaf,sector 85,1.85,6578.9473684210525,2812.0,Super Built up area 2812(261.24 sq.m.),4,5,3+,1.0,North-West,Relatively New,2812.0,,,0,0,0,0,0,0,95,703.0
flat,ats triumph,sector 104,1.75,7641.921397379912,2290.0,Super Built up area 2290(212.75 sq.m.)Carpet area: 1800 sq.ft. (167.23 sq.m.),3,4,3+,12.0,North-West,Relatively New,2290.0,,1800.0,1,1,0,1,1,1,21,763.3333333333334
flat,emaar digihomes,sector 62,2.15,14257.294429708223,1508.0,Carpet area: 1508 (140.1 sq.m.),2,2,3,31.0,,Under Construction,,,1508.0,0,0,0,0,0,0,101,754.0
house,eldeco mansionz,sector 48,5.0,21367.521367521367,2340.0,Plot area 260(217.39 sq.m.),7,7,3,2.0,North-East,Moderately Old,,260.0,,0,0,0,0,0,1,40,334.2857142857143
house,independent,sector 12,1.7,9444.444444444445,1800.0,Built Up area: 200 (167.23 sq.m.)Carpet area: 180 sq.yards (150.5 sq.m.),3,3,0,1.0,,Undefined,,200.0,180.0,0,0,0,0,0,0,0,600.0
flat,dlf exclusive floors,sector 43,2.35,14242.424242424242,1650.0,Super Built up area 1650(153.29 sq.m.)Carpet area: 1405 sq.ft. (130.53 sq.m.),3,3,2,1.0,North-East,Old Property,1650.0,,1405.0,0,0,1,0,0,1,102,550.0
flat,m3m capital,sector 113,2.57,15575.757575757576,1650.0,Built Up area: 2060 (191.38 sq.m.)Carpet area: 1650 sq.ft. (153.29 sq.m.),4,5,3+,25.0,East,Undefined,,2060.0,1650.0,1,0,0,0,0,1,79,412.5
flat,proxima tower,sector 37c,0.6,4601.226993865031,1304.0,Super Built up area 1304(121.15 sq.m.),2,2,3,5.0,,Under Construction,1304.0,,,1,0,0,1,0,0,55,652.0
flat,gls arawali homes,sohna road,0.26,4513.888888888889,576.0,Carpet area: 576 (53.51 sq.m.),2,2,2,4.0,,Relatively New,,,576.0,0,0,0,0,0,0,42,288.0
house,independent,sector 38,2.1,23333.333333333332,900.0,Plot area 100(83.61 sq.m.),2,7,3+,3.0,North-East,Relatively New,,100.0,,1,0,1,1,0,0,27,450.0
flat,tulip white,sector 69,0.9,6787.330316742082,1326.0,Carpet area: 1326 (123.19 sq.m.),3,2,3,6.0,North-East,Relatively New,,,1326.0,0,0,0,1,0,0,121,442.0
house,independent,sector 4,0.92,15257.048092868989,603.0,Plot area 67(56.02 sq.m.),1,4,3,4.0,East,Moderately Old,,67.0,,0,0,0,0,1,0,0,603.0
house,emaar mgf marbella,sector 66,12.0,38095.23809523809,3150.0,Plot area 350(292.64 sq.m.),5,6,3+,4.0,North-East,New Property,,350.0,,0,1,0,1,0,0,38,630.0
flat,smart world gems,sector 89,1.2,8432.8882642305,1423.0,Carpet area: 1423 (132.2 sq.m.),3,3,2,2.0,North-East,New Property,,,1423.0,0,0,0,0,0,0,44,474.3333333333333
flat,experion windchants,sector 112,2.6,10651.372388365424,2441.0,Super Built up area 2441(226.78 sq.m.)Built Up area: 1939.03 sq.ft. (180.14 sq.m.),2,2,3,8.0,North-East,Relatively New,2441.0,1939.03,,0,0,0,0,0,0,168,1220.5
flat,ats triumph,sector 104,1.8,7860.2620087336245,2290.0,Carpet area: 2290 (212.75 sq.m.),3,4,3,14.0,,New Property,,,2290.0,0,0,0,0,0,0,60,763.3333333333334
flat,unitech the residences,sector 33,1.35,8737.864077669903,1545.0,Super Built up area 1545(143.54 sq.m.),3,4,2,8.0,North-East,Moderately Old,1545.0,,,0,1,0,0,0,0,49,515.0
flat,apex our homes,sector 37c,0.38,4108.108108108108,925.0,Built Up area: 925 (85.94 sq.m.)Carpet area: 800 sq.ft. (74.32 sq.m.),2,2,1,9.0,,Relatively New,,925.0,800.0,0,0,0,0,0,0,65,462.5
flat,vatika city,sector 49,2.1,10416.666666666666,2016.0,Super Built up area 2015.58(187.25 sq.m.)Built Up area: 1604.25 sq.ft. (149.04 sq.m.),3,3,3,9.0,South,Moderately Old,2015.58,1604.25,,0,0,0,1,0,1,132,672.0
flat,corona optus,sector 37c,1.25,8928.57142857143,1400.0,Super Built up area 1735(161.19 sq.m.)Carpet area: 1400 sq.ft. (130.06 sq.m.),3,3,3,2.0,South-East,Relatively New,1735.0,,1400.0,1,0,0,0,0,0,49,466.6666666666667
flat,emaar palm gardens,sector 83,1.4,9675.190048375951,1447.0,Super Built up area 1720(159.79 sq.m.)Carpet area: 1447 sq.ft. (134.43 sq.m.),3,3,3,11.0,North,Relatively New,1720.0,,1447.0,0,1,0,0,0,2,58,482.3333333333333
flat,m3m sierra 68,sector 68,1.2,9002.25056264066,1333.0,Super Built up area 1250(116.13 sq.m.)Carpet area: 750 sq.ft. (69.68 sq.m.),2,2,3,1.0,North,Relatively New,1250.0,,750.0,0,0,0,0,0,2,76,666.5
flat,tulip violet,sector 69,1.5,10714.285714285714,1400.0,Super Built up area 1578(146.6 sq.m.)Carpet area: 1400 sq.ft. (130.06 sq.m.),3,3,2,8.0,North-East,Relatively New,1578.0,,1400.0,0,0,0,1,0,1,174,466.6666666666667
house,independent,sector 43,8.5,31481.48148148148,2700.0,Plot area 300(250.84 sq.m.),5,5,3,3.0,West,Moderately Old,,300.0,,0,1,0,0,0,1,113,540.0
flat,dlf regal gardens,sector 90,1.79,8081.264108352145,2215.0,Carpet area: 2215 (205.78 sq.m.),4,3,3+,10.0,North-East,Moderately Old,,,2215.0,0,0,0,0,0,0,63,553.75
house,independent,sector 9,1.65,18333.333333333332,900.0,Built Up area: 900 (83.61 sq.m.),2,3,0,3.0,,Undefined,,900.0,,0,0,0,0,0,0,0,450.0
flat,umang monsoon breeze,sector 78,1.2,6493.506493506494,1848.0,Super Built up area 2250(209.03 sq.m.)Carpet area: 1848 sq.ft. (171.68 sq.m.),3,3,2,8.0,,Moderately Old,2250.0,,1848.0,0,0,0,1,0,2,8,616.0
flat,orchid petals,sector 49,2.55,12318.840579710144,2070.0,Super Built up area 2070(192.31 sq.m.)Built Up area: 2060 sq.ft. (191.38 sq.m.)Carpet area: 1760 sq.ft. (163.51 sq.m.),3,4,3,8.0,East,Relatively New,2070.0,2060.0,1760.0,1,0,0,0,0,1,49,690.0
flat,shree vardhman victoria,sector 70,1.23,9111.111111111111,1350.0,Super Built up area 1350(125.42 sq.m.),2,2,3,1.0,North-East,Relatively New,1350.0,,,1,0,0,0,0,0,43,675.0
flat,vatika india next,sector 82,0.8,6425.70281124498,1245.0,Carpet area: 1245 (115.66 sq.m.),2,2,3,9.0,,Undefined,,,1245.0,0,0,0,0,0,0,0,622.5
flat,hcbs sports ville,sohna road,0.25,4166.666666666667,600.0,Built Up area: 600 (55.74 sq.m.),1,1,1,12.0,,Relatively New,,600.0,,0,0,0,0,0,0,37,600.0
flat,ss almeria,sector 84,1.48,7400.0,2000.0,Super Built up area 2000(185.81 sq.m.)Carpet area: 1294 sq.ft. (120.22 sq.m.),3,3,2,1.0,South-West,New Property,2000.0,,1294.0,0,1,1,0,0,1,139,666.6666666666666
flat,tulip violet,sector 69,1.37,8676.377454084864,1579.0,Super Built up area 1578(146.6 sq.m.)Carpet area: 1538 sq.ft. (142.88 sq.m.),3,3,1,12.0,East,Relatively New,1578.0,,1538.0,0,0,0,1,0,0,95,526.3333333333334
flat,m3m skycity,sector 65,1.8,13698.630136986301,1314.0,Carpet area: 1310 (121.7 sq.m.),2,2,3,13.0,,New Property,,,1310.0,0,0,0,0,0,0,73,657.0
flat,smart world gems,sector 89,0.85,7706.255666364461,1103.0,Carpet area: 1103 (102.47 sq.m.),2,2,2,2.0,North-East,Undefined,,,1103.0,1,0,0,0,0,0,45,551.5
flat,signature global solera,sector 107,0.51,7906.976744186047,645.0,Carpet area: 645 (59.92 sq.m.),3,2,2,9.0,South,Relatively New,,,645.0,0,0,0,0,1,0,15,215.0
house,independent,sector 105,0.5,5555.555555555556,900.0,Built Up area: 100 (9.29 sq.m.),2,2,0,1.0,,Undefined,,100.0,,0,0,0,0,0,0,0,450.0
flat,spaze privvy the address,sector 93,1.25,6898.454746136866,1812.0,Super Built up area 1805(167.69 sq.m.)Built Up area: 1350 sq.ft. (125.42 sq.m.)Carpet area: 1100 sq.ft. (102.19 sq.m.),3,4,2,12.0,North-East,Relatively New,1805.0,1350.0,1100.0,0,0,0,0,0,1,96,604.0
flat,smart world orchard,sector 61,1.85,14800.0,1250.0,Carpet area: 1250 (116.13 sq.m.),2,2,2,3.0,,New Property,,,1250.0,0,0,0,0,0,0,44,625.0
flat,godrej nature plus,sector 33,1.07,7725.631768953069,1385.0,Super Built up area 1385(128.67 sq.m.),2,2,2,14.0,North-East,Undefined,1385.0,,,0,0,0,0,0,0,68,692.5
flat,dlf new town heights,sector 90,1.99,7297.396406307297,2727.0,Carpet area: 2727 (253.35 sq.m.),4,4,3+,9.0,East,Relatively New,,,2727.0,0,1,0,1,0,1,102,681.75
flat,la vida by tata housing,sector 113,1.75,10491.606714628297,1668.0,Super Built up area 1573(146.14 sq.m.),2,2,3,10.0,East,Relatively New,1573.0,,,1,0,0,0,0,0,93,834.0
flat,pyramid urban,sector 67a,0.7,11844.331641285957,591.0,Carpet area: 591 (54.91 sq.m.),2,2,1,14.0,North,New Property,,,591.0,0,0,0,0,0,0,44,295.5
flat,supertech araville,sector 79,0.8,6177.606177606178,1295.0,Super Built up area 1295(120.31 sq.m.),2,2,3+,9.0,,New Property,1295.0,,,0,0,0,0,1,0,24,647.5
flat,signature global city,sector 37d,0.68,11724.137931034482,580.0,Carpet area: 580 (53.88 sq.m.),2,2,3,9.0,,New Property,,,580.0,0,0,0,0,1,0,58,290.0
flat,hero homes,sector 104,1.35,9567.68249468462,1411.0,Super Built up area 1359(126.26 sq.m.)Carpet area: 861.97 sq.ft. (80.08 sq.m.),3,2,2,18.0,East,New Property,1359.0,,861.97,0,0,0,0,0,0,49,470.3333333333333
flat,mapsko royale ville,sector 82,1.12,8000.0,1400.0,Super Built up area 1790(166.3 sq.m.)Built Up area: 1500 sq.ft. (139.35 sq.m.)Carpet area: 1400 sq.ft. (130.06 sq.m.),3,4,2,6.0,North-West,Relatively New,1790.0,1500.0,1400.0,0,1,0,1,0,0,174,466.6666666666667
flat,parsvnath exotica,sector 53,6.5,19174.041297935102,3390.0,Super Built up area 3390(314.94 sq.m.)Built Up area: 3000 sq.ft. (278.71 sq.m.)Carpet area: 2500 sq.ft. (232.26 sq.m.),4,5,3+,10.0,South,Relatively New,3390.0,3000.0,2500.0,1,1,0,1,0,1,174,847.5
flat,emaar palm gardens,sector 83,1.75,9210.526315789473,1900.0,Super Built up area 1900(176.52 sq.m.)Built Up area: 1600 sq.ft. (148.64 sq.m.)Carpet area: 1240.04 sq.ft. (115.2 sq.m.),3,3,3,6.0,East,Relatively New,1900.0,1600.0,1240.04,0,1,0,0,0,1,174,633.3333333333334
flat,smart world orchard,sector 61,2.41,14785.276073619632,1630.0,Built Up area: 1630 (151.43 sq.m.)Carpet area: 1625 sq.ft. (150.97 sq.m.),3,3,3,2.0,East,New Property,,1630.0,1625.0,0,0,0,0,0,0,61,543.3333333333334
flat,m3m capital,sector 113,2.9,12619.669277632724,2298.0,Carpet area: 2298 (213.49 sq.m.),4,4,3+,11.0,North,Undefined,,,2298.0,1,1,0,0,0,0,49,574.5
flat,m3m latitude,sector 65,4.6,26790.914385556203,1717.0,Carpet area: 1717 (159.51 sq.m.),3,3,3,7.0,South,New Property,,,1717.0,1,1,1,1,0,0,115,572.3333333333334
flat,ireo uptown,sector 66,4.85,12999.195926025195,3731.0,Super Built up area 3731(346.62 sq.m.)Built Up area: 3500 sq.ft. (325.16 sq.m.)Carpet area: 3300 sq.ft. (306.58 sq.m.),4,4,3+,15.0,North,Relatively New,3731.0,3500.0,3300.0,1,1,1,1,0,1,156,932.75
flat,eldeco accolade,sohna road,0.72,5737.051792828685,1255.0,Carpet area: 1264 (117.43 sq.m.),2,2,3,8.0,West,Relatively New,,,1264.0,0,0,0,0,0,0,153,627.5
flat,smart world gems,sector 89,1.16,8151.791988756149,1423.0,Carpet area: 1423 (132.2 sq.m.),3,3,2,3.0,South-East,Undefined,,,1423.0,1,0,0,0,0,0,68,474.3333333333333
house,dlf new town heights,sector 86,2.47,7718.75,3200.0,Plot area 3200(297.29 sq.m.)Built Up area: 2800 sq.ft. (260.13 sq.m.)Carpet area: 2200 sq.ft. (204.39 sq.m.),4,4,3+,,West,Moderately Old,,2800.0,2200.0,0,1,0,1,0,1,130,800.0
flat,tulip ivory,sector 70,2.1,8750.0,2400.0,Super Built up area 2400(222.97 sq.m.)Carpet area: 1850 sq.ft. (171.87 sq.m.),4,5,3+,5.0,West,Moderately Old,2400.0,,1850.0,0,1,0,0,0,1,120,600.0
flat,shapoorji pallonji joyville gurugram,sector 102,2.0,10799.136069114471,1852.0,Super Built up area 1852(172.06 sq.m.),3,3,3,9.0,South-East,Relatively New,1852.0,,,0,0,0,0,0,0,49,617.3333333333334
house,independent,sector 12,6.0,35087.71929824561,1710.0,Plot area 190(17.65 sq.m.)Carpet area: 1600 sq.ft. (148.64 sq.m.),4,6,2,2.0,North-East,Old Property,,,1600.0,0,0,0,0,0,0,0,427.5
house,international city by sobha phase 1,sector 109,5.75,16428.571428571428,3500.0,Plot area 272(25.27 sq.m.)Built Up area: 4800 sq.ft. (445.93 sq.m.)Carpet area: 3500 sq.ft. (325.16 sq.m.),4,4,2,3.0,South-East,Relatively New,,4800.0,3500.0,0,1,0,0,0,0,146,875.0
house,dlf city plots phase 2,sector 25,6.5,36111.11111111111,1800.0,Plot area 200(167.23 sq.m.),5,5,3+,3.0,East,Old Property,,200.0,,1,1,1,1,0,1,134,360.0
flat,supertech hues,sector 68,0.8,6779.661016949152,1180.0,Built Up area: 1180 (109.63 sq.m.),2,2,3+,14.0,,New Property,,1180.0,,0,0,0,0,0,1,26,590.0
flat,mapsko royale ville,sector 82,0.99,5530.72625698324,1790.0,Super Built up area 1790(166.3 sq.m.),3,4,2,14.0,South-West,New Property,1790.0,,,0,1,0,0,0,0,95,596.6666666666666
house,ansal sushant lok plots,sector 43,3.3,26570.048309178743,1242.0,Plot area 138(115.39 sq.m.),1,1,0,,,Under Construction,,138.0,,0,0,0,0,0,0,0,1242.0
flat,pareena mi casa,sector 68,1.7,8504.252126063031,1999.0,Super Built up area 1999(185.71 sq.m.),4,4,3,2.0,,New Property,1999.0,,,0,0,0,0,0,0,47,499.75
flat,supertech araville,sector 79,0.9,6949.80694980695,1295.0,Built Up area: 1295 (120.31 sq.m.),2,2,0,12.0,,Undefined,,1295.0,,0,0,0,0,0,0,0,647.5
flat,godrej aria,sector 79,1.7,7426.823940585408,2289.0,Super Built up area 2289(212.66 sq.m.)Carpet area: 1121 sq.ft. (104.14 sq.m.),3,4,3+,6.0,East,New Property,2289.0,,1121.0,0,1,0,0,0,0,81,763.0
flat,signature global city 81,sector 81,0.8,14652.014652014652,546.0,Carpet area: 546 (50.73 sq.m.),2,2,2,4.0,North,Undefined,,,546.0,1,0,0,0,0,0,36,273.0
flat,unitech sunbreeze,sector 69,0.75,6849.315068493151,1095.0,Super Built up area 1095(101.73 sq.m.),2,2,2,4.0,,Under Construction,1095.0,,,0,0,0,0,0,0,0,547.5
flat,essel towers,sector 14,2.2,12500.0,1760.0,Carpet area: 1760 (163.51 sq.m.),3,4,3+,3.0,,Undefined,,,1760.0,0,0,0,0,0,0,0,586.6666666666666
flat,vatika gurgaon,sector 83,0.95,6574.39446366782,1445.0,Super Built up area 1445(134.24 sq.m.)Built Up area: 1300 sq.ft. (120.77 sq.m.)Carpet area: 1200 sq.ft. (111.48 sq.m.),2,2,3,5.0,South,Relatively New,1445.0,1300.0,1200.0,0,0,0,0,0,1,96,722.5
flat,shree vardhman victoria,sector 70,1.78,9128.205128205129,1950.0,Super Built up area 1950(181.16 sq.m.),3,3,3+,7.0,North-East,Relatively New,1950.0,,,0,1,0,0,1,0,49,650.0
flat,ramsons kshitij,sector 95,0.35,5494.505494505494,637.0,Built Up area: 637 (59.18 sq.m.),2,2,0,5.0,,Undefined,,637.0,,0,0,0,0,0,0,0,318.5
flat,ashiana mulberry,sohna road,0.74,6016.260162601626,1230.0,Carpet area: 1230 (114.27 sq.m.),2,2,3+,12.0,,Relatively New,,,1230.0,0,0,0,0,0,0,71,615.0
flat,chd avenue,sector 71,0.79,6594.32387312187,1198.0,Super Built up area 1198(111.3 sq.m.),2,2,2,8.0,South-East,Relatively New,1198.0,,,0,0,0,0,1,0,0,599.0
flat,indiabulls enigma,sector 110,3.6,10588.235294117647,3400.0,Super Built up area 3400(315.87 sq.m.),4,5,3,7.0,North,Relatively New,3400.0,,,0,1,0,0,0,0,165,850.0
flat,the close south,sector 50,3.25,12810.40599132834,2537.0,Carpet area: 2537 (235.7 sq.m.),3,4,3+,4.0,South-East,Old Property,,,2537.0,0,1,0,0,0,1,135,845.6666666666666
house,unitech deerwood chase,sector 50,15.0,33333.333333333336,4500.0,Plot area 500(418.06 sq.m.),4,4,2,2.0,West,Moderately Old,,500.0,,0,1,0,0,0,0,160,1125.0
flat,tulip lemon,sector 69,0.62,12863.070539419086,482.0,Carpet area: 482 (44.78 sq.m.),2,2,1,4.0,North-East,Relatively New,,,482.0,0,0,0,0,0,1,108,241.0
flat,city shri ram apartments 1,sector 110,0.22,3666.6666666666665,600.0,Super Built up area 600(55.74 sq.m.),2,1,1,1.0,,Relatively New,600.0,,,0,0,0,0,0,0,0,300.0
flat,sare homes,sector 92,0.58,4098.9399293286215,1415.0,Super Built up area 1415(131.46 sq.m.),3,3,3,3.0,North-East,New Property,1415.0,,,0,0,0,0,0,0,54,471.6666666666667
flat,smart world orchard,sector 61,2.1,13752.455795677799,1527.0,Super Built up area 1549(143.91 sq.m.)Carpet area: 1500 sq.ft. (139.35 sq.m.),3,2,3,3.0,South,Undefined,1549.0,,1500.0,0,0,0,0,0,0,146,509.0
flat,hcbs sports ville,sohna road,0.32,6165.703275529865,519.0,Carpet area: 519 (48.22 sq.m.),2,2,2,2.0,,New Property,,,519.0,0,0,0,0,0,0,37,259.5
flat,whiteland blissville,sector 76,1.92,11793.611793611793,1628.0,Built Up area: 1628 (151.25 sq.m.),3,3,2,3.0,,Undefined,,1628.0,,0,0,0,0,0,0,61,542.6666666666666
flat,pyramid urban homes 2,sector 86,0.42,8484.848484848484,495.0,Carpet area: 501 (46.54 sq.m.),2,2,1,2.0,North-East,New Property,,,501.0,1,1,0,1,1,0,84,247.5
flat,shree arihant apartment,sector 54,1.55,8611.111111111111,1800.0,Super Built up area 2000(185.81 sq.m.)Built Up area: 1900 sq.ft. (176.52 sq.m.)Carpet area: 1800 sq.ft. (167.23 sq.m.),3,3,3,3.0,North-East,Moderately Old,2000.0,1900.0,1800.0,0,1,0,0,0,1,109,600.0
flat,godrej air,sector 85,2.5,13796.909492273731,1812.0,Carpet area: 18122 (1683.59 sq.m.),4,5,3+,16.0,North-East,Undefined,,,1812.0,1,0,0,1,1,1,44,453.0
flat,shree vardhman flora,sector 90,1.25,4854.368932038835,2575.0,Super Built up area 2575(239.23 sq.m.),4,5,2,8.0,South,Relatively New,2575.0,,,1,1,0,0,0,0,165,643.75
flat,sare crescent parc,sector 92,0.92,4854.8812664907655,1895.0,Built Up area: 1895 (176.05 sq.m.)Carpet area: 1600 sq.ft. (148.64 sq.m.),4,5,3+,14.0,North-East,Moderately Old,,1895.0,1600.0,0,0,0,0,0,1,131,473.75
flat,signature global the millennia,sector 37d,0.6,9230.76923076923,650.0,Super Built up area 650(60.39 sq.m.)Carpet area: 596.12 sq.ft. (55.38 sq.m.),2,2,3,7.0,,New Property,650.0,,596.12,0,0,0,0,0,0,35,325.0
flat,ace palm floors,sector 89,0.97,7860.615883306321,1234.0,Carpet area: 1234 (114.64 sq.m.),2,2,2,1.0,,New Property,,,1234.0,1,0,0,0,0,0,28,617.0
house,independent,sector 28,11.25,34722.22222222222,3240.0,Plot area 360(301.01 sq.m.),9,9,3+,2.0,North,Moderately Old,,360.0,,0,1,1,1,0,1,126,360.0
flat,ats tourmaline,sector 109,1.65,7674.418604651163,2150.0,Super Built up area 2150(199.74 sq.m.),3,3,3+,16.0,North-East,Relatively New,2150.0,,,0,1,0,0,0,1,49,716.6666666666666
flat,sbr apartment,manesar,0.68,4456.0943643512455,1526.0,Built Up area: 1526 (141.77 sq.m.),3,3,3,2.0,,Moderately Old,,1526.0,,0,0,0,0,0,0,0,508.6666666666667
flat,sbr minda sec-1 imt manesar,manesar,0.64,4193.971166448231,1526.0,Carpet area: 1526 (141.77 sq.m.),3,2,3+,6.0,East,Old Property,,,1526.0,0,0,0,0,0,0,51,508.6666666666667
flat,ild greens,sector 37c,0.95,5066.666666666667,1875.0,Super Built up area 1875(174.19 sq.m.),3,3,3+,0.0,,New Property,1875.0,,,0,0,0,0,0,0,51,625.0
flat,experion heartsong,dwarka expressway,1.08,6150.341685649203,1756.0,Built Up area: 1758 (163.32 sq.m.),3,3,0,,,Under Construction,,1758.0,,0,0,0,0,0,0,0,585.3333333333334
house,emaar mgf marbella,sector 66,12.0,37037.03703703704,3240.0,Plot area 360(301.01 sq.m.),5,5,3+,3.0,East,New Property,,360.0,,0,1,1,1,0,1,106,648.0
flat,m3m sierra 68,sector 68,1.1,8986.928104575163,1224.0,Super Built up area 1224(113.71 sq.m.)Built Up area: 1150 sq.ft. (106.84 sq.m.)Carpet area: 830 sq.ft. (77.11 sq.m.),2,2,3,1.0,North-East,Relatively New,1224.0,1150.0,830.0,0,0,0,0,0,1,127,612.0
flat,orris carnation residency,sector 85,0.55,5789.473684210527,950.0,Super Built up area 1115(103.59 sq.m.)Built Up area: 1050 sq.ft. (97.55 sq.m.)Carpet area: 950 sq.ft. (88.26 sq.m.),2,2,2,5.0,North-East,Relatively New,1115.0,1050.0,950.0,0,0,0,0,1,0,174,475.0
flat,sare crescent parc royal greens phase 1,sector 92,0.5,5000.0,1000.0,Built Up area: 1000 (92.9 sq.m.)Carpet area: 999 sq.ft. (92.81 sq.m.),2,2,3,2.0,North-East,Undefined,,1000.0,999.0,0,0,0,0,0,0,0,500.0
house,independent,sector 46,4.25,23148.14814814815,1836.0,Plot area 204(170.57 sq.m.),5,4,2,3.0,North-East,Moderately Old,,204.0,,0,0,1,0,0,1,57,367.2
house,bptp visionnaire,sector 70a,6.0,22222.222222222223,2700.0,Plot area 300(250.84 sq.m.),5,4,3,3.0,North-East,New Property,,300.0,,1,0,0,0,0,0,40,540.0
flat,city heights,sector 39,1.75,8750.0,2000.0,Carpet area: 2000 (185.81 sq.m.),3,4,3,3.0,,Old Property,,,2000.0,0,1,0,0,0,2,42,666.6666666666666
house,independent,sector 105,0.6,13333.333333333334,450.0,Built Up area: 450 (41.81 sq.m.),3,3,0,3.0,,Undefined,,450.0,,0,0,0,0,0,0,0,150.0
flat,tata primanti,sector 72,4.0,16032.064128256514,2495.0,Super Built up area 2905(269.88 sq.m.)Carpet area: 2495 sq.ft. (231.79 sq.m.),4,5,3+,22.0,West,Relatively New,2905.0,,2495.0,0,1,0,0,0,1,174,623.75
flat,vatika gurgaon,sector 83,1.4,6628.787878787879,2112.0,Super Built up area 1735(161.19 sq.m.),3,3,2,7.0,,Relatively New,1735.0,,,0,0,0,0,0,1,74,704.0
flat,la vida by tata housing,sector 113,2.78,10334.57249070632,2690.0,Super Built up area 2690(249.91 sq.m.)Built Up area: 2350 sq.ft. (218.32 sq.m.)Carpet area: 2170 sq.ft. (201.6 sq.m.),3,4,3+,5.0,North-East,Relatively New,2690.0,2350.0,2170.0,0,1,0,0,0,0,174,896.6666666666666
flat,signature global park,sohna road,0.56,6812.652068126521,822.0,Carpet area: 822 (76.37 sq.m.),2,2,3,3.0,South,New Property,,,822.0,0,0,0,0,0,0,111,411.0
house,tulip yellow,sector 69,2.95,16388.88888888889,1800.0,Plot area 200(167.23 sq.m.),4,3,2,3.0,North,New Property,,200.0,,0,0,0,1,1,2,111,450.0
house,independent,sector 9,1.1,6111.111111111111,1800.0,Plot area 200(18.58 sq.m.),4,3,1,2.0,North-East,Old Property,,200.0,,0,0,0,0,0,0,0,450.0
flat,ansal api celebrity suites,sector 2,0.6,8163.265306122449,735.0,Super Built up area 735(68.28 sq.m.),1,1,1,5.0,North-East,Moderately Old,735.0,,,0,0,0,0,0,1,88,735.0
flat,dlf the primus,sector 82a,2.55,11218.653761548614,2273.0,Super Built up area 2273(211.17 sq.m.)Carpet area: 1340 sq.ft. (124.49 sq.m.),4,4,3+,14.0,South-West,Relatively New,2273.0,,1340.0,0,0,0,0,0,2,44,568.25
flat,la vida by tata housing,sector 113,3.05,15561.224489795919,1960.0,Super Built up area 2690(249.91 sq.m.)Built Up area: 2150 sq.ft. (199.74 sq.m.)Carpet area: 1960 sq.ft. (182.09 sq.m.),3,4,3,3.0,North-West,Relatively New,2690.0,2150.0,1960.0,0,1,0,0,0,0,174,653.3333333333334
flat,adani aangan arcade,sector 88a,0.45,7200.0,625.0,Carpet area: 625 (58.06 sq.m.),2,2,1,3.0,,New Property,,,625.0,0,0,0,0,0,0,14,312.5
house,independent,sector 45,16.0,35003.28155764603,4571.0,Plot area 500(418.06 sq.m.),6,7,3+,3.0,East,Relatively New,,500.0,,1,1,1,1,0,1,105,761.8333333333334
flat,tarc maceo,sector 91,1.4,7407.407407407408,1890.0,Super Built up area 1890(175.59 sq.m.)Built Up area: 1700 sq.ft. (157.94 sq.m.)Carpet area: 1600 sq.ft. (148.64 sq.m.),3,3,3+,7.0,North,Relatively New,1890.0,1700.0,1600.0,0,0,0,0,0,0,76,630.0
flat,hsiidc sidco aravali,manesar,0.91,3516.228748068006,2588.0,Super Built up area 2588(240.43 sq.m.)Built Up area: 1900 sq.ft. (176.52 sq.m.),3,3,3+,8.0,East,Moderately Old,2588.0,1900.0,,0,1,0,0,0,0,23,862.6666666666666
flat,signature global solera,sector 107,0.37,6751.824817518248,548.0,Super Built up area 548(50.91 sq.m.),2,2,1,10.0,South,Relatively New,548.0,,,0,0,0,0,0,0,73,274.0
flat,pyramid urban homes 2,sector 86,0.43,8582.834331337326,501.0,Carpet area: 501 (46.54 sq.m.),2,2,1,6.0,North-East,New Property,,,501.0,0,0,0,0,1,0,72,250.5
flat,satya the hermitage,sector 103,0.93,6404.9586776859505,1452.0,Carpet area: 1452 (134.9 sq.m.),2,3,3,3.0,East,Relatively New,,,1452.0,0,1,0,0,0,1,90,726.0
flat,avl 36 gurgaon,sector 36a,0.65,8953.168044077134,726.0,Super Built up area 726(67.45 sq.m.),2,2,2,7.0,,Relatively New,726.0,,,0,0,0,0,0,0,89,363.0
flat,smart world gems,sector 89,1.05,9519.492293744333,1103.0,Built Up area: 1103 (102.47 sq.m.),2,2,2,4.0,,Under Construction,,1103.0,,1,0,0,0,1,0,38,551.5
flat,ansal housing highland park,sector 103,0.88,6428.049671292914,1369.0,Super Built up area 1361(126.44 sq.m.),2,2,3,3.0,,New Property,1361.0,,,0,0,0,0,0,0,52,684.5
flat,signature global grand iva,sector 103,0.5,6250.0,800.0,Super Built up area 800(74.32 sq.m.)Carpet area: 605 sq.ft. (56.21 sq.m.),2,2,2,10.0,,Relatively New,800.0,,605.0,0,0,0,0,0,0,8,400.0
flat,ss the leaf,sector 85,1.75,7267.441860465116,2408.0,Super Built up area 2408(223.71 sq.m.),3,4,3,8.0,North,Relatively New,2408.0,,,0,1,0,0,0,0,49,802.6666666666666
flat,ireo the grand arch,sector 58,2.2,16000.0,1375.0,Super Built up area 1375(127.74 sq.m.),2,2,2,6.0,North-East,Relatively New,1375.0,,,0,0,0,0,0,0,42,687.5
flat,greenopolis,sector 89,0.8,6168.080185042406,1297.0,Carpet area: 1297 (120.5 sq.m.),2,2,2,6.0,South,Under Construction,,,1297.0,0,0,0,0,0,0,44,648.5
flat,dlf the ultima,sector 81,2.21,10365.853658536585,2132.0,Super Built up area 2132(198.07 sq.m.)Carpet area: 1650 sq.ft. (153.29 sq.m.),3,3,3+,3.0,South,Relatively New,2132.0,,1650.0,0,1,0,0,0,2,149,710.6666666666666
flat,emaar palm gardens,sector 83,1.8,9473.684210526315,1900.0,Super Built up area 1900(176.52 sq.m.)Carpet area: 1240.04 sq.ft. (115.2 sq.m.),3,3,3,6.0,South,Relatively New,1900.0,,1240.04,0,1,0,0,0,1,97,633.3333333333334
flat,vipul lavanya,sector 81,1.28,7174.8878923766815,1784.0,Carpet area: 1784 (165.74 sq.m.),3,3,3,1.0,North-East,Moderately Old,,,1784.0,0,1,0,1,0,1,49,594.6666666666666
house,ansal sushant lok,sector 43,10.5,27910.685805422647,3762.0,Plot area 418(349.5 sq.m.),4,4,2,,North-East,Old Property,,418.0,,0,1,0,0,0,0,59,940.5
flat,tulip petals,sector 89,1.1,7096.774193548387,1550.0,Built Up area: 1550 (144 sq.m.)Carpet area: 1320 sq.ft. (122.63 sq.m.),3,2,3,4.0,,Undefined,,1550.0,1320.0,0,0,0,0,0,0,0,516.6666666666666
flat,pareena coban residences,sector 99a,1.13,5658.487731597396,1997.0,Super Built up area 1997(185.53 sq.m.)Built Up area: 1790 sq.ft. (166.3 sq.m.)Carpet area: 1500 sq.ft. (139.35 sq.m.),3,5,3,5.0,East,Relatively New,1997.0,1790.0,1500.0,0,1,0,0,1,0,49,665.6666666666666
house,bptp astaire gardens,sector 70a,1.18,8137.931034482759,1450.0,Carpet area: 1450 (134.71 sq.m.),3,3,3+,2.0,North-East,Relatively New,,,1450.0,0,0,0,0,1,1,153,483.3333333333333
flat,eldeco accolade,sohna road,1.1,7549.759780370625,1457.0,Super Built up area 1457(135.36 sq.m.),2,2,3+,17.0,,Relatively New,1457.0,,,1,0,0,0,1,1,7,728.5
house,independent,sector 39,15.0,33333.333333333336,4500.0,Plot area 500(418.06 sq.m.),5,5,3+,4.0,,Moderately Old,,500.0,,0,1,0,0,0,1,27,900.0
flat,ss the leaf,sector 85,1.09,6666.666666666667,1635.0,Super Built up area 1640(152.36 sq.m.)Built Up area: 1638 sq.ft. (152.18 sq.m.)Carpet area: 1635 sq.ft. (151.9 sq.m.),2,2,3,9.0,South-West,Relatively New,1640.0,1638.0,1635.0,0,0,1,0,0,0,174,817.5
flat,tulip violet,sector 69,1.95,9701.492537313432,2010.0,Super Built up area 2010(186.74 sq.m.),4,4,2,0.0,West,Relatively New,2010.0,,,0,0,0,0,0,0,157,502.5
flat,conscient heritage max,sector 102,1.82,9371.78166838311,1942.0,Super Built up area 1942(180.42 sq.m.),3,4,3+,15.0,East,Moderately Old,1942.0,,,0,1,0,0,0,0,125,647.3333333333334
flat,breez global heights,sohna road,0.42,6422.018348623853,654.0,Super Built up area 623(57.88 sq.m.),2,2,2,2.0,,New Property,623.0,,,0,0,0,0,0,0,73,327.0
flat,mahindra aura,sector 110,1.4,9655.172413793103,1450.0,Super Built up area 1615(150.04 sq.m.)Built Up area: 1550 sq.ft. (144 sq.m.)Carpet area: 1450 sq.ft. (134.71 sq.m.),3,3,3,10.0,North,Relatively New,1615.0,1550.0,1450.0,0,0,0,0,0,1,142,483.3333333333333
flat,paras quartier,gwal pahari,7.5,14018.691588785046,5350.0,Super Built up area 5350(497.03 sq.m.),4,4,3+,20.0,North-East,New Property,5350.0,,,0,1,0,1,1,1,49,1337.5
flat,ireo skyon,sector 60,2.85,13936.430317848412,2045.0,Super Built up area 2045(189.99 sq.m.)Built Up area: 1640 sq.ft. (152.36 sq.m.)Carpet area: 1490 sq.ft. (138.43 sq.m.),3,4,3+,5.0,South,Relatively New,2045.0,1640.0,1490.0,0,1,0,0,0,1,174,681.6666666666666
flat,ild greens,sector 37c,1.05,7500.0,1400.0,Super Built up area 1875(174.19 sq.m.)Built Up area: 1500 sq.ft. (139.35 sq.m.)Carpet area: 1400 sq.ft. (130.06 sq.m.),3,3,3,4.0,,New Property,1875.0,1500.0,1400.0,0,0,0,0,0,1,5,466.6666666666667
flat,pivotal devaan,sector 84,0.36,7594.93670886076,474.0,Super Built up area 583(54.16 sq.m.)Carpet area: 481 sq.ft. (44.69 sq.m.),2,2,1,9.0,West,Relatively New,583.0,,481.0,0,0,1,0,0,2,80,237.0
flat,breez global heights 88a,sector 88a,0.5,8375.209380234506,597.0,Carpet area: 597 (55.46 sq.m.),3,2,2,2.0,,Undefined,,,597.0,0,0,0,0,0,0,15,199.0
house,independent,sector 26,6.75,27777.777777777777,2430.0,Plot area 270(225.75 sq.m.),3,3,3,2.0,North-East,Moderately Old,,270.0,,0,0,0,0,0,0,27,810.0
flat,ireo skyon,sector 60,3.0,12484.394506866416,2403.0,Super Built up area 2403(223.25 sq.m.)Built Up area: 2400 sq.ft. (222.97 sq.m.)Carpet area: 2200 sq.ft. (204.39 sq.m.),3,3,3,5.0,North-East,Relatively New,2403.0,2400.0,2200.0,0,1,0,0,0,1,174,801.0
flat,unitech south park,sector 70,1.13,7001.2391573729865,1614.0,Super Built up area 1610(149.57 sq.m.),3,3,2,1.0,,Undefined,1610.0,,,0,0,0,0,0,0,46,538.0
flat,millenia,sector 37c,0.4,6666.666666666667,600.0,Carpet area: 600 (55.74 sq.m.),2,2,2,4.0,East,New Property,,,600.0,0,0,0,0,0,0,29,300.0
flat,ramprastha skyz,sector 37d,1.0,4943.153732081068,2023.0,Super Built up area 2025(188.13 sq.m.),3,5,3,11.0,,Under Construction,2025.0,,,0,1,0,0,1,0,8,674.3333333333334
flat,orchid petals,sector 49,2.23,10969.011313330055,2033.0,Super Built up area 2033(188.87 sq.m.),3,3,3,14.0,North,Relatively New,2033.0,,,0,0,0,0,1,0,40,677.6666666666666
flat,ansal heights 86,sector 86,0.64,4705.882352941177,1360.0,Built Up area: 1360 (126.35 sq.m.),2,2,1,3.0,,New Property,,1360.0,,0,0,0,0,0,0,73,680.0
flat,sobha city,sector 108,2.9,14478.282576135796,2003.0,Super Built up area 2003(186.08 sq.m.),3,4,2,11.0,North-East,Relatively New,2003.0,,,0,0,0,0,0,0,108,667.6666666666666
flat,bestech park view sanskruti,sector 92,1.55,7568.359375,2048.0,Super Built up area 1995(185.34 sq.m.),3,4,3,16.0,South,Relatively New,1995.0,,,0,1,0,0,0,1,60,682.6666666666666
flat,pareena mi casa,sector 68,0.92,7389.558232931727,1245.0,Super Built up area 1245(115.66 sq.m.),2,2,3,5.0,West,Under Construction,1245.0,,,0,0,0,0,1,0,50,622.5
flat,ats kocoon,sector 109,2.15,10262.529832935561,2095.0,Super Built up area 2095(194.63 sq.m.),3,4,3,9.0,North,Relatively New,2095.0,,,0,1,0,0,0,0,97,698.3333333333334
flat,ats tourmaline,sector 109,1.75,8139.53488372093,2150.0,Super Built up area 2150(199.74 sq.m.),3,4,3+,9.0,North-East,Relatively New,2150.0,,,0,1,0,0,0,0,94,716.6666666666666
flat,mapsko mount ville,sector 79,1.25,8389.261744966443,1490.0,Super Built up area 1490(138.43 sq.m.)Carpet area: 863.91 sq.ft. (80.26 sq.m.),3,3,3,22.0,South-West,Relatively New,1490.0,,863.91,1,0,0,1,0,0,160,496.6666666666667
flat,ats kocoon,sector 109,1.75,10028.65329512894,1745.0,Super Built up area 1745(162.12 sq.m.)Built Up area: 1550 sq.ft. (144 sq.m.)Carpet area: 1250 sq.ft. (116.13 sq.m.),3,3,3,10.0,North-East,Relatively New,1745.0,1550.0,1250.0,0,0,0,1,0,1,49,581.6666666666666
flat,ild greens,sector 37c,1.0,4723.665564478035,2117.0,Super Built up area 1800(167.23 sq.m.),3,3,3,3.0,,Under Construction,1800.0,,,0,0,0,0,0,0,51,705.6666666666666
house,independent,sector 45,10.0,30864.197530864196,3240.0,Plot area 360(301.01 sq.m.),6,6,3+,4.0,North-East,Moderately Old,,360.0,,1,1,1,1,0,1,70,540.0
flat,"new colony, gurgaon",sector 7,0.8,8097.165991902834,988.0,Carpet area: 990 (91.97 sq.m.),3,2,1,4.0,North-East,Relatively New,,,990.0,0,0,0,0,0,1,69,329.3333333333333
flat,godrej oasis,sector 88a,1.29,7799.274486094317,1654.0,Super Built up area 1629(151.34 sq.m.)Carpet area: 1628 sq.ft. (151.25 sq.m.),3,3,3,5.0,,New Property,1629.0,,1628.0,1,0,0,0,1,0,65,551.3333333333334
flat,ireo skyon,sector 60,3.8,13571.42857142857,2800.0,Super Built up area 2800(260.13 sq.m.)Built Up area: 2791 sq.ft. (259.29 sq.m.)Carpet area: 2768 sq.ft. (257.16 sq.m.),4,5,3,15.0,East,Moderately Old,2800.0,2791.0,2768.0,0,1,0,0,0,1,145,700.0
flat,signature global solera,sector 107,0.28,5679.513184584179,493.0,Carpet area: 489 (45.43 sq.m.),2,2,2,11.0,North,Relatively New,,,489.0,0,0,0,0,0,0,29,246.5
flat,shapoorji pallonji joyville gurugram,sector 102,1.9,10259.179265658748,1852.0,Super Built up area 1852(172.06 sq.m.)Built Up area: 1700 sq.ft. (157.94 sq.m.)Carpet area: 1450 sq.ft. (134.71 sq.m.),3,3,3+,15.0,North-East,New Property,1852.0,1700.0,1450.0,0,0,0,1,0,0,174,617.3333333333334
flat,tulip petals,sector 89,1.55,10000.0,1550.0,Super Built up area 1550(144 sq.m.),3,2,3,6.0,East,Moderately Old,1550.0,,,0,0,1,0,0,1,111,516.6666666666666
flat,satya element one,sector 49,0.87,19333.333333333332,450.0,Carpet area: 450 (41.81 sq.m.),1,1,1,2.0,,Relatively New,,,450.0,0,0,0,0,0,0,22,450.0
flat,m3m woodshire,sector 107,0.8,5856.515373352855,1366.0,Super Built up area 1366(126.91 sq.m.),2,2,3+,14.0,,New Property,1366.0,,,0,0,0,0,0,0,67,683.0
flat,emaar mgf the palm drive,sector 66,3.0,14285.714285714286,2100.0,Super Built up area 2100(195.1 sq.m.),4,5,3+,10.0,East,Relatively New,2100.0,,,0,1,0,0,0,1,49,525.0
flat,m3m woodshire,sector 107,1.4,5929.690808979246,2361.0,Super Built up area 2361(219.34 sq.m.),3,4,3+,6.0,North-East,Relatively New,2361.0,,,0,1,0,0,0,0,117,787.0
flat,ansals highland park,dwarka expressway,1.2,6185.567010309278,1940.0,Built Up area: 1940 (180.23 sq.m.),3,3,3+,4.0,,Under Construction,,1940.0,,0,1,0,0,0,0,0,646.6666666666666
house,signature global city 81,sector 81,0.75,6849.315068493151,1095.0,Plot area 1095(101.73 sq.m.),3,2,3,4.0,East,Under Construction,,1095.0,,1,0,0,0,0,0,97,365.0
flat,ats triumph,sector 104,4.45,6846.153846153846,6500.0,Carpet area: 6500 (603.87 sq.m.),4,5,3+,27.0,North,Relatively New,,,6500.0,0,0,0,0,0,0,110,1625.0
flat,shapoorji pallonji joyville gurugram,sector 102,1.75,9449.244060475163,1852.0,Super Built up area 1852(172.06 sq.m.)Carpet area: 1128 sq.ft. (104.79 sq.m.),3,3,3,10.0,West,Relatively New,1852.0,,1128.0,1,1,0,1,1,0,49,617.3333333333334
flat,dlf the crest,sector 54,11.0,35483.87096774193,3100.0,Carpet area: 3100 (288 sq.m.),4,5,3+,7.0,North-East,Relatively New,,,3100.0,1,1,0,1,0,0,49,775.0
flat,tulip violet,sector 69,1.9,9452.73631840796,2010.0,Super Built up area 2010(186.74 sq.m.)Carpet area: 1500 sq.ft. (139.35 sq.m.),4,4,2,6.0,West,Relatively New,2010.0,,1500.0,0,0,1,0,0,0,174,502.5
flat,m3m soulitude,sector 89,1.25,8784.258608573437,1423.0,Super Built up area 1423(132.2 sq.m.),3,3,3,3.0,East,New Property,1423.0,,,1,0,0,0,1,0,61,474.3333333333333
house,independent,sector 24,3.5,32407.40740740741,1080.0,Plot area 120(100.34 sq.m.),2,4,3,3.0,North-West,Old Property,,120.0,,0,0,0,0,0,0,15,540.0
flat,eldeco accolade,sohna road,0.73,5775.316455696203,1264.0,Super Built up area 1264(117.43 sq.m.)Carpet area: 730 sq.ft. (67.82 sq.m.),2,2,3,5.0,West,Relatively New,1264.0,,730.0,0,0,0,1,0,0,33,632.0
flat,ats triumph,sector 104,2.6,8253.968253968254,3150.0,Super Built up area 3150(292.64 sq.m.),4,4,3+,12.0,South,Relatively New,3150.0,,,0,1,0,0,0,0,118,787.5
house,independent,sector 23,2.9,11600.0,2500.0,Plot area 2500(232.26 sq.m.),4,4,3,2.0,,Relatively New,,2500.0,,0,1,0,0,0,1,43,625.0
flat,vatika city homes,sector 83,1.08,6206.896551724138,1740.0,Super Built up area 1740(161.65 sq.m.)Carpet area: 1350 sq.ft. (125.42 sq.m.),3,3,3,6.0,South-West,Relatively New,1740.0,,1350.0,0,0,1,0,0,0,111,580.0
flat,signature global city 92,sector 92,0.78,7722.772277227723,1010.0,Super Built up area 1010(93.83 sq.m.)Carpet area: 700 sq.ft. (65.03 sq.m.),2,2,3,2.0,,Undefined,1010.0,,700.0,0,0,0,0,1,0,24,505.0
flat,shapoorji pallonji joyville gurugram,sector 102,1.99,20664.589823468326,963.0,Super Built up area 1349(125.33 sq.m.)Carpet area: 963 sq.ft. (89.47 sq.m.),2,2,2,14.0,South,New Property,1349.0,,963.0,0,0,0,0,0,0,152,481.5
house,independent,sector 43,14.0,39886.039886039885,3510.0,Plot area 390(326.09 sq.m.),9,9,3+,4.0,North,Moderately Old,,390.0,,0,1,0,0,0,0,7,390.0
flat,godrej,sector 79,1.33,8531.10968569596,1559.0,Super Built up area 1559(144.84 sq.m.),2,2,3,6.0,North-West,Relatively New,1559.0,,,1,0,0,0,0,0,158,779.5
flat,dlf the primus,sector 82a,1.85,10176.017601760175,1818.0,Super Built up area 1818(168.9 sq.m.)Carpet area: 1538 sq.ft. (142.88 sq.m.),3,3,3,15.0,East,Moderately Old,1818.0,,1538.0,0,0,0,0,1,0,38,606.0
flat,m3m the marina,sector 68,1.32,8759.12408759124,1507.0,Super Built up area 1507(140 sq.m.),2,2,3,15.0,North-East,Relatively New,1507.0,,,1,0,0,0,0,0,120,753.5
flat,alpha corp gurgaonone,sector 84,1.49,7590.422822210901,1963.0,Super Built up area 1963(182.37 sq.m.)Carpet area: 1700 sq.ft. (157.94 sq.m.),3,3,3,6.0,South-East,Relatively New,1963.0,,1700.0,0,1,0,0,0,0,28,654.3333333333334
flat,raheja sampada,sector 92,0.7,4452.926208651399,1572.0,Built Up area: 1572 (146.04 sq.m.),3,3,0,7.0,,Undefined,,1572.0,,0,0,0,0,0,0,0,524.0
house,independent,sector 14,4.15,18444.444444444445,2250.0,Plot area 250(209.03 sq.m.),5,4,2,2.0,North-West,Old Property,,250.0,,0,0,0,0,0,1,51,450.0
house,independent,sector 46,2.2,24202.420242024204,909.0,Plot area 101(84.45 sq.m.),3,3,2,3.0,North-West,Old Property,,101.0,,0,0,1,0,0,1,56,303.0
house,independent,sector 55,2.8,18666.666666666668,1500.0,Built Up area: 1500 (139.35 sq.m.),4,4,0,2.0,,Undefined,,1500.0,,0,0,0,0,0,0,0,375.0
flat,sare crescent parc,sector 92,0.9,4277.566539923954,2104.0,Super Built up area 1870(173.73 sq.m.),4,5,3+,14.0,North-East,Relatively New,1870.0,,,0,1,0,0,1,0,62,526.0
flat,avl 36 gurgaon,sector 36a,0.36,9000.0,400.0,Super Built up area 406(37.72 sq.m.)Carpet area: 402 sq.ft. (37.35 sq.m.),1,1,1,7.0,West,Relatively New,406.0,,402.0,0,0,0,0,0,0,95,400.0
flat,dlf new town heights,sector 90,1.55,6556.68358714044,2364.0,Super Built up area 2364(219.62 sq.m.),4,4,3+,1.0,South-East,Relatively New,2364.0,,,0,1,0,1,0,0,81,591.0
flat,raheja the vedaanta floors,sector 108,0.7,4521.963824289405,1548.0,Carpet area: 1548 (143.81 sq.m.),2,2,3,1.0,,Moderately Old,,,1548.0,0,0,0,0,0,1,0,774.0
flat,the cocoon,dwarka expressway,2.0,13333.333333333334,1500.0,Super Built up area 1500(139.35 sq.m.),3,3,3,5.0,,New Property,1500.0,,,0,0,0,0,0,0,0,500.0
house,independent,sector 28,4.5,13888.888888888889,3240.0,Built Up area: 360 (33.45 sq.m.),4,4,0,4.0,,Undefined,,360.0,,0,0,0,0,0,0,0,810.0
flat,mapsko mount ville,sector 79,1.25,7716.049382716049,1620.0,Super Built up area 1620(150.5 sq.m.)Carpet area: 862.18 sq.ft. (80.1 sq.m.),3,3,2,1.0,South-West,Relatively New,1620.0,,862.18,1,0,0,1,0,1,166,540.0
flat,parsvnath green ville,sector 48,1.86,7654.320987654321,2430.0,Super Built up area 2430(225.75 sq.m.),3,3,3+,6.0,North,Moderately Old,2430.0,,,0,1,0,0,0,1,94,810.0
flat,deepak minda,manesar,1.2,4528.301886792453,2650.0,Carpet area: 2650 (246.19 sq.m.),3,3,3+,6.0,North-West,Moderately Old,,,2650.0,0,1,0,0,0,0,7,883.3333333333334
house,independent,sector 51,2.25,2777.777777777778,8100.0,Plot area 100(83.61 sq.m.),6,3,3+,3.0,North-West,Relatively New,,100.0,,0,0,0,0,0,0,54,1350.0
flat,residency grand,sector 52,5.0,7692.307692307692,6500.0,Carpet area: 5200 (483.1 sq.m.),5,7,3+,1.0,East,Moderately Old,,,5200.0,0,1,0,1,0,0,77,1300.0
flat,alpha corp gurgaonone,sector 84,1.2,9448.818897637795,1270.0,Super Built up area 1270(117.99 sq.m.),2,2,1,6.0,South-West,Relatively New,1270.0,,,0,0,0,0,0,0,13,635.0
flat,emaar mgf emerald floors premier,sector 65,2.8,16969.696969696968,1650.0,Super Built up area 1975(183.48 sq.m.)Built Up area: 1800 sq.ft. (167.23 sq.m.)Carpet area: 1650 sq.ft. (153.29 sq.m.),4,4,3,2.0,North,Relatively New,1975.0,1800.0,1650.0,1,0,0,0,0,1,89,412.5
house,unitech uniworld resorts,sector 33,8.5,17819.706498951782,4770.0,Plot area 530(443.15 sq.m.),5,5,3+,3.0,North,New Property,,530.0,,1,1,1,1,0,1,145,954.0
flat,sare green parc phase 3,sector 92,0.75,7142.857142857143,1050.0,Super Built up area 1326(123.19 sq.m.)Built Up area: 1298 sq.ft. (120.59 sq.m.)Carpet area: 1050 sq.ft. (97.55 sq.m.),3,2,2,3.0,East,New Property,1326.0,1298.0,1050.0,0,0,0,0,0,0,121,350.0
house,independent,sector 43,5.5,28423.77260981912,1935.0,Plot area 215(179.77 sq.m.),1,1,0,1.0,South-West,Old Property,,215.0,,0,0,0,0,1,0,12,1935.0
flat,bestech park view ananda,sector 81,0.95,10626.398210290829,894.0,Super Built up area 1360(126.35 sq.m.)Carpet area: 894 sq.ft. (83.06 sq.m.),2,2,2,2.0,North-East,Relatively New,1360.0,,894.0,0,0,0,0,0,1,104,447.0
flat,dlf the primus,sector 82a,2.85,10936.30084420568,2606.0,Super Built up area 2606(242.11 sq.m.)Carpet area: 1800 sq.ft. (167.23 sq.m.),4,4,3+,2.0,North-East,New Property,2606.0,,1800.0,0,1,0,0,0,2,174,651.5
flat,godrej nature plus,sector 33,1.9,9849.663037843442,1929.0,Carpet area: 1929 (179.21 sq.m.),3,3,3+,14.0,,New Property,,,1929.0,0,1,0,0,0,0,96,643.0
flat,paras dews,sector 106,1.2,11605.41586073501,1034.0,Super Built up area 1665(154.68 sq.m.)Built Up area: 1145 sq.ft. (106.37 sq.m.)Carpet area: 1034 sq.ft. (96.06 sq.m.),3,3,3,12.0,North-West,Relatively New,1665.0,1145.0,1034.0,1,0,0,0,0,0,158,344.6666666666667
flat,puri emerald bay,sector 104,2.6,15160.349854227405,1715.0,Super Built up area 2450(227.61 sq.m.)Carpet area: 1715 sq.ft. (159.33 sq.m.),3,4,3+,5.0,,Relatively New,2450.0,,1715.0,1,1,0,0,0,0,81,571.6666666666666
flat,sare crescent parc,sector 92,0.5,5000.0,1000.0,Super Built up area 1000(92.9 sq.m.),2,2,2,2.0,,Relatively New,1000.0,,,0,0,0,0,1,0,72,500.0
flat,signature global solera,sector 107,0.27,5521.472392638037,489.0,Carpet area: 489 (45.43 sq.m.),2,2,2,0.0,North-East,Relatively New,,,489.0,0,0,0,0,0,0,45,244.5
flat,imperia the esfera,sector 37c,1.4,5384.615384615385,2600.0,Super Built up area 2600(241.55 sq.m.)Carpet area: 2100 sq.ft. (195.1 sq.m.),4,5,3,9.0,North,Relatively New,2600.0,,2100.0,1,1,0,1,1,0,49,650.0
house,dlf new town heights,sector 91,2.5,7058.159232072276,3542.0,Plot area 3400(315.87 sq.m.),4,4,3+,3.0,East,Moderately Old,,3400.0,,1,1,1,1,0,1,80,885.5
flat,bestech park view spa next,sector 67,2.32,11989.664082687339,1935.0,Super Built up area 1935(179.77 sq.m.)Carpet area: 1600 sq.ft. (148.64 sq.m.),3,4,3+,14.0,North-East,Moderately Old,1935.0,,1600.0,0,1,0,0,0,1,59,645.0
flat,m3m woodshire,sector 107,0.9,6588.579795021962,1366.0,Super Built up area 1366(126.91 sq.m.),2,2,3+,14.0,,New Property,1366.0,,,0,0,0,0,0,0,67,683.0
house,independent,sector 7,0.45,5000.0,900.0,Carpet area: 900 (83.61 sq.m.),3,2,0,1.0,,Undefined,,,900.0,0,0,0,0,0,0,0,300.0
flat,chanderlok society,sector 28,0.9,7234.726688102894,1244.0,Carpet area: 1244 (115.57 sq.m.),4,2,3+,1.0,,Old Property,,,1244.0,0,0,0,0,0,0,0,311.0
house,dlf new town heights,sector 86,2.5,7058.159232072276,3542.0,Plot area 3400(315.87 sq.m.),4,4,3+,3.0,East,Moderately Old,,3400.0,,1,1,1,1,0,1,142,885.5
flat,emaar palm gardens,sector 83,1.75,9210.526315789473,1900.0,Super Built up area 1900(176.52 sq.m.)Carpet area: 1240.04 sq.ft. (115.2 sq.m.),3,3,3+,11.0,East,Relatively New,1900.0,,1240.04,0,1,0,0,0,0,120,633.3333333333334
flat,ireo victory valley,sector 67,2.95,12235.586893405227,2411.0,Super Built up area 2411(223.99 sq.m.)Carpet area: 1906 sq.ft. (177.07 sq.m.),3,3,3,10.0,North-West,Relatively New,2411.0,,1906.0,0,1,0,0,0,1,174,803.6666666666666
flat,shapoorji pallonji joyville gurugram,sector 102,1.41,10307.017543859649,1368.0,Super Built up area 1368(127.09 sq.m.),2,2,3,0.0,North-East,Relatively New,1368.0,,,0,0,0,0,1,0,49,684.0
flat,indiabulls centrum park,sector 103,1.34,7882.35294117647,1700.0,Super Built up area 1725(160.26 sq.m.)Carpet area: 1700 sq.ft. (157.94 sq.m.),3,3,3+,12.0,East,Relatively New,1725.0,,1700.0,1,1,1,1,0,1,38,566.6666666666666
flat,shree vardhman flora,sector 90,1.3,5252.525252525253,2475.0,Super Built up area 2475(229.94 sq.m.)Carpet area: 1825 sq.ft. (169.55 sq.m.),4,5,2,9.0,North-East,Relatively New,2475.0,,1825.0,1,1,0,0,0,0,110,618.75
flat,signature global city,sector 37d,0.8,8421.052631578947,950.0,Super Built up area 950(88.26 sq.m.),2,2,2,2.0,,Undefined,950.0,,,0,0,0,0,0,0,42,475.0
flat,mapsko mount ville,sector 79,1.3,8724.832214765102,1490.0,Super Built up area 1490(138.43 sq.m.)Built Up area: 1176 sq.ft. (109.25 sq.m.)Carpet area: 863.91 sq.ft. (80.26 sq.m.),3,3,3,19.0,East,Relatively New,1490.0,1176.0,863.91,0,0,1,0,0,1,102,496.6666666666667
flat,godrej frontier,sector 80,1.4,6189.21308576481,2262.0,Super Built up area 2262(210.15 sq.m.)Built Up area: 1854 sq.ft. (172.24 sq.m.)Carpet area: 1576 sq.ft. (146.42 sq.m.),3,4,2,10.0,North-West,Moderately Old,2262.0,1854.0,1576.0,0,0,1,1,0,0,111,754.0
flat,experion windchants,sector 112,3.29,11741.613133476088,2802.0,Super Built up area 2802(260.31 sq.m.)Built Up area: 2225.56 sq.ft. (206.76 sq.m.),3,3,3+,2.0,South,Relatively New,2802.0,2225.56,,0,1,0,0,0,1,152,934.0
flat,bhemerlei,sohna road road,0.69,5099.778270509978,1353.0,Built Up area: 1350 (125.42 sq.m.),2,2,2,3.0,,Under Construction,,1350.0,,0,0,0,0,0,0,0,676.5
flat,spaze privvy the address,sector 93,1.25,5699.954400364797,2193.0,Built Up area: 2105 (195.56 sq.m.)Carpet area: 1700 sq.ft. (157.94 sq.m.),4,4,3,16.0,,Relatively New,,2105.0,1700.0,0,0,0,0,0,0,0,548.25
flat,ss the leaf,sector 85,1.1,12471.655328798186,882.0,Super Built up area 1640(152.36 sq.m.)Built Up area: 1173 sq.ft. (108.98 sq.m.)Carpet area: 882 sq.ft. (81.94 sq.m.),2,2,3,12.0,North,Relatively New,1640.0,1173.0,882.0,1,0,0,0,0,0,75,441.0
flat,m3m skywalk,sector 74,2.2,10901.883052527255,2018.0,Super Built up area 2018(187.48 sq.m.),3,3,3,12.0,,New Property,2018.0,,,1,0,0,0,0,1,15,672.6666666666666
house,ireo victory valley,sector 67,8.0,22222.222222222223,3600.0,Plot area 400(334.45 sq.m.),6,7,3+,51.0,North-East,Moderately Old,,400.0,,1,1,0,1,0,1,49,600.0
flat,vatika xpressions,sector 88b,1.1,8148.148148148148,1350.0,Built Up area: 1350 (125.42 sq.m.)Carpet area: 1050 sq.ft. (97.55 sq.m.),2,4,3+,2.0,North-East,Under Construction,,1350.0,1050.0,1,0,0,0,0,0,58,675.0
flat,bestech altura,sector 79,1.9,8837.209302325582,2150.0,Super Built up area 2150(199.74 sq.m.),3,4,3,11.0,North-East,Under Construction,2150.0,,,0,0,0,0,0,0,96,716.6666666666666
flat,parsvnath exotica,sector 53,5.0,17271.157167530226,2895.0,Super Built up area 2895(268.95 sq.m.)Built Up area: 2500 sq.ft. (232.26 sq.m.)Carpet area: 2200 sq.ft. (204.39 sq.m.),3,4,3+,8.0,North-East,Relatively New,2895.0,2500.0,2200.0,0,1,0,1,1,1,49,965.0
flat,antriksh heights,sector 84,0.49,4355.555555555556,1125.0,Super Built up area 1125(104.52 sq.m.),2,2,2,16.0,East,Relatively New,1125.0,,,0,0,0,0,0,0,66,562.5
flat,pioneer urban presidia,sector 62,6.5,14987.318422872953,4337.0,Super Built up area 4337(402.92 sq.m.),4,4,3+,3.0,West,Moderately Old,4337.0,,,1,0,0,0,0,0,86,1084.25
flat,m3m skywalk,sector 74,1.6,9512.485136741974,1682.0,Super Built up area 1682(156.26 sq.m.)Carpet area: 1345 sq.ft. (124.95 sq.m.),2,2,2,26.0,South,Relatively New,1682.0,,1345.0,0,0,0,0,0,1,158,841.0
flat,dlf the ultima,sector 81,2.5,11726.078799249532,2132.0,Super Built up area 2132(198.07 sq.m.)Built Up area: 2130 sq.ft. (197.88 sq.m.)Carpet area: 2129 sq.ft. (197.79 sq.m.),3,3,2,4.0,South-East,Relatively New,2132.0,2130.0,2129.0,0,1,0,0,0,2,82,710.6666666666666
flat,shapoorji pallonji joyville gurugram,sector 102,0.95,10382.513661202185,915.0,Built Up area: 915 (85.01 sq.m.)Carpet area: 675 sq.ft. (62.71 sq.m.),2,2,2,14.0,,Undefined,,915.0,675.0,0,0,0,0,0,0,0,457.5
flat,ats tourmaline,sector 109,2.25,8704.061895551256,2585.0,Super Built up area 2585(240.15 sq.m.),3,4,3,14.0,North-East,Relatively New,2585.0,,,0,1,0,0,0,0,101,861.6666666666666
flat,bestech park view residency,sector 2,1.02,7208.480565371025,1415.0,Super Built up area 1415(131.46 sq.m.),2,2,3,11.0,South-West,Moderately Old,1415.0,,,0,0,0,0,0,0,92,707.5
flat,shapoorji pallonji joyville gurugram,sector 102,2.15,12706.855791962174,1692.0,Super Built up area 1692(157.19 sq.m.)Built Up area: 1690 sq.ft. (157.01 sq.m.)Carpet area: 1592 sq.ft. (147.9 sq.m.),3,3,3,10.0,South-West,Relatively New,1692.0,1690.0,1592.0,0,0,0,0,0,1,49,564.0
flat,la vida by tata housing,sector 113,1.65,10449.65167827739,1579.0,Super Built up area 1579(146.69 sq.m.)Built Up area: 1420 sq.ft. (131.92 sq.m.)Carpet area: 1220 sq.ft. (113.34 sq.m.),3,2,2,3.0,North-East,Relatively New,1579.0,1420.0,1220.0,0,0,0,0,0,0,49,526.3333333333334
house,independent,sector 25,8.0,8000.0,10000.0,Carpet area: 10000 (929.03 sq.m.),3,9,2,3.0,,New Property,,,10000.0,0,0,0,0,0,0,0,3333.3333333333335
flat,raheja navodaya,sector 92,1.1,4680.851063829788,2350.0,Built Up area: 2350 (218.32 sq.m.)Carpet area: 1850 sq.ft. (171.87 sq.m.),3,2,3,0.0,East,Undefined,,2350.0,1850.0,0,0,0,0,0,0,0,783.3333333333334
flat,krisumi waterfall residences,sector 36a,3.65,14381.40267927502,2538.0,Super Built up area 2538(235.79 sq.m.),3,3,2,17.0,East,New Property,2538.0,,,0,0,0,0,0,0,31,846.0
flat,bestech park view city,sector 48,1.8,10250.569476082004,1756.0,Carpet area: 1756 (163.14 sq.m.),3,4,3,3.0,North-West,Moderately Old,,,1756.0,1,0,0,0,0,1,76,585.3333333333334
house,international city by sobha phase 2,sector 109,6.44,26502.057613168723,2430.0,Plot area 270(225.75 sq.m.),4,5,3+,3.0,North-East,New Property,,270.0,,1,1,1,1,0,0,138,607.5
house,independent,sector 2,4.99,18887.206661619985,2642.0,Plot area 270(225.75 sq.m.),4,4,3+,3.0,North,Moderately Old,,270.0,,0,1,1,1,0,0,43,660.5
flat,aipl the peaceful homes,sector 70a,1.6,9586.578789694428,1669.0,Super Built up area 1565(145.39 sq.m.),2,2,2,22.0,North,Moderately Old,1565.0,,,0,0,0,0,0,0,86,834.5
flat,ambience creacions,sector 22,1.99,14420.289855072464,1380.0,Super Built up area 1380(128.21 sq.m.)Built Up area: 1285 sq.ft. (119.38 sq.m.)Carpet area: 1280 sq.ft. (118.92 sq.m.),2,2,2,9.0,North-East,New Property,1380.0,1285.0,1280.0,1,1,0,1,0,0,20,690.0
house,independent,sector 14,5.0,22222.222222222223,2250.0,Plot area 250(209.03 sq.m.),3,3,3,1.0,South,Moderately Old,,250.0,,0,0,0,0,0,0,25,750.0
flat,godrej oasis,sector 88a,0.95,7268.553940321347,1307.0,Carpet area: 1307 (121.42 sq.m.),2,2,2,6.0,North-West,Relatively New,,,1307.0,0,0,0,0,0,0,79,653.5
flat,ansals duplex flat,sector 2,0.95,7307.692307692308,1300.0,Carpet area: 1300 (120.77 sq.m.),2,3,2,1.0,North-East,Old Property,,,1300.0,1,0,0,0,0,1,20,650.0
house,shree krishna homes,sector 104,0.48,5555.555555555556,864.0,Plot area 80(7.43 sq.m.)Built Up area: 795 sq.ft. (73.86 sq.m.)Carpet area: 720 sq.ft. (66.89 sq.m.),2,2,1,1.0,North-East,New Property,,795.0,720.0,1,0,0,1,1,0,44,432.0
flat,paras dews,sector 106,1.05,7581.227436823105,1385.0,Carpet area: 1385 (128.67 sq.m.),2,2,2,5.0,West,New Property,,,1385.0,0,0,0,0,0,0,97,692.5
house,independent,sector 17,9.5,23456.79012345679,4050.0,Plot area 502(419.74 sq.m.)Built Up area: 500 sq.yards (418.06 sq.m.)Carpet area: 450 sq.yards (376.26 sq.m.),8,8,3,3.0,West,Relatively New,,500.0,450.0,1,0,0,0,0,1,27,506.25
flat,vatika xpressions,sector 88b,0.92,6814.814814814815,1350.0,Built Up area: 1350 (125.42 sq.m.)Carpet area: 1120 sq.ft. (104.05 sq.m.),2,2,3,3.0,,New Property,,1350.0,1120.0,0,0,0,0,0,0,26,675.0
flat,godrej,sector 79,1.35,8970.099667774086,1505.0,Super Built up area 1505(139.82 sq.m.),3,3,2,7.0,South-West,Relatively New,1505.0,,,0,0,0,0,0,0,118,501.6666666666667
flat,emaar imperial gardens,sector 102,1.91,9550.0,2000.0,Super Built up area 2000(185.81 sq.m.)Carpet area: 1228.17 sq.ft. (114.1 sq.m.),3,4,2,17.0,East,Relatively New,2000.0,,1228.17,1,1,0,0,0,1,152,666.6666666666666
house,independent,sector 25,10.85,38150.492264416316,2844.0,Plot area 316(264.22 sq.m.),6,6,1,3.0,North-East,Relatively New,,316.0,,0,0,1,0,0,1,136,474.0
flat,sare crescent parc royal greens phase 1,sector 92,0.65,4510.756419153366,1441.0,Super Built up area 1440.45(133.82 sq.m.),3,3,3,1.0,East,Moderately Old,1440.45,,,0,0,0,0,0,0,91,480.3333333333333
house,independent,sector 26,5.8,32222.222222222223,1800.0,Plot area 200(167.23 sq.m.),5,5,3+,2.0,North,Old Property,,200.0,,1,1,1,1,0,0,53,360.0
flat,gls arawali homes,sohna road,0.32,6722.689075630252,476.0,Built Up area: 476 (44.22 sq.m.),2,1,0,0.0,,Undefined,,476.0,,0,0,0,0,0,0,0,238.0
flat,pivotal devaan,sector 84,0.3,6666.666666666667,450.0,Carpet area: 450 (41.81 sq.m.),1,1,1,14.0,,New Property,,,450.0,0,0,0,0,0,1,22,450.0
flat,krishna appartment,sector 12,0.35,3500.0,1000.0,Super Built up area 1000(92.9 sq.m.),3,3,1,2.0,,Old Property,1000.0,,,0,0,0,0,0,0,0,333.3333333333333
flat,adani brahma samsara vilasa,sector 63,3.25,29545.454545454544,1100.0,Built Up area: 2700 (250.84 sq.m.)Carpet area: 1100 sq.ft. (102.19 sq.m.),3,3,3,4.0,North-East,New Property,,2700.0,1100.0,0,0,0,0,1,0,41,366.6666666666667
house,independent,sector 70a,2.1,3888.8888888888887,5400.0,Carpet area: 600 (55.74 sq.m.),3,2,1,3.0,,New Property,,,600.0,0,0,0,0,0,0,0,1800.0
flat,imperia the esfera,sector 37c,0.86,5449.936628643853,1578.0,Super Built up area 1578(146.6 sq.m.)Carpet area: 1310 sq.ft. (121.7 sq.m.),2,3,3,9.0,South-East,Relatively New,1578.0,,1310.0,1,0,0,0,1,0,49,789.0
flat,tulip violet,sector 69,1.43,8887.507768800497,1609.0,Super Built up area 1608(149.39 sq.m.),3,3,2,1.0,North-West,Relatively New,1608.0,,,0,0,0,1,0,0,86,536.3333333333334
flat,signature global city 92,sector 92,0.78,11142.857142857143,700.0,Super Built up area 1010(93.83 sq.m.)Carpet area: 700 sq.ft. (65.03 sq.m.),2,2,3,2.0,,Undefined,1010.0,,700.0,0,0,0,0,1,0,24,350.0
flat,palam vihar extension west zone rwa,sector 2,0.2,4000.0,500.0,Carpet area: 500 (46.45 sq.m.),1,1,1,1.0,,Moderately Old,,,500.0,0,0,0,0,1,0,0,500.0
flat,shapoorji pallonji joyville gurugram,sector 102,2.03,11997.635933806147,1692.0,Super Built up area 1692(157.19 sq.m.)Carpet area: 1027.68 sq.ft. (95.47 sq.m.),3,3,2,1.0,,New Property,1692.0,,1027.68,0,0,0,0,0,0,67,564.0
flat,parsvnath exotica,sector 53,6.44,19002.655650634406,3389.0,Super Built up area 3390(314.94 sq.m.),4,4,3,7.0,West,Moderately Old,3390.0,,,0,1,0,0,0,1,80,847.25
flat,avl 36 gurgaon,sector 36a,0.4,10204.081632653062,392.0,Carpet area: 392 (36.42 sq.m.),1,1,1,4.0,West,Relatively New,,,392.0,0,0,0,0,0,0,35,392.0
flat,emaar mgf the palm drive,sector 66,2.8,16470.58823529412,1700.0,Super Built up area 1950(181.16 sq.m.)Built Up area: 1920 sq.ft. (178.37 sq.m.)Carpet area: 1700 sq.ft. (157.94 sq.m.),3,4,3,8.0,North-East,Relatively New,1950.0,1920.0,1700.0,0,1,0,0,0,1,117,566.6666666666666
flat,dlf new town heights,sector 90,1.9,6967.363403006967,2727.0,Super Built up area 2727(253.35 sq.m.)Carpet area: 2300 sq.ft. (213.68 sq.m.),4,4,3+,19.0,North-East,Relatively New,2727.0,,2300.0,0,1,1,0,0,1,174,681.75
flat,m3m antalya hills,sector 79,1.15,7496.740547588005,1534.0,Super Built up area 1534(142.51 sq.m.)Built Up area: 1200 sq.ft. (111.48 sq.m.)Carpet area: 1103 sq.ft. (102.47 sq.m.),3,3,3+,1.0,,Undefined,1534.0,1200.0,1103.0,1,0,0,0,0,0,51,511.3333333333333
flat,tarc maceo,sector 91,0.96,5411.499436302142,1774.0,Super Built up area 1404(130.44 sq.m.),2,2,3+,8.0,East,Moderately Old,1404.0,,,0,0,0,0,0,0,85,887.0
flat,signature global park,sohna road,0.78,6446.280991735537,1210.0,Carpet area: 1210 (112.41 sq.m.),3,3,3,3.0,South-West,Relatively New,,,1210.0,0,0,0,1,0,0,150,403.3333333333333
flat,shree vardhman victoria,sector 70,1.5,7692.307692307692,1950.0,Super Built up area 1950(181.16 sq.m.)Carpet area: 1161 sq.ft. (107.86 sq.m.),3,5,3,7.0,South,Relatively New,1950.0,,1161.0,0,1,0,0,0,1,174,650.0
house,independent,sector 57,3.5,21604.938271604937,1620.0,Plot area 180(150.5 sq.m.),4,4,3+,3.0,South,Old Property,,180.0,,0,0,1,0,0,1,67,405.0
flat,corona optus,sector 37c,1.4,7035.175879396985,1990.0,Super Built up area 1990(184.88 sq.m.)Built Up area: 1890 sq.ft. (175.59 sq.m.)Carpet area: 1790 sq.ft. (166.3 sq.m.),3,3,3+,4.0,South,Relatively New,1990.0,1890.0,1790.0,0,1,0,0,0,0,149,663.3333333333334
house,independent,sector 41,11.0,33950.61728395062,3240.0,Plot area 360(301.01 sq.m.),4,4,2,3.0,East,New Property,,360.0,,1,1,0,1,0,0,35,810.0
house,independent,sector 26,5.8,32222.222222222223,1800.0,Plot area 200(167.23 sq.m.),4,3,2,2.0,East,Relatively New,,200.0,,0,0,1,0,0,0,21,450.0
flat,bestech park view city,sector 49,2.9,12169.534200587495,2383.0,Super Built up area 2383(221.39 sq.m.),4,4,3+,5.0,South-West,Moderately Old,2383.0,,,0,1,0,0,0,0,117,595.75
flat,orris aster court premier,sector 85,1.49,5820.3125,2560.0,Super Built up area 2560(237.83 sq.m.)Built Up area: 2017 sq.ft. (187.39 sq.m.)Carpet area: 1890 sq.ft. (175.59 sq.m.),4,5,3+,10.0,East,Relatively New,2560.0,2017.0,1890.0,0,1,0,0,0,1,84,640.0
flat,ireo uptown,sector 66,1.5,11219.147344801795,1337.0,Super Built up area 1337(124.21 sq.m.)Built Up area: 1330 sq.ft. (123.56 sq.m.)Carpet area: 1050 sq.ft. (97.55 sq.m.),2,3,3,1.0,South,Relatively New,1337.0,1330.0,1050.0,0,1,0,0,1,1,79,668.5
house,independent,sector 7,1.95,13541.666666666666,1440.0,Plot area 160(133.78 sq.m.),2,2,2,2.0,,Old Property,,160.0,,0,0,0,0,0,0,0,720.0
house,independent,sector 43,27.5,24366.471734892788,11286.0,Plot area 1254(1048.5 sq.m.),6,7,3+,3.0,North-East,Relatively New,,1254.0,,1,1,0,1,1,1,42,1881.0
flat,emaar mgf emerald floors premier,sector 65,2.35,14242.424242424242,1650.0,Built Up area: 1650 (153.29 sq.m.)Carpet area: 1200 sq.ft. (111.48 sq.m.),3,3,3,2.0,South-West,Relatively New,,1650.0,1200.0,1,1,0,0,0,0,158,550.0
flat,central park flower valley,sector 33,2.2,10476.190476190477,2100.0,Super Built up area 2100(195.1 sq.m.),3,3,3,12.0,North-East,New Property,2100.0,,,0,1,0,0,0,1,49,700.0
flat,spaze privy,sector 72,3.1,6692.573402417962,4632.0,Super Built up area 4632(430.33 sq.m.)Carpet area: 2300 sq.ft. (213.68 sq.m.),4,5,3+,8.0,South,Moderately Old,4632.0,,2300.0,1,1,1,1,0,0,136,1158.0
flat,krrish florence estate,sector 70,1.3,5601.034037052995,2321.0,Built Up area: 1865 (173.26 sq.m.),3,3,3,17.0,,Under Construction,,1865.0,,0,0,0,0,0,1,61,773.6666666666666
flat,allure homes,sector 12,0.72,7272.727272727273,990.0,Carpet area: 990 (91.97 sq.m.),2,2,1,2.0,,Relatively New,,,990.0,0,0,0,0,1,1,16,495.0
flat,ansal sushant lok ci,sector 43,2.0,15151.515151515152,1320.0,Carpet area: 1320 (122.63 sq.m.),3,3,2,1.0,North,Old Property,,,1320.0,0,1,0,0,0,2,15,440.0
flat,smart world orchard,sector 61,2.2,13496.932515337423,1630.0,Carpet area: 1630 (151.43 sq.m.),3,3,2,3.0,,Undefined,,,1630.0,0,0,0,0,0,0,16,543.3333333333334
flat,dlf regal gardens,sector 90,1.26,7403.055229142185,1702.0,Super Built up area 1702(158.12 sq.m.)Carpet area: 1500 sq.ft. (139.35 sq.m.),3,3,3,6.0,North-East,Relatively New,1702.0,,1500.0,0,0,0,0,1,1,28,567.3333333333334
flat,ss the leaf,sector 85,1.07,6524.390243902439,1640.0,Super Built up area 1640(152.36 sq.m.),2,2,3,21.0,South,Relatively New,1640.0,,,0,0,0,1,0,0,67,820.0
house,independent,sector 50,7.0,23333.333333333332,3000.0,Plot area 2400(222.97 sq.m.)Built Up area: 3400 sq.ft. (315.87 sq.m.)Carpet area: 3000 sq.ft. (278.71 sq.m.),4,4,2,3.0,North-East,Old Property,,3400.0,3000.0,0,1,0,0,0,0,118,750.0
flat,dlf regal gardens,sector 90,1.8,7223.113964686999,2492.0,Super Built up area 2215(205.78 sq.m.),4,4,3+,7.0,South-West,Moderately Old,2215.0,,,0,0,0,0,0,0,38,623.0
house,dlf city plot phase 4,sector 28,13.0,17931.03448275862,7250.0,Carpet area: 7250 (6061.92 sq.m.),10,10,3+,1.0,,Undefined,,,7250.0,0,0,0,0,0,0,0,725.0
flat,bptp astaire gardens,sector 70a,1.7,8947.368421052632,1900.0,Carpet area: 1900 (176.52 sq.m.),4,3,3,1.0,North-East,Relatively New,,,1900.0,0,0,0,0,0,1,49,475.0
house,sobha city,sector 108,10.5,14322.739053335152,7331.0,Built Up area: 7331 (681.07 sq.m.),5,4,3+,1.0,East,Undefined,,7331.0,,0,0,0,0,0,0,59,1466.2
house,nul,sector 25,9.5,33403.65682137834,2844.0,Plot area 316(264.22 sq.m.),9,9,3+,3.0,North-West,Old Property,,316.0,,0,0,0,0,1,0,81,316.0
flat,orris aster court premier,sector 85,1.73,6757.8125,2560.0,Super Built up area 2560(237.83 sq.m.)Built Up area: 2017 sq.ft. (187.39 sq.m.),4,5,3+,8.0,East,Relatively New,2560.0,2017.0,,0,1,0,0,0,0,16,640.0
house,ireo victory valley,sector 67,8.0,22222.222222222223,3600.0,Plot area 400(334.45 sq.m.),6,7,3+,3.0,North-East,Moderately Old,,400.0,,1,1,1,1,0,1,151,600.0
flat,bestech park view residency,sector 2,1.18,7539.936102236422,1565.0,Super Built up area 1565(145.39 sq.m.),2,2,3,5.0,East,Old Property,1565.0,,,1,0,0,0,0,0,76,782.5
flat,landmark the residency,sector 103,0.9,6666.666666666667,1350.0,Super Built up area 1350(125.42 sq.m.),2,2,2,1.0,South-West,Relatively New,1350.0,,,0,0,0,0,0,0,44,675.0
flat,godrej habitat,sector 3,1.2,8310.249307479224,1444.0,Super Built up area 1444(134.15 sq.m.),2,2,3,0.0,,Undefined,1444.0,,,0,0,0,0,0,0,60,722.0
flat,godrej nature plus,sector 33,1.5,9677.41935483871,1550.0,Super Built up area 1550(144 sq.m.),3,3,3,6.0,East,Under Construction,1550.0,,,1,0,0,0,0,0,72,516.6666666666666
flat,ats triumph,sector 104,2.62,8317.460317460318,3150.0,Super Built up area 3150(292.64 sq.m.),4,4,3+,14.0,North,Relatively New,3150.0,,,0,1,0,0,0,0,174,787.5
flat,signature global park,sohna road,0.52,6326.03406326034,822.0,Carpet area: 822 (76.37 sq.m.),2,2,2,3.0,North-West,Relatively New,,,822.0,0,0,0,1,0,0,161,411.0
flat,shree vardhman victoria,sector 70,1.8,9230.76923076923,1950.0,Carpet area: 1950 (181.16 sq.m.),3,5,3,0.0,,New Property,,,1950.0,0,0,0,0,0,0,72,650.0
house,uppal southend,sector 49,4.4,15277.777777777777,2880.0,Plot area 320(267.56 sq.m.),6,6,3,3.0,North,Moderately Old,,320.0,,1,1,1,1,0,2,110,480.0
flat,sobha smriti apartments,sector 56,0.5,8333.333333333334,600.0,Carpet area: 600 (55.74 sq.m.),1,1,2,3.0,,Undefined,,,600.0,0,0,0,0,0,0,0,600.0
flat,eldeco accolade,sohna road,0.72,4975.81202487906,1447.0,Super Built up area 1457(135.36 sq.m.)Carpet area: 849 sq.ft. (78.87 sq.m.),2,2,3+,12.0,East,Relatively New,1457.0,,849.0,1,0,0,0,0,0,152,723.5
flat,ss,sector 85,1.19,7121.484141232795,1671.0,Super Built up area 1671(155.24 sq.m.)Built Up area: 1670 sq.ft. (155.15 sq.m.)Carpet area: 1660 sq.ft. (154.22 sq.m.),2,2,3,11.0,West,Relatively New,1671.0,1670.0,1660.0,0,0,0,0,0,0,49,835.5
flat,antriksh heights,sector 84,0.88,4821.917808219178,1825.0,Super Built up area 1825(169.55 sq.m.),3,3,3,16.0,,Relatively New,1825.0,,,0,0,0,1,0,0,67,608.3333333333334
house,godrej meridien,sector 106,5.6,14000.0,4000.0,Plot area 4000(371.61 sq.m.),5,4,3+,33.0,North-East,New Property,,4000.0,,1,1,1,1,0,0,151,800.0
flat,park royal apartment,sector 56,1.85,9024.390243902439,2050.0,Carpet area: 2050 (190.45 sq.m.),3,4,3,7.0,,Old Property,,,2050.0,0,1,0,0,0,0,72,683.3333333333334
flat,la vida by tata housing,sector 113,3.35,16750.0,2000.0,Super Built up area 2691(250 sq.m.)Built Up area: 2200 sq.ft. (204.39 sq.m.)Carpet area: 2000 sq.ft. (185.81 sq.m.),3,4,3+,12.0,North-East,New Property,2691.0,2200.0,2000.0,1,1,0,0,0,0,174,666.6666666666666
house,independent,sector 10a,3.6,19607.843137254902,1836.0,Plot area 204(170.57 sq.m.),3,4,3,3.0,North,Moderately Old,,204.0,,0,0,0,1,0,1,28,612.0
house,international city by sobha phase 2,sector 109,6.5,12037.037037037036,5400.0,Plot area 5400(501.68 sq.m.),4,4,3+,1.0,North-East,New Property,,5400.0,,0,1,0,0,0,1,160,1350.0
flat,capital residences 360,sector 70a,1.68,8502.024291497975,1976.0,Super Built up area 1976(183.58 sq.m.)Built Up area: 1900 sq.ft. (176.52 sq.m.)Carpet area: 1560 sq.ft. (144.93 sq.m.),3,3,3+,5.0,North-East,New Property,1976.0,1900.0,1560.0,0,1,0,0,0,0,141,658.6666666666666
flat,godrej air,sector 85,1.4,10000.0,1400.0,Built Up area: 1400 (130.06 sq.m.)Carpet area: 900 sq.ft. (83.61 sq.m.),2,2,3,23.0,,Undefined,,1400.0,900.0,0,0,0,0,0,0,44,700.0
flat,dlf the skycourt,sector 86,1.5,9740.25974025974,1540.0,Super Built up area 1929(179.21 sq.m.)Built Up area: 1780 sq.ft. (165.37 sq.m.)Carpet area: 1540 sq.ft. (143.07 sq.m.),3,3,3+,18.0,West,Relatively New,1929.0,1780.0,1540.0,1,0,0,0,0,0,174,513.3333333333334
flat,rof ananda,sector 95,0.38,6921.67577413479,549.0,Carpet area: 549.17 (51.02 sq.m.),2,2,1,4.0,,New Property,,,549.174178,0,0,0,0,0,0,0,274.5
flat,signature global solera,sector 107,0.28,5725.971370143149,489.0,Carpet area: 489 (45.43 sq.m.),2,2,2,6.0,West,Relatively New,,,489.0,0,0,0,0,0,0,45,244.5
flat,raheja navodaya,sector 92,0.62,4806.201550387597,1290.0,Built Up area: 1498 (139.17 sq.m.)Carpet area: 1064 sq.ft. (98.85 sq.m.),2,2,2,5.0,,New Property,,1498.0,1064.0,0,0,0,0,0,0,0,645.0
flat,dlf the skycourt,sector 86,1.55,8035.2514256091235,1929.0,Super Built up area 1929(179.21 sq.m.)Built Up area: 1500 sq.ft. (139.35 sq.m.)Carpet area: 1300 sq.ft. (120.77 sq.m.),3,3,3+,12.0,North-East,Relatively New,1929.0,1500.0,1300.0,0,0,0,0,1,2,166,643.0
flat,vatika gurgaon,sector 83,0.85,8947.368421052632,950.0,Super Built up area 1245(115.66 sq.m.)Built Up area: 1100 sq.ft. (102.19 sq.m.)Carpet area: 950 sq.ft. (88.26 sq.m.),2,2,2,18.0,West,Moderately Old,1245.0,1100.0,950.0,0,0,0,1,0,1,119,475.0
flat,unitech vistas,sector 70,0.53,4800.724637681159,1104.0,Super Built up area 1095(101.73 sq.m.),2,2,2,9.0,,Undefined,1095.0,,,0,0,0,0,1,0,24,552.0
flat,ild grand,sector 37c,0.66,5038.167938931298,1310.0,Built Up area: 1310 (121.7 sq.m.),2,2,3+,14.0,,Undefined,,1310.0,,0,0,0,0,0,0,60,655.0
flat,tata primanti,sector 72,5.0,11363.636363636364,4400.0,Super Built up area 4400(408.77 sq.m.)Built Up area: 4000 sq.ft. (371.61 sq.m.)Carpet area: 3500 sq.ft. (325.16 sq.m.),4,4,3+,2.0,North-East,New Property,4400.0,4000.0,3500.0,1,1,1,0,0,1,174,1100.0
flat,smart world orchard,sector 61,1.6,13913.04347826087,1150.0,Carpet area: 1150 (106.84 sq.m.),2,2,2,4.0,,Under Construction,,,1150.0,0,0,0,0,0,0,16,575.0
flat,dlf the grove,sector 43,6.0,25000.0,2400.0,Carpet area: 2400 (222.97 sq.m.),4,4,2,1.0,South-West,Undefined,,,2400.0,0,1,0,0,0,1,49,600.0
flat,signature global park,sohna road,0.56,6812.652068126521,822.0,Carpet area: 822 (76.37 sq.m.),2,2,3,3.0,South,New Property,,,822.0,0,0,0,0,0,0,81,411.0
flat,tarc maceo,sector 91,0.9,6870.229007633588,1310.0,Super Built up area 1310(121.7 sq.m.),2,2,2,13.0,East,Relatively New,1310.0,,,0,0,0,0,0,2,67,655.0
flat,suncity heights,sector 54,3.25,14118.158123370982,2302.0,Carpet area: 2302 (213.86 sq.m.),3,3,3+,0.0,East,Old Property,,,2302.0,0,0,0,1,0,1,120,767.3333333333334
flat,smartworld 1dxp,sector 113,2.75,10589.14131690412,2597.0,Carpet area: 2597 (241.27 sq.m.),4,4,3+,20.0,East,Undefined,,,2597.0,1,1,0,1,0,2,57,649.25
flat,pioneer park,sector 61,3.6,12627.148368993336,2851.0,Super Built up area 2851(264.87 sq.m.),4,4,3,3.0,North,Moderately Old,2851.0,,,0,1,0,0,0,1,121,712.75
flat,hcbs sports ville,sohna road,0.2,4219.4092827004215,474.0,Built Up area: 473.99 (44.04 sq.m.),1,1,1,3.0,East,New Property,,474.042156,,0,0,0,0,0,0,71,474.0
flat,sbtl caladium,sector 109,1.35,7180.851063829788,1880.0,Super Built up area 1880(174.66 sq.m.)Carpet area: 1128 sq.ft. (104.79 sq.m.),3,2,3+,12.0,West,Relatively New,1880.0,,1128.0,0,0,0,0,0,0,128,626.6666666666666
house,independent,sector 4,0.8,11851.851851851852,675.0,Plot area 75(62.71 sq.m.),2,3,1,2.0,,Moderately Old,,75.0,,0,0,0,0,0,0,0,337.5
flat,ats kocoon,sector 109,1.7,12878.787878787878,1320.0,Super Built up area 1745(162.12 sq.m.)Built Up area: 1550 sq.ft. (144 sq.m.)Carpet area: 1320 sq.ft. (122.63 sq.m.),3,3,3,22.0,East,Relatively New,1745.0,1550.0,1320.0,0,0,0,0,0,0,103,440.0
house,independent,sector 9a,4.5,14285.714285714286,3150.0,Plot area 14(354.1 sq.m.),9,9,3+,3.0,,Relatively New,,14.0,,1,0,0,1,1,1,38,350.0
flat,experion the heartsong,sector 108,3.0,18393.623543838137,1631.0,Super Built up area 2779(258.18 sq.m.)Built Up area: 2204.25 sq.ft. (204.78 sq.m.)Carpet area: 1631.07 sq.ft. (151.53 sq.m.),4,5,3+,2.0,South-West,Relatively New,2779.0,2204.25,1631.07,0,1,0,0,0,2,149,407.75
house,independent,sector 43,6.5,35403.05010893246,1836.0,Plot area 215(179.77 sq.m.)Built Up area: 215 sq.yards (179.77 sq.m.),5,4,3+,3.0,South-East,Moderately Old,,215.0,,0,1,0,1,0,1,54,367.2
flat,signature global solera,sector 107,0.4,6644.518272425249,602.0,Super Built up area 602(55.93 sq.m.)Carpet area: 548 sq.ft. (50.91 sq.m.),2,2,1,7.0,,Relatively New,602.0,,548.0,0,0,0,0,0,1,55,301.0
flat,shapoorji pallonji joyville gurugram,sector 102,2.12,11447.08423326134,1852.0,Super Built up area 1852(172.06 sq.m.)Carpet area: 1320 sq.ft. (122.63 sq.m.),3,3,3,9.0,South-East,New Property,1852.0,,1320.0,0,0,0,0,0,0,109,617.3333333333334
flat,mvn athens,sohna road,0.25,5186.721991701244,482.0,Carpet area: 481.73 (44.75 sq.m.),2,2,1,3.0,East,Relatively New,,,481.684525,0,0,0,0,0,0,51,241.0
flat,sare crescent parc royal greens phase 1,sector 92,1.25,5832.944470368642,2143.0,Super Built up area 2143(199.09 sq.m.),4,4,3,20.0,East,Relatively New,2143.0,,,0,1,0,0,0,0,60,535.75
flat,godrej nature plus,sector 33,1.62,13977.566867989646,1159.0,Built Up area: 129.42 Carpet area: 107.7 sq.m.,3,4,3+,3.0,North,New Property,,129.42,107.7,0,1,0,0,0,0,100,386.3333333333333
house,ansal api esencia,sector 67,1.85,8222.222222222223,2250.0,Carpet area: 250 (23.23 sq.m.),3,3,3,1.0,,Undefined,,,250.0,0,0,0,0,0,0,49,750.0
flat,swarn jayanti cghs,sector 54,1.75,7608.695652173913,2300.0,Super Built up area 2300(213.68 sq.m.)Built Up area: 1900 sq.ft. (176.52 sq.m.)Carpet area: 1800 sq.ft. (167.23 sq.m.),4,3,3+,3.0,North-West,Old Property,2300.0,1900.0,1800.0,0,0,0,0,1,1,26,575.0
flat,vatika gurgaon,sector 83,1.08,6224.78386167147,1735.0,Super Built up area 1735(161.19 sq.m.),3,3,2,11.0,North-East,Relatively New,1735.0,,,0,0,0,0,1,0,19,578.3333333333334
flat,sare green parc,sector 92,0.75,4820.051413881748,1556.0,Built Up area: 1556 (144.56 sq.m.)Carpet area: 1261 sq.ft. (117.15 sq.m.),3,2,2,16.0,,Undefined,,1556.0,1261.0,0,0,0,0,0,0,0,518.6666666666666
flat,m3m merlin,sector 67,2.8,13671.875,2048.0,Super Built up area 2048(190.27 sq.m.),3,3,3,2.0,East,Relatively New,2048.0,,,0,0,1,0,0,2,174,682.6666666666666
flat,breez global heights,sohna road,0.26,6598.984771573604,394.0,Carpet area: 394 (36.6 sq.m.),1,1,1,6.0,,New Property,,,394.0,0,0,0,0,0,0,26,394.0
flat,paras quartier,gwal pahari,5.9,11028.03738317757,5350.0,Built Up area: 5350 (497.03 sq.m.),4,4,3+,0.0,,Moderately Old,,5350.0,,0,0,0,0,0,0,63,1337.5
house,bhim nagar society,sector 6,0.4,2500.0,1600.0,Built Up area: 1600 (148.64 sq.m.)Carpet area: 800 sq.ft. (74.32 sq.m.),4,2,2,1.0,East,Undefined,,1600.0,800.0,0,0,0,0,0,0,0,400.0
flat,karmyogi apartment,sector 10a,2.3,6466.123137475401,3557.0,Carpet area: 3556 (330.36 sq.m.),6,4,2,6.0,,Moderately Old,,,3556.0,0,0,0,0,0,0,0,592.8333333333334
flat,green campus chs,manesar,0.9,3935.286401399213,2287.0,Super Built up area 2287(212.47 sq.m.),3,3,3+,6.0,North-East,Moderately Old,2287.0,,,0,1,0,0,0,0,5,762.3333333333334
house,arjun marg/ sector- 26 phase- 1/ golf course road,sector 26,31.5,35000.0,9000.0,Plot area 1000(836.13 sq.m.),7,9,3+,3.0,North-East,Moderately Old,,1000.0,,1,1,1,1,0,2,74,1285.7142857142858
flat,central park flower valley,sector 33,2.3,12777.777777777777,1800.0,Carpet area: 1800 (167.23 sq.m.),4,4,3+,5.0,North-East,New Property,,,1800.0,0,1,0,1,0,0,42,450.0
flat,oriental valley chs,sector 9a,1.5,9090.90909090909,1650.0,Carpet area: 1650 (153.29 sq.m.),4,3,3+,8.0,,Relatively New,,,1650.0,0,0,0,0,0,1,8,412.5
flat,signature global park,sohna road,0.9,8035.714285714285,1120.0,Built Up area: 1120 (104.05 sq.m.),3,2,0,2.0,,Undefined,,1120.0,,0,0,0,0,0,0,58,373.3333333333333
flat,ss the leaf,sector 85,2.15,10924.796747967479,1968.0,Super Built up area 2812(261.24 sq.m.)Carpet area: 1968 sq.ft. (182.83 sq.m.),4,5,3+,6.0,South,Relatively New,2812.0,,1968.0,0,1,0,0,0,0,156,492.0
house,independent,sector 7,0.27,12000.0,225.0,Plot area 225(20.9 sq.m.),2,2,1,2.0,North-East,Moderately Old,,225.0,,0,0,0,0,0,0,12,112.5
flat,orris carnation residency,sector 85,1.1,6686.930091185411,1645.0,Super Built up area 1645(152.83 sq.m.)Carpet area: 1300 sq.ft. (120.77 sq.m.),3,4,3,6.0,East,Moderately Old,1645.0,,1300.0,0,1,0,0,0,2,65,548.3333333333334
house,independent,sector 105,1.3,11555.555555555555,1125.0,Plot area 1125(104.52 sq.m.),3,3,1,2.0,North,Moderately Old,,1125.0,,0,0,0,0,0,0,16,375.0
flat,sobha city,sector 108,2.4,17378.711078928314,1381.0,Super Built up area 1381(128.3 sq.m.),2,2,2,14.0,,New Property,1381.0,,,0,0,0,0,0,1,113,690.5
flat,gls arawali homes,sohna road,0.27,4599.659284497445,587.0,Super Built up area 576(53.51 sq.m.),2,2,2,5.0,,New Property,576.0,,,0,0,0,0,0,0,42,293.5
flat,ss,sector 85,1.98,8222.591362126246,2408.0,Super Built up area 2408(223.71 sq.m.)Built Up area: 2300 sq.ft. (213.68 sq.m.)Carpet area: 2200 sq.ft. (204.39 sq.m.),3,4,3,6.0,West,Relatively New,2408.0,2300.0,2200.0,0,0,0,0,0,0,42,802.6666666666666
house,vipul world,sector 48,3.35,5583.333333333333,6000.0,Built Up area: 6000 (557.42 sq.m.),6,5,3+,3.0,South,Undefined,,6000.0,,0,0,0,0,0,0,53,1000.0
house,unitech uniworld resorts,sector 33,9.5,19332.519332519332,4914.0,Plot area 546(50.73 sq.m.),6,6,3+,3.0,North-East,Moderately Old,,546.0,,0,0,0,0,0,1,40,819.0
flat,dlf new town heights,sector 86,1.25,6476.683937823835,1930.0,Super Built up area 1930(179.3 sq.m.),3,4,3+,2.0,South-West,Relatively New,1930.0,,,0,1,0,1,0,0,65,643.3333333333334
flat,indiabulls enigma,sector 110,4.1,10567.01030927835,3880.0,Super Built up area 3880(360.46 sq.m.)Built Up area: 3500 sq.ft. (325.16 sq.m.)Carpet area: 3000 sq.ft. (278.71 sq.m.),5,5,2,10.0,East,Relatively New,3880.0,3500.0,3000.0,0,1,0,0,0,0,159,776.0
flat,puri emerald bay,sector 104,1.58,9117.137911136757,1733.0,Super Built up area 1700(157.94 sq.m.),2,3,3,11.0,North-East,Relatively New,1700.0,,,0,1,0,0,0,0,101,866.5
flat,dlf regal gardens,sector 90,1.15,6325.632563256326,1818.0,Super Built up area 1818(168.9 sq.m.),3,3,3+,18.0,North-West,Relatively New,1818.0,,,0,0,0,1,0,1,130,606.0
flat,indiabulls centrum park,sector 103,1.34,7486.033519553072,1790.0,Super Built up area 1790(166.3 sq.m.)Carpet area: 1350 sq.ft. (125.42 sq.m.),3,3,3+,13.0,South-East,Relatively New,1790.0,,1350.0,1,0,0,0,0,0,93,596.6666666666666
flat,shri banke bihari society,sector 56,1.35,9642.857142857143,1400.0,Super Built up area 1500(139.35 sq.m.)Built Up area: 1450 sq.ft. (134.71 sq.m.)Carpet area: 1400 sq.ft. (130.06 sq.m.),3,3,3+,4.0,,Old Property,1500.0,1450.0,1400.0,0,0,0,0,1,1,174,466.6666666666667
house,ansal api esencia,sector 67,5.46,24169.986719787517,2259.0,Plot area 251(209.87 sq.m.),4,5,3+,2.0,East,Relatively New,,251.0,,1,0,1,1,0,1,103,564.75
house,independent,sector 43,2.1,4250.151791135398,4941.0,Plot area 61(51 sq.m.),10,10,3+,5.0,West,New Property,,61.0,,0,1,0,0,0,0,20,494.1
flat,trisara our homes 3,sohna road,0.4,6557.377049180328,610.0,Carpet area: 602 (55.93 sq.m.),2,2,1,0.0,South,New Property,,,602.0,0,0,0,0,0,1,90,305.0
flat,ats tourmaline,sector 109,2.95,9365.079365079366,3150.0,Super Built up area 3150(292.64 sq.m.),4,5,3+,10.0,North-East,Relatively New,3150.0,,,0,1,0,0,0,0,101,787.5
flat,hcbs sports ville,sohna road,0.29,3972.6027397260273,730.0,Built Up area: 743 (69.03 sq.m.)Carpet area: 519 sq.ft. (48.22 sq.m.),2,2,1,4.0,,Undefined,,743.0,519.0,0,0,0,0,0,0,0,365.0
flat,sare petioles,sector 92,1.25,6097.5609756097565,2050.0,Carpet area: 2050 (190.45 sq.m.),3,3,3,18.0,,Undefined,,,2050.0,0,1,0,0,0,0,44,683.3333333333334
flat,bptp terra,sector 37d,2.08,10000.0,2080.0,Super Built up area 2443(226.96 sq.m.),4,4,3,0.0,North-East,New Property,2443.0,,,1,1,0,1,0,0,121,520.0
flat,vatika city homes,sector 83,0.8,6060.606060606061,1320.0,Super Built up area 1320(122.63 sq.m.),2,2,2,8.0,East,Moderately Old,1320.0,,,0,0,1,0,0,0,22,660.0
house,emaar mgf marbella,sector 66,11.0,33950.61728395062,3240.0,Plot area 360(301.01 sq.m.),5,6,3+,2.0,North-East,New Property,,360.0,,1,1,1,1,0,1,153,648.0
flat,sobha city,sector 108,2.45,14040.114613180516,1745.0,Super Built up area 1745(162.12 sq.m.)Built Up area: 1460 sq.ft. (135.64 sq.m.)Carpet area: 1320 sq.ft. (122.63 sq.m.),3,3,3,15.0,West,Relatively New,1745.0,1460.0,1320.0,0,0,0,0,0,0,49,581.6666666666666
flat,experion windchants,sector 112,5.2,10726.072607260727,4848.0,Super Built up area 4848(450.39 sq.m.)Built Up area: 3655.35 sq.ft. (339.59 sq.m.)Carpet area: 3500 sq.ft. (325.16 sq.m.),4,6,3+,15.0,East,Relatively New,4848.0,3655.35,3500.0,0,1,0,1,0,1,174,1212.0
flat,tulip violet,sector 69,1.78,8855.721393034826,2010.0,Super Built up area 2010(186.74 sq.m.),4,4,2,10.0,North-East,Relatively New,2010.0,,,0,0,0,1,0,1,156,502.5
flat,m3m skywalk,sector 74,1.47,10953.800298062593,1342.0,Super Built up area 1415(131.46 sq.m.),2,2,3,26.0,,New Property,1415.0,,,0,0,0,0,0,1,31,671.0
flat,signature global park,sohna road,0.54,7248.322147651007,745.0,Carpet area: 745 (69.21 sq.m.),2,1,3,1.0,,New Property,,,745.0,0,0,0,0,0,0,65,372.5
flat,bestech park view grand spa,sector 81,4.7,6786.023678891135,6926.0,Super Built up area 6926(643.45 sq.m.),4,4,3+,19.0,North,Relatively New,6926.0,,,0,1,0,0,0,1,140,1731.5
flat,sare homes,sector 92,0.95,4250.559284116331,2235.0,Super Built up area 2000(185.81 sq.m.)Built Up area: 1983 sq.ft. (184.23 sq.m.)Carpet area: 1900 sq.ft. (176.52 sq.m.),4,3,2,16.0,East,New Property,2000.0,1983.0,1900.0,0,0,0,0,0,0,95,558.75
flat,the pearl apartmen,sector 15,0.43,5584.415584415585,770.0,Carpet area: 770 (71.54 sq.m.),2,2,1,2.0,,Relatively New,,,770.0,0,0,0,0,0,1,28,385.0
house,independent,sector 57,3.3,19097.222222222223,1728.0,Plot area 192(160.54 sq.m.),4,4,2,3.0,South-East,Moderately Old,,192.0,,0,0,1,0,0,1,60,432.0
house,independent,sector 43,2.5,2884.5044421368407,8667.0,Plot area 107(89.47 sq.m.),7,7,3,4.0,West,Relatively New,,107.0,,0,0,0,0,1,1,20,1238.142857142857
flat,raheja navodaya,sector 92,0.85,4271.356783919598,1990.0,Super Built up area 1990(184.88 sq.m.),3,3,3,2.0,North-West,Relatively New,1990.0,,,0,0,0,0,0,0,100,663.3333333333334
flat,emaar mgf emerald floors premier,sector 65,2.36,14303.030303030304,1650.0,Super Built up area 1650(153.29 sq.m.),3,3,3,0.0,North-East,Relatively New,1650.0,,,1,1,0,0,0,1,159,550.0
flat,dlf the skycourt,sector 86,1.55,8031.088082901554,1930.0,Super Built up area 1930(179.3 sq.m.)Built Up area: 1900 sq.ft. (176.52 sq.m.)Carpet area: 1350 sq.ft. (125.42 sq.m.),3,3,1,12.0,North-East,Relatively New,1930.0,1900.0,1350.0,0,0,0,1,0,1,153,643.3333333333334
house,unitech espace,sector 50,7.42,34351.851851851854,2160.0,Plot area 2160(200.67 sq.m.)Built Up area: 3200 sq.ft. (297.29 sq.m.),4,4,3,2.0,West,Old Property,,3200.0,,0,0,0,0,0,1,88,540.0
house,iffco nagar and 17b rwa,sector 17,2.98,20565.90752242926,1449.0,Plot area 161(134.62 sq.m.),2,6,3+,3.0,East,Relatively New,,161.0,,1,0,0,1,0,0,78,724.5
flat,ramson kshitij sec-95 gurugram,sector 95,0.27,2700.0,1000.0,Super Built up area 1000(92.9 sq.m.)Carpet area: 550 sq.ft. (51.1 sq.m.),2,2,0,1.0,West,Undefined,1000.0,,550.0,0,0,0,0,0,0,0,500.0
flat,ramsons kshitij,sector 95,0.3,3157.8947368421054,950.0,Built Up area: 950 (88.26 sq.m.)Carpet area: 552 sq.ft. (51.28 sq.m.),2,2,1,11.0,,Undefined,,950.0,552.0,0,0,0,0,0,0,0,475.0
house,independent,sector 9,1.25,8735.150244584207,1431.0,Plot area 159(132.94 sq.m.),3,6,3+,3.0,,Old Property,,159.0,,0,0,0,0,0,0,0,477.0
flat,m3m woodshire,sector 107,1.32,6330.935251798561,2085.0,Super Built up area 1943(180.51 sq.m.),3,3,3,10.0,East,Relatively New,1943.0,,,0,0,0,0,0,0,117,695.0
flat,sobha city,sector 108,3.95,16858.72812633376,2343.0,Super Built up area 2343(217.67 sq.m.)Carpet area: 1512 sq.ft. (140.47 sq.m.),3,4,2,15.0,West,Relatively New,2343.0,,1512.0,0,1,0,0,0,0,49,781.0
flat,godrej nature plus,sector 33,1.3,8349.389852280026,1557.0,Super Built up area 1557(144.65 sq.m.),3,2,3+,18.0,North,New Property,1557.0,,,0,0,0,0,0,0,38,519.0
flat,maruti vihar colony,sector 28,0.95,8886.810102899906,1069.0,Carpet area: 1069 (99.31 sq.m.),2,1,1,1.0,,Old Property,,,1069.0,0,0,0,0,0,0,59,534.5
flat,tulip violet,sector 69,1.7,8445.106805762543,2013.0,Super Built up area 2010(186.74 sq.m.),4,4,2,7.0,West,Relatively New,2010.0,,,0,0,0,0,0,0,128,503.25
flat,dlf new town heights,sector 91,1.8,7679.180887372014,2344.0,Carpet area: 2344 (217.76 sq.m.),4,4,3+,6.0,,Moderately Old,,,2344.0,0,1,0,1,0,0,81,586.0
flat,mrg world ultimus,sector 90,0.5,6983.2402234636875,716.0,Carpet area: 716 (66.52 sq.m.),2,2,2,1.0,North-East,Undefined,,,716.0,0,0,0,0,0,0,21,358.0
flat,pivotal riddhi siddhi,sector 99,0.4,4444.444444444444,900.0,Super Built up area 900(83.61 sq.m.)Carpet area: 587 sq.ft. (54.53 sq.m.),2,2,2,9.0,,New Property,900.0,,587.0,0,0,0,0,0,0,60,450.0
flat,antriksh heights,sector 84,1.05,5011.933174224344,2095.0,Super Built up area 2095(194.63 sq.m.),4,4,3+,3.0,North,New Property,2095.0,,,1,0,0,0,0,0,66,523.75
house,dlf floors phase 3,sector 24,3.51,12341.772151898735,2844.0,Plot area 316(264.22 sq.m.),4,4,3,4.0,East,Undefined,,316.0,,1,1,1,1,0,1,160,711.0
house,independent,sector 10a,4.25,17955.217574989438,2367.0,Built Up area: 2367 (219.9 sq.m.)Carpet area: 1800 sq.ft. (167.23 sq.m.),4,3,2,1.0,North-East,Undefined,,2367.0,1800.0,0,0,0,0,0,0,0,591.75
flat,orris aster court premier,sector 85,1.38,6509.433962264151,2120.0,Super Built up area 2120(196.95 sq.m.)Built Up area: 1616 sq.ft. (150.13 sq.m.),3,4,2,6.0,North-East,Relatively New,2120.0,1616.0,,0,1,0,0,0,0,76,706.6666666666666
flat,godrej,sector 79,1.28,8504.983388704319,1505.0,Super Built up area 1505(139.82 sq.m.),3,3,3,7.0,North-East,Relatively New,1505.0,,,0,0,0,0,0,0,158,501.6666666666667
flat,mvn athens,sohna road,0.25,3671.071953010279,681.0,Built Up area: 681 (63.27 sq.m.)Carpet area: 581 sq.ft. (53.98 sq.m.),2,2,1,11.0,,Relatively New,,681.0,581.0,0,0,0,0,0,1,67,340.5
flat,emaar mgf the palm drive,sector 66,3.45,15681.818181818182,2200.0,Super Built up area 2200(204.39 sq.m.)Built Up area: 2000 sq.ft. (185.81 sq.m.)Carpet area: 1800 sq.ft. (167.23 sq.m.),3,4,3,6.0,East,Relatively New,2200.0,2000.0,1800.0,0,1,0,0,0,1,95,733.3333333333334
house,grover homes sec 4,sector 4,4.75,9374.38326425893,5067.0,Plot area 563(470.74 sq.m.),5,5,1,1.0,South-East,Old Property,,563.0,,1,1,0,1,0,1,35,1013.4
flat,puri emerald bay,sector 104,2.49,10163.265306122448,2450.0,Super Built up area 2450(227.61 sq.m.),3,3,3+,14.0,South,Relatively New,2450.0,,,0,1,0,0,0,1,129,816.6666666666666
flat,signature global park,sohna road,0.78,6403.940886699507,1218.0,Carpet area: 1210 (112.41 sq.m.),3,3,3,1.0,South-East,Relatively New,,,1210.0,0,0,0,1,0,0,150,406.0
flat,suncity vatsal valley,gwal pahari,1.38,12212.389380530973,1130.0,Built Up area: 1130 (104.98 sq.m.),2,2,2,4.0,East,Under Construction,,1130.0,,0,0,0,0,0,0,133,565.0
flat,tata primanti,sector 72,5.25,15648.286140089418,3355.0,Super Built up area 3355(311.69 sq.m.)Built Up area: 3000 sq.ft. (278.71 sq.m.)Carpet area: 2800 sq.ft. (260.13 sq.m.),4,4,3+,30.0,North-East,New Property,3355.0,3000.0,2800.0,0,1,0,0,0,1,174,838.75
house,smart world orchard,sector 61,2.01,13001.293661060801,1546.0,Plot area 1549(143.91 sq.m.),3,3,3,4.0,North,Undefined,,1549.0,,0,0,0,0,0,0,145,515.3333333333334
house,independent,sector 17,3.5,24305.555555555555,1440.0,Built Up area: 160 (14.86 sq.m.),2,6,3+,3.0,North-West,Undefined,,160.0,,0,0,0,0,0,0,0,720.0
flat,godrej nature plus,sector 33,1.25,9025.270758122744,1385.0,Carpet area: 1385 (128.67 sq.m.),2,2,3+,15.0,,Under Construction,,,1385.0,0,0,0,0,0,0,44,692.5
house,house number b-34,sector 5,0.8,8888.888888888889,900.0,Plot area 900(83.61 sq.m.)Built Up area: 900 sq.ft. (83.61 sq.m.),2,2,1,1.0,,Old Property,,900.0,,0,0,0,0,0,0,0,450.0
flat,maxworth city residences,sector 10a,0.9,7081.038552321007,1271.0,Super Built up area 1200(111.48 sq.m.),2,2,3,9.0,East,New Property,1200.0,,,0,0,0,0,1,0,52,635.5
flat,dlf the primus,sector 82a,3.5,13430.54489639294,2606.0,Carpet area: 2606 (242.11 sq.m.),5,5,3+,14.0,North-East,Relatively New,,,2606.0,1,0,0,0,0,2,49,521.2
flat,emaar gurgaon greens,sector 102,1.4,8484.848484848484,1650.0,Super Built up area 1650(153.29 sq.m.)Built Up area: 1300 sq.ft. (120.77 sq.m.)Carpet area: 1022.58 sq.ft. (95 sq.m.),3,3,3,10.0,East,Relatively New,1650.0,1300.0,1022.58,0,1,0,0,0,0,46,550.0
house,independent,sector 31,3.25,22429.26155969634,1449.0,Plot area 161(134.62 sq.m.),4,4,3+,3.0,,Moderately Old,,161.0,,1,1,1,1,0,1,29,362.25
flat,bptp terra,sector 37d,1.98,9036.969420356001,2191.0,Super Built up area 2191(203.55 sq.m.),3,3,3+,12.0,North-East,New Property,2191.0,,,1,0,0,0,0,1,49,730.3333333333334
flat,tulip violet,sector 69,1.6,10139.416983523448,1578.0,Super Built up area 1578(146.6 sq.m.),3,3,2,0.0,North-West,Relatively New,1578.0,,,0,0,0,1,0,0,166,526.0
house,not applicable,sector 11,2.2,12222.222222222223,1800.0,Plot area 1800(167.23 sq.m.),4,3,2,1.0,South,Old Property,,1800.0,,1,0,0,1,0,0,24,450.0
flat,ss the leaf,sector 85,1.15,11966.701352757544,961.0,Super Built up area 1741(161.74 sq.m.)Built Up area: 1263 sq.ft. (117.34 sq.m.)Carpet area: 961 sq.ft. (89.28 sq.m.),2,2,3,20.0,North-East,Relatively New,1741.0,1263.0,961.0,0,0,0,1,0,0,107,480.5
flat,signature global park,sohna road,0.55,7352.941176470588,748.0,Carpet area: 745 (69.21 sq.m.),2,2,3,4.0,East,New Property,,,745.0,0,0,0,0,0,0,80,374.0
flat,ramsons kshitij,sector 95,0.29,5178.571428571428,560.0,Super Built up area 560(52.03 sq.m.),2,2,2,14.0,,Relatively New,560.0,,,0,0,0,0,0,0,50,280.0
flat,experion windchants,sector 112,2.8,11470.708725931994,2441.0,Super Built up area 2441(226.78 sq.m.)Built Up area: 1939.03 sq.ft. (180.14 sq.m.)Carpet area: 1800 sq.ft. (167.23 sq.m.),2,3,2,9.0,South-East,Relatively New,2441.0,1939.03,1800.0,1,1,0,0,0,0,137,1220.5
flat,m3m golfestate,sector 65,13.2,12000.0,11000.0,Carpet area: 11000 (1021.93 sq.m.),4,4,3,13.0,North,Moderately Old,,,11000.0,0,1,0,0,0,0,60,2750.0
flat,m3m skycity,sector 65,2.85,15590.809628008752,1828.0,Super Built up area 1828(169.83 sq.m.),3,3,3,43.0,South,Undefined,1828.0,,,0,0,0,0,0,0,115,609.3333333333334
flat,mapsko casa bella,sector 82,3.0,6133.714986710284,4891.0,Super Built up area 4890(454.3 sq.m.),4,6,3+,25.0,West,Relatively New,4890.0,,,0,1,0,1,0,1,119,1222.75
flat,emaar mgf emerald floors premier,sector 65,2.8,16969.696969696968,1650.0,Super Built up area 1650(153.29 sq.m.),3,3,2,3.0,East,Relatively New,1650.0,,,0,1,0,0,0,0,105,550.0
house,international city by sobha phase 2,sector 109,8.75,24305.555555555555,3600.0,Plot area 400(334.45 sq.m.),5,5,3+,3.0,North-East,New Property,,400.0,,1,1,1,1,0,1,153,720.0
flat,la vida by tata housing,sector 113,1.45,11363.636363636364,1276.0,Super Built up area 1276(118.54 sq.m.)Carpet area: 904.01 sq.ft. (83.99 sq.m.),2,2,2,6.0,South,Relatively New,1276.0,,904.01,0,0,0,0,0,0,80,638.0
house,dlf city phase 1,sector 26,3.25,3681.0510816627025,8829.0,Plot area 109(91.14 sq.m.),3,3,3,2.0,West,Old Property,,109.0,,1,0,0,0,0,0,79,2943.0
house,international city by sobha phase 1,sector 109,5.5,21602.513747054203,2546.0,Plot area 270(225.75 sq.m.),4,4,3+,2.0,North-East,New Property,,270.0,,0,1,0,0,0,0,61,636.5
flat,tulip purple,sector 69,1.92,8000.0,2400.0,Super Built up area 2400(222.97 sq.m.),4,5,3+,5.0,East,Relatively New,2400.0,,,0,1,0,0,0,1,158,600.0
house,ss aaron ville,sector 49,6.75,19736.842105263157,3420.0,Plot area 380(317.73 sq.m.),5,4,2,2.0,North,Old Property,,380.0,,1,1,1,0,0,0,78,684.0
flat,vatika emilia floors,sector 83,0.6,5714.285714285715,1050.0,Super Built up area 1050(97.55 sq.m.)Built Up area: 990 sq.ft. (91.97 sq.m.)Carpet area: 950 sq.ft. (88.26 sq.m.),2,2,2,1.0,South,Relatively New,1050.0,990.0,950.0,0,0,0,0,0,1,167,525.0
flat,sagar apartment,sector 56,1.45,7250.0,2000.0,Super Built up area 2000(185.81 sq.m.)Built Up area: 1900 sq.ft. (176.52 sq.m.)Carpet area: 1800 sq.ft. (167.23 sq.m.),3,3,3+,7.0,South,Old Property,2000.0,1900.0,1800.0,1,1,0,1,1,0,166,666.6666666666666
house,uppal southend,sector 49,3.75,25562.37218813906,1467.0,Built Up area: 163 (136.29 sq.m.),2,6,3+,3.0,East,Moderately Old,,163.0,,1,0,0,0,0,1,26,733.5
flat,antriksh heights,sector 84,0.9,4444.444444444444,2025.0,Super Built up area 2025(188.13 sq.m.),3,3,3,18.0,,Relatively New,2025.0,,,0,1,0,1,0,0,59,675.0
flat,paras dews,sector 106,1.14,6000.0,1900.0,Super Built up area 1900(176.52 sq.m.)Built Up area: 1305 sq.ft. (121.24 sq.m.)Carpet area: 1173 sq.ft. (108.98 sq.m.),3,4,3,8.0,South,Relatively New,1900.0,1305.0,1173.0,1,1,0,0,0,0,49,633.3333333333334
house,independent,sector 24,1.45,2983.5390946502057,4860.0,Plot area 60(50.17 sq.m.),3,3,1,,,Old Property,,60.0,,0,0,0,0,0,0,9,1620.0
flat,smart world gems,sector 89,1.16,10497.737556561086,1105.0,Super Built up area 1103(102.47 sq.m.),3,2,3,1.0,,New Property,1103.0,,,1,0,0,0,0,0,49,368.3333333333333
house,independent,sector 46,4.35,23692.81045751634,1836.0,Plot area 204(170.57 sq.m.),3,8,2,3.0,North-East,Relatively New,,204.0,,1,0,0,1,0,1,19,612.0
flat,tulsiani easy in homes,sohna road,0.4,7920.792079207921,505.0,Carpet area: 505 (46.92 sq.m.),2,2,3,9.0,,Under Construction,,,505.0,0,0,0,0,0,0,36,252.5
flat,mapsko casa bella,sector 82,1.3,6378.802747791953,2038.0,Super Built up area 1960(182.09 sq.m.),4,4,3+,1.0,North,Relatively New,1960.0,,,0,1,0,0,0,0,130,509.5
flat,emaar gurgaon greens,sector 102,1.4,13685.239491691105,1023.0,Super Built up area 1650(153.29 sq.m.)Carpet area: 1022.58 sq.ft. (95 sq.m.),3,3,3,7.0,East,Relatively New,1650.0,,1022.58,0,1,0,0,0,0,67,341.0
flat,signature global the millennia 3,sector 37d,0.5,7142.857142857143,700.0,Carpet area: 700 (65.03 sq.m.),3,3,2,2.0,,Undefined,,,700.0,0,0,0,0,0,0,31,233.33333333333334
flat,zara aavaas,sector 104,0.65,8519.003931847968,763.0,Carpet area: 763 (70.89 sq.m.),3,2,2,7.0,,New Property,,,763.0,0,0,0,0,0,0,65,254.33333333333334
house,sector 38 rwa,sector 38,4.3,28781.793842034807,1494.0,Plot area 166(138.8 sq.m.)Built Up area: 165 sq.yards (137.96 sq.m.)Carpet area: 164 sq.yards (137.12 sq.m.),3,9,3+,3.0,East,Relatively New,,165.0,164.0,0,0,0,1,1,1,41,498.0
flat,sobha city,sector 108,3.95,16858.72812633376,2343.0,Built Up area: 2343 (217.67 sq.m.)Carpet area: 2300 sq.ft. (213.68 sq.m.),4,5,3,25.0,,Undefined,,2343.0,2300.0,0,0,0,0,0,0,59,585.75
flat,parsvnath green ville,sector 48,3.3,9984.871406959153,3305.0,Super Built up area 3905(362.79 sq.m.)Built Up area: 3305 sq.ft. (307.04 sq.m.),5,5,3+,4.0,,Old Property,3905.0,3305.0,,0,1,0,0,0,0,71,661.0
flat,m3m skycity,sector 65,2.8,15317.286652078774,1828.0,Built Up area: 1828 (169.83 sq.m.),3,3,0,14.0,,Undefined,,1828.0,,0,0,0,0,0,0,39,609.3333333333334
flat,emaar mgf the palm drive,sector 66,2.85,14615.384615384615,1950.0,Super Built up area 1950(181.16 sq.m.)Built Up area: 1920 sq.ft. (178.37 sq.m.)Carpet area: 1550 sq.ft. (144 sq.m.),3,3,3,11.0,North-East,Relatively New,1950.0,1920.0,1550.0,1,0,0,0,0,1,67,650.0
house,independent,sector 26,16.0,35555.555555555555,4500.0,Plot area 500(418.06 sq.m.),5,6,3,2.0,North-East,Old Property,,500.0,,0,0,0,0,0,0,0,900.0
house,independent,sector 2,0.4,7619.047619047619,525.0,Carpet area: 525 (48.77 sq.m.),2,2,1,1.0,,Relatively New,,,525.0,0,0,0,0,0,0,0,262.5
flat,bptp astaire gardens,sector 70a,0.97,6585.2002715546505,1473.0,Super Built up area 1480(137.5 sq.m.),3,3,3+,1.0,West,Relatively New,1480.0,,,0,0,0,0,1,0,149,491.0
house,independent,sector 11,0.95,7307.692307692308,1300.0,Built Up area: 1300 (120.77 sq.m.),5,3,0,1.0,,Undefined,,1300.0,,0,0,0,0,0,0,0,260.0
flat,ansal estella,sector 103,1.5,8670.520231213874,1730.0,Super Built up area 1730(160.72 sq.m.)Carpet area: 1725 sq.ft. (160.26 sq.m.),3,3,3+,6.0,,Under Construction,1730.0,,1725.0,0,0,0,0,0,0,58,576.6666666666666
flat,mvn athens,sohna road,0.21,4666.666666666667,450.0,Carpet area: 450 (41.81 sq.m.),1,1,1,11.0,,New Property,,,450.0,0,0,0,0,0,0,16,450.0
flat,sare green parc 2,sector 92,0.75,4743.833017077799,1581.0,Super Built up area 1454(135.08 sq.m.)Built Up area: 1415 sq.ft. (131.46 sq.m.)Carpet area: 1350 sq.ft. (125.42 sq.m.),3,3,3,2.0,East,Relatively New,1454.0,1415.0,1350.0,0,0,0,0,1,1,49,527.0
flat,tulip violet,sector 69,1.37,8907.672301690507,1538.0,Super Built up area 1538(142.88 sq.m.),3,3,1,12.0,North-East,Relatively New,1538.0,,,0,0,0,0,0,0,116,512.6666666666666
house,independent,sector 26,7.0,39259.67470555244,1783.0,Plot area 1782.72(165.62 sq.m.),5,5,2,3.0,North-East,Relatively New,,1782.72,,0,1,0,0,0,0,9,356.6
flat,supertech new soft launch,sector 68,0.84,7118.64406779661,1180.0,Built Up area: 1180 (109.63 sq.m.),2,2,2,7.0,East,Undefined,,1180.0,,0,0,0,0,0,0,0,590.0
flat,emaar mgf the palm drive,sector 66,2.99,14950.0,2000.0,Super Built up area 2000(185.81 sq.m.)Built Up area: 1800 sq.ft. (167.23 sq.m.)Carpet area: 1500 sq.ft. (139.35 sq.m.),3,3,3,7.0,East,Relatively New,2000.0,1800.0,1500.0,0,1,0,0,0,1,49,666.6666666666666
flat,kamal residence,sohna road,0.4,7633.587786259542,524.0,Carpet area: 524 (48.68 sq.m.),2,2,1,0.0,North-East,New Property,,,524.0,0,0,0,0,1,1,16,262.0
flat,maruti kunj,sector 11,0.8,5161.290322580645,1550.0,Super Built up area 1550(144 sq.m.),3,2,0,0.0,,Old Property,1550.0,,,0,0,0,0,0,0,8,516.6666666666666
flat,m3m skywalk,sector 74,2.45,12140.733399405352,2018.0,Super Built up area 2018(187.48 sq.m.)Built Up area: 1800 sq.ft. (167.23 sq.m.)Carpet area: 1614 sq.ft. (149.95 sq.m.),3,3,3+,25.0,South-West,Relatively New,2018.0,1800.0,1614.0,1,0,0,0,0,0,137,672.6666666666666
flat,pareena mi casa,sector 68,1.15,9236.947791164659,1245.0,Super Built up area 1245(115.66 sq.m.),2,2,3,8.0,East,New Property,1245.0,,,0,0,0,0,0,0,49,622.5
flat,indiabulls enigma,sector 110,3.3,9850.746268656716,3350.0,Super Built up area 3350(311.23 sq.m.),4,5,3,7.0,East,Relatively New,3350.0,,,0,1,0,0,0,0,101,837.5
house,independent,sector 57,4.75,28787.878787878788,1650.0,Plot area 1600(148.64 sq.m.)Built Up area: 1700 sq.ft. (157.94 sq.m.)Carpet area: 1650 sq.ft. (153.29 sq.m.),3,3,3,2.0,North-West,Moderately Old,,1700.0,1650.0,0,0,1,0,0,1,96,550.0
flat,g l s arawali homes,sohna road,0.26,4513.888888888889,576.0,Super Built up area 576(53.51 sq.m.),2,2,2,1.0,,Moderately Old,576.0,,,0,0,0,0,0,0,0,288.0
house,independent,sector 26,6.0,33333.333333333336,1800.0,Plot area 200(167.23 sq.m.),3,5,3+,3.0,,Old Property,,200.0,,0,0,0,0,0,1,9,600.0
house,prem kunj,sohna road road,0.5,7407.407407407408,675.0,Plot area 675(62.71 sq.m.)Built Up area: 725 sq.ft. (67.35 sq.m.)Carpet area: 675 sq.ft. (62.71 sq.m.),2,4,3,3.0,South-West,Relatively New,,725.0,675.0,0,0,0,1,0,0,22,337.5
flat,bhagwati sadan,sector 12,1.15,5499.760879961741,2091.0,Built Up area: 2000 (185.81 sq.m.),3,4,2,2.0,,Old Property,,2000.0,,0,1,0,0,1,0,0,697.0
flat,kashish manor one,sector 111,1.65,7096.774193548387,2325.0,Super Built up area 2325(216 sq.m.),3,4,3+,14.0,,Under Construction,2325.0,,,0,1,0,0,1,0,8,775.0
flat,shapoorji pallonji joyville gurugram,sector 102,1.8,10638.297872340425,1692.0,Super Built up area 1692(157.19 sq.m.),3,3,3,5.0,North,Relatively New,1692.0,,,0,0,0,0,0,0,49,564.0
flat,tata primanti,sector 72,4.25,13076.923076923076,3250.0,Super Built up area 3250(301.93 sq.m.),4,4,3+,0.0,North,Relatively New,3250.0,,,0,1,0,0,0,1,174,812.5
flat,cghs airport apartment,sector 47,1.65,7857.142857142857,2100.0,Super Built up area 2100(195.1 sq.m.)Carpet area: 1720 sq.ft. (159.79 sq.m.),3,3,3,1.0,North-East,Old Property,2100.0,,1720.0,0,0,0,0,1,1,136,700.0
flat,breez global hill view,sohna road,2.6,5214.600882470919,4986.0,Carpet area: 554.16 (51.48 sq.m.),2,2,2,6.0,,New Property,,,554.1255719999999,0,0,0,0,0,0,42,2493.0
flat,ats kocoon,sector 109,2.2,10022.779043280183,2195.0,Super Built up area 2095(194.63 sq.m.)Built Up area: 1860 sq.ft. (172.8 sq.m.),3,4,3,8.0,North-East,Relatively New,2095.0,1860.0,,0,1,0,0,0,0,156,731.6666666666666
flat,corona optus,sector 37c,1.43,7185.929648241206,1990.0,Super Built up area 1990(184.88 sq.m.)Carpet area: 1680 sq.ft. (156.08 sq.m.),3,3,3+,2.0,North,Relatively New,1990.0,,1680.0,0,1,0,0,1,0,49,663.3333333333334
flat,experion windchants,sector 112,6.5,10416.666666666666,6240.0,Built Up area: 4800 (445.93 sq.m.),4,5,3,11.0,South,Relatively New,,4800.0,,0,0,0,0,0,0,55,1560.0
flat,vatika lifestyle homes,sector 83,1.05,5982.9059829059825,1755.0,Super Built up area 1755(163.04 sq.m.),3,3,2,14.0,South-West,Relatively New,1755.0,,,1,1,1,1,0,1,174,585.0
house,independent,sector 11,0.44,4251.207729468599,1035.0,Carpet area: 115 (96.15 sq.m.),3,2,1,1.0,,Relatively New,,,115.0,0,0,0,1,1,0,46,345.0
flat,godrej oasis,sector 88a,1.4,7567.5675675675675,1850.0,Super Built up area 1850(171.87 sq.m.),3,3,3+,4.0,East,Relatively New,1850.0,,,0,0,0,0,0,1,38,616.6666666666666
flat,signature global park 4,sector 36,0.72,6660.49953746531,1081.0,Super Built up area 1081(100.43 sq.m.),3,2,3,3.0,,Under Construction,1081.0,,,0,0,0,0,0,0,0,360.3333333333333
flat,dlf the ultima,sector 81,3.5,11686.143572621035,2995.0,Super Built up area 2995(278.24 sq.m.)Carpet area: 2200 sq.ft. (204.39 sq.m.),4,5,3+,7.0,North-East,Relatively New,2995.0,,2200.0,0,1,0,0,0,2,174,748.75
flat,emaar mgf the palm drive,sector 66,3.5,16470.58823529412,2125.0,Super Built up area 2200(204.39 sq.m.)Built Up area: 2150 sq.ft. (199.74 sq.m.)Carpet area: 2125 sq.ft. (197.42 sq.m.),3,4,3,6.0,North,Relatively New,2200.0,2150.0,2125.0,0,1,0,0,0,0,68,708.3333333333334
flat,ansal housing highland park,sector 103,0.8,5878.030859662013,1361.0,Built Up area: 1361 (126.44 sq.m.)Carpet area: 1300 sq.ft. (120.77 sq.m.),2,2,2,9.0,South-East,Undefined,,1361.0,1300.0,0,0,0,0,0,0,0,680.5
flat,tarc maceo,sector 91,1.9,6975.03671071953,2724.0,Super Built up area 2724(253.07 sq.m.),4,4,3,9.0,North,Relatively New,2724.0,,,0,1,0,0,0,0,120,681.0
flat,prime habitat,sector 99a,0.27,6053.811659192825,446.0,Carpet area: 448 (41.62 sq.m.),2,2,1,10.0,South,Relatively New,,,448.0,0,0,0,0,0,0,67,223.0
flat,eldeco accolade,sohna road,0.71,4906.703524533517,1447.0,Super Built up area 1457(135.36 sq.m.)Carpet area: 849 sq.ft. (78.87 sq.m.),2,2,3+,10.0,North-East,Relatively New,1457.0,,849.0,1,0,0,0,0,0,49,723.5
flat,birla navya,sector 63a,2.2,17488.076311605724,1258.0,Super Built up area 1258(116.87 sq.m.)Carpet area: 770 sq.ft. (71.54 sq.m.),2,3,3+,4.0,,Undefined,1258.0,,770.0,0,0,0,0,0,0,60,629.0
flat,experion windchants,sector 112,3.65,12310.286677908938,2965.0,Super Built up area 2802(260.31 sq.m.)Built Up area: 2225.56 sq.ft. (206.76 sq.m.),3,4,3+,14.0,South,Relatively New,2802.0,2225.56,,0,1,0,0,0,1,150,988.3333333333334
house,independent,sector 27,8.0,26298.487836949374,3042.0,Plot area 338(282.61 sq.m.),9,9,3,4.0,North-East,Relatively New,,338.0,,1,1,1,1,0,2,110,338.0
flat,sare homes,sector 92,0.5,4237.28813559322,1180.0,Super Built up area 1180(109.63 sq.m.),3,3,2,1.0,North,Relatively New,1180.0,,,0,0,0,0,0,0,26,393.3333333333333
flat,m3m soulitude,sector 89,1.25,8784.258608573437,1423.0,Built Up area: 1423 (132.2 sq.m.)Carpet area: 1190 sq.ft. (110.55 sq.m.),3,3,0,4.0,,Undefined,,1423.0,1190.0,0,0,0,0,0,0,61,474.3333333333333
flat,dlf the skycourt,sector 86,1.72,8916.537065837221,1929.0,Super Built up area 1929(179.21 sq.m.),3,3,1,8.0,North,Relatively New,1929.0,,,0,0,0,0,1,1,49,643.0
flat,tulip violet,sector 69,1.7,10773.130544993663,1578.0,Super Built up area 1578(146.6 sq.m.),3,3,2,0.0,South-East,Relatively New,1578.0,,,0,0,0,1,0,0,49,526.0
house,independent,sector 67,3.0,11904.761904761905,2520.0,Carpet area: 2520 (234.12 sq.m.),4,4,0,3.0,North-East,Undefined,,,2520.0,0,0,0,0,0,0,0,630.0
flat,vatika seven elements,sector 89,1.6,8163.265306122449,1960.0,Super Built up area 1960(182.09 sq.m.),3,3,3,5.0,,New Property,1960.0,,,0,0,0,0,0,0,58,653.3333333333334
flat,corona optus,sector 37c,1.44,7236.180904522613,1990.0,Super Built up area 1990(184.88 sq.m.)Carpet area: 1600 sq.ft. (148.64 sq.m.),3,3,3+,2.0,North-West,Relatively New,1990.0,,1600.0,1,1,0,0,1,0,49,663.3333333333334
flat,dlf the ultima,sector 81,2.45,11491.55722326454,2132.0,Super Built up area 2132(198.07 sq.m.)Built Up area: 1800 sq.ft. (167.23 sq.m.)Carpet area: 1500 sq.ft. (139.35 sq.m.),3,3,2,9.0,South-East,Relatively New,2132.0,1800.0,1500.0,0,1,0,0,0,1,174,710.6666666666666
flat,pivotal devaan,sector 84,0.27,7964.601769911505,339.0,Super Built up area 439(40.78 sq.m.)Carpet area: 339 sq.ft. (31.49 sq.m.),1,1,1,13.0,North-East,Relatively New,439.0,,339.0,0,0,0,0,0,2,45,339.0
flat,signature global the millennia,sector 37d,0.65,10906.040268456376,596.0,Super Built up area 650(60.39 sq.m.)Carpet area: 596 sq.ft. (55.37 sq.m.),2,2,3,0.0,,New Property,650.0,,596.0,0,0,0,0,0,0,40,298.0
flat,m3m heights,sector 65,2.01,13498.992612491606,1489.0,Super Built up area 1516(140.84 sq.m.)Carpet area: 1433 sq.ft. (133.13 sq.m.),2,2,3,8.0,North-East,New Property,1516.0,,1433.0,1,0,0,0,0,0,44,744.5
house,independent,sector 8,0.32,7111.111111111111,450.0,Built Up area: 450 (41.81 sq.m.)Carpet area: 300 sq.ft. (27.87 sq.m.),2,3,1,1.0,North-East,Relatively New,,450.0,300.0,0,0,0,0,0,0,0,225.0
house,independent,sector 26,19.0,42222.22222222222,4500.0,Plot area 500(418.06 sq.m.),6,8,3+,3.0,East,Moderately Old,,500.0,,1,1,1,1,0,1,103,750.0
house,sushant lok 1 builder floors,sector 43,1.65,3395.061728395062,4860.0,Plot area 60(50.17 sq.m.)Built Up area: 540 sq.yards (451.51 sq.m.)Carpet area: 500 sq.yards (418.06 sq.m.),4,4,3+,4.0,West,Moderately Old,,540.0,500.0,0,0,0,0,1,2,49,1215.0
flat,ss the leaf,sector 85,2.0,8305.647840531561,2408.0,Super Built up area 2408(223.71 sq.m.),3,4,3,8.0,East,Relatively New,2408.0,,,0,1,0,0,0,0,21,802.6666666666666
flat,bestech park view sanskruti,sector 92,1.55,7769.423558897243,1995.0,Super Built up area 1995(185.34 sq.m.),3,4,3,8.0,North,Relatively New,1995.0,,,0,1,0,0,0,0,49,665.0
house,ardee city,sector 52,5.5,20370.37037037037,2700.0,Plot area 300(27.87 sq.m.),9,9,3+,3.0,South,Moderately Old,,300.0,,0,1,0,1,1,1,26,300.0
flat,ats kocoon,sector 109,1.68,9627.507163323782,1745.0,Super Built up area 1745(162.12 sq.m.),3,3,3,8.0,North-East,Relatively New,1745.0,,,0,0,0,0,0,0,142,581.6666666666666
flat,bestech altura,sector 79,1.85,8604.651162790698,2150.0,Super Built up area 2150(199.74 sq.m.)Built Up area: 1650 sq.ft. (153.29 sq.m.)Carpet area: 1350 sq.ft. (125.42 sq.m.),3,3,3,7.0,,New Property,2150.0,1650.0,1350.0,0,1,0,0,0,0,53,716.6666666666666
flat,ss the leaf,sector 85,1.05,6402.4390243902435,1640.0,Super Built up area 1640(152.36 sq.m.),2,2,3,6.0,North-East,Relatively New,1640.0,,,0,0,0,0,1,0,49,820.0
flat,ramprastha skyz,sector 37d,1.1,6376.811594202899,1725.0,Super Built up area 1725(160.26 sq.m.),3,3,3+,7.0,East,Undefined,1725.0,,,0,0,0,0,0,0,109,575.0
flat,umang monsoon breeze,sector 78,0.7,5718.954248366013,1224.0,Built Up area: 1224 (113.71 sq.m.),2,2,2,5.0,,Undefined,,1224.0,,0,0,0,0,0,0,0,612.0
flat,ansal housing highland park,sector 103,0.8,5878.030859662013,1361.0,Super Built up area 1361(126.44 sq.m.)Built Up area: 1089 sq.ft. (101.17 sq.m.)Carpet area: 705 sq.ft. (65.5 sq.m.),2,2,3,3.0,East,New Property,1361.0,1089.0,705.0,0,0,0,1,0,0,174,680.5
flat,shree vardhman victoria,sector 70,1.65,8461.538461538461,1950.0,Carpet area: 1950 (181.16 sq.m.),3,3,2,6.0,North-West,Relatively New,,,1950.0,1,0,0,0,0,0,72,650.0
flat,breez global hill view,sohna road,0.32,5470.08547008547,585.0,Built Up area: 1000 (92.9 sq.m.)Carpet area: 585 sq.ft. (54.35 sq.m.),2,2,1,17.0,,New Property,,1000.0,585.0,0,0,0,0,0,0,49,292.5
flat,gls arawali homes,sohna road,0.28,4307.692307692308,650.0,Super Built up area 650(60.39 sq.m.),2,2,2,12.0,,New Property,650.0,,,0,0,0,0,0,0,0,325.0
flat,eldeco accolade,sohna road,1.14,6529.209621993127,1746.0,Super Built up area 1751(162.67 sq.m.)Carpet area: 1062 sq.ft. (98.66 sq.m.),3,3,3+,4.0,East,Relatively New,1751.0,,1062.0,0,0,0,0,0,0,157,582.0
flat,signature global park 4,sector 36,0.85,11333.333333333334,750.0,Carpet area: 750 (69.68 sq.m.),3,2,3,1.0,,New Property,,,750.0,0,0,0,0,0,0,33,250.0
flat,m3m woodshire,sector 107,0.9,6588.579795021962,1366.0,Super Built up area 1366(126.91 sq.m.),2,2,3+,10.0,,Relatively New,1366.0,,,0,0,0,0,1,1,49,683.0
flat,shapoorji pallonji joyville,sector 102,1.1,12021.857923497268,915.0,Built Up area: 915 (85.01 sq.m.)Carpet area: 700 sq.ft. (65.03 sq.m.),2,2,1,7.0,,Undefined,,915.0,700.0,0,0,0,0,0,0,0,457.5
flat,paras dews,sector 106,1.17,6647.727272727273,1760.0,Super Built up area 1760(163.51 sq.m.)Built Up area: 1186 sq.ft. (110.18 sq.m.)Carpet area: 1130 sq.ft. (104.98 sq.m.),3,4,3+,12.0,West,Relatively New,1760.0,1186.0,1130.0,0,1,0,0,0,0,49,586.6666666666666
house,independent,sector 43,5.75,23662.551440329218,2430.0,Plot area 270(225.75 sq.m.)Built Up area: 260 sq.yards (217.39 sq.m.)Carpet area: 220 sq.yards (183.95 sq.m.),4,4,2,4.0,North,Undefined,,260.0,220.0,0,1,1,0,0,2,153,607.5
flat,unitech the residences,sector 33,1.1,9909.90990990991,1110.0,Super Built up area 1110(103.12 sq.m.)Built Up area: 1100 sq.ft. (102.19 sq.m.)Carpet area: 1000 sq.ft. (92.9 sq.m.),2,2,3,9.0,East,Moderately Old,1110.0,1100.0,1000.0,0,0,0,0,0,1,44,555.0
flat,antriksh heights,sector 84,0.92,5041.095890410959,1825.0,Super Built up area 1825(169.55 sq.m.),3,3,3,2.0,East,Relatively New,1825.0,,,1,0,0,1,0,0,67,608.3333333333334
flat,sare homes,sector 92,0.82,5384.110308601445,1523.0,Super Built up area 1523(141.49 sq.m.)Built Up area: 1221.18 sq.ft. (113.45 sq.m.),3,3,3+,12.0,West,Relatively New,1523.0,1221.18,,0,0,0,0,0,0,114,507.6666666666667
flat,emaar mgf emerald floors premier,sector 65,3.0,15189.87341772152,1975.0,Super Built up area 1975(183.48 sq.m.),4,4,3+,2.0,South-East,Relatively New,1975.0,,,0,1,0,0,0,0,87,493.75
flat,trisara our homes 3,sohna road,0.35,5564.387917329093,629.0,Carpet area: 629 (58.44 sq.m.),2,2,1,2.0,North,New Property,,,629.0,0,0,0,0,0,0,74,314.5
flat,mapsko mount ville,sector 79,1.55,8539.944903581267,1815.0,Super Built up area 1815(168.62 sq.m.)Carpet area: 1071.33 sq.ft. (99.53 sq.m.),3,4,3,11.0,South-West,Relatively New,1815.0,,1071.33,0,1,0,0,0,1,152,605.0
flat,m3m heights,sector 65,2.25,13611.615245009074,1653.0,Carpet area: 1433 (133.13 sq.m.),2,2,3,5.0,,Undefined,,,1433.0,0,0,0,0,0,0,48,826.5
flat,aipl the peaceful homes,sector 70a,2.55,11860.46511627907,2150.0,Super Built up area 2150(199.74 sq.m.)Built Up area: 2000 sq.ft. (185.81 sq.m.),3,3,3,20.0,North-East,New Property,2150.0,2000.0,,0,1,0,1,1,1,150,716.6666666666666
flat,sbtl caladium,sector 109,1.2,6382.978723404255,1880.0,Super Built up area 1880(174.66 sq.m.),3,2,2,8.0,South,Relatively New,1880.0,,,0,0,0,0,0,0,151,626.6666666666666
flat,signature global park,sohna road,0.7,6071.118820468343,1153.0,Carpet area: 1153 (107.12 sq.m.),3,3,3,2.0,North,Relatively New,,,1153.0,0,0,0,1,0,0,152,384.3333333333333
flat,godrej aria,sector 79,1.3,8843.537414965986,1470.0,Super Built up area 1470(136.57 sq.m.),2,2,2,7.0,,Relatively New,1470.0,,,1,0,0,0,0,1,116,735.0
flat,piedmont taksila heights,sector 37c,0.9,5855.562784645414,1537.0,Built Up area: 1537 (142.79 sq.m.),3,3,3,9.0,South-West,Moderately Old,,1537.0,,0,0,0,0,0,1,94,512.3333333333334
flat,emaar mgf emerald floors premier,sector 65,2.85,14430.379746835442,1975.0,Super Built up area 1975(183.48 sq.m.)Built Up area: 1800 sq.ft. (167.23 sq.m.),4,4,3,2.0,South-West,Relatively New,1975.0,1800.0,,1,1,0,0,0,0,21,493.75
house,independent,sector 11,1.8,8078.994614003591,2228.0,Carpet area: 2228 (206.99 sq.m.),8,5,2,1.0,South,Undefined,,,2228.0,0,0,0,0,0,0,0,278.5
flat,sare crescent parc,sector 92,1.0,4777.830864787386,2093.0,Built Up area: 2093 (194.45 sq.m.),4,4,3,9.0,,Undefined,,2093.0,,0,0,0,0,0,0,0,523.25
flat,tulip violet,sector 69,1.7,8457.711442786069,2010.0,Super Built up area 2010(186.74 sq.m.)Carpet area: 1610 sq.ft. (149.57 sq.m.),4,4,2,10.0,South-West,Relatively New,2010.0,,1610.0,1,1,1,1,0,0,174,502.5
flat,whiteland the aspen,sector 76,3.35,17613.038906414302,1902.0,Carpet area: 1900 (176.52 sq.m.),3,4,3+,5.0,North-East,Undefined,,,1900.0,0,1,0,0,0,2,151,634.0
flat,sare homes,sector 92,1.1,5347.593582887701,2057.0,Carpet area: 2057 (191.1 sq.m.),4,4,3,4.0,North-West,Relatively New,,,2057.0,0,1,0,0,0,0,108,514.25
flat,bestech park view grand spa,sector 81,4.0,9523.809523809523,4200.0,Super Built up area 4200(390.19 sq.m.),4,5,3+,15.0,West,Relatively New,4200.0,,,0,1,0,0,0,1,127,1050.0
flat,m3m woodshire,sector 107,1.45,6141.465480728505,2361.0,Super Built up area 2361(219.34 sq.m.)Built Up area: 1900 sq.ft. (176.52 sq.m.),3,4,3+,7.0,South,Relatively New,2361.0,1900.0,,0,1,0,0,0,0,67,787.0
flat,godrej summit,sector 104,0.85,5878.284923928078,1446.0,Super Built up area 1446(134.34 sq.m.)Built Up area: 1269 sq.ft. (117.89 sq.m.)Carpet area: 777 sq.ft. (72.19 sq.m.),2,2,3+,10.0,East,Relatively New,1446.0,1269.0,777.0,1,0,0,0,0,0,79,723.0
flat,global hill view,sector 11,0.36,5150.214592274678,699.0,Built Up area: 699 (64.94 sq.m.),2,2,0,15.0,,Undefined,,699.0,,0,0,0,0,0,0,0,349.5
flat,satya element one,sector 49,0.8,11111.111111111111,720.0,Built Up area: 720 (66.89 sq.m.),1,1,1,0.0,,Undefined,,720.0,,0,0,0,0,0,0,0,720.0
flat,emaar gurgaon greens,sector 102,1.42,8606.060606060606,1650.0,Super Built up area 1650(153.29 sq.m.)Carpet area: 1022.58 sq.ft. (95 sq.m.),3,3,3,7.0,East,Relatively New,1650.0,,1022.58,0,1,0,0,0,0,128,550.0
flat,dlf the belaire,sector 54,7.0,23333.333333333332,3000.0,Super Built up area 3000(278.71 sq.m.),4,6,3+,12.0,East,Moderately Old,3000.0,,,0,1,1,1,0,1,108,750.0
flat,tata primanti,sector 72,3.5,11426.705843943846,3063.0,Built Up area: 2625 (243.87 sq.m.),4,5,3+,10.0,West,Relatively New,,2625.0,,0,1,0,0,1,0,38,765.75
house,independent,sector 54,3.75,26041.666666666668,1440.0,Plot area 160(14.86 sq.m.),4,4,3,3.0,East,Moderately Old,,160.0,,0,1,0,0,0,1,13,360.0
house,independent,sector 8,0.62,11272.727272727272,550.0,Built Up area: 550 (51.1 sq.m.),3,1,0,2.0,,Undefined,,550.0,,0,0,0,0,0,0,0,183.33333333333334
flat,experion the heartsong,sector 108,0.93,6078.431372549019,1530.0,Super Built up area 1283(119.19 sq.m.),2,3,3,10.0,East,Relatively New,1283.0,,,0,0,0,0,0,0,81,765.0
flat,umang monsoon breeze,sector 78,0.9,4615.384615384615,1950.0,Super Built up area 1950(181.16 sq.m.)Built Up area: 1900 sq.ft. (176.52 sq.m.)Carpet area: 1854 sq.ft. (172.24 sq.m.),3,3,2,1.0,,Moderately Old,1950.0,1900.0,1854.0,0,1,0,1,0,0,65,650.0
flat,dlf the skycourt,sector 86,1.58,8190.772420943494,1929.0,Super Built up area 1929(179.21 sq.m.)Built Up area: 1750 sq.ft. (162.58 sq.m.)Carpet area: 1450 sq.ft. (134.71 sq.m.),3,3,1,16.0,North,Relatively New,1929.0,1750.0,1450.0,0,0,0,1,0,1,152,643.0
flat,elan mercado,sector 80,0.85,12408.759124087592,685.0,Carpet area: 685 (63.64 sq.m.),1,1,1,15.0,,Relatively New,,,685.0,0,0,0,0,0,0,60,685.0
flat,tulsiani easy in homes,sohna road,0.4,6722.689075630252,595.0,Carpet area: 595 (55.28 sq.m.),2,2,3,12.0,,New Property,,,595.0,0,0,0,0,0,0,36,297.5
flat,sushant lok 1 builder floors,sector 43,2.5,12919.896640826873,1935.0,Super Built up area 215(179.77 sq.m.),3,3,2,2.0,,New Property,215.0,,,0,0,0,0,0,0,0,645.0
flat,m3m sky lofts,sector 71,1.0,11494.252873563219,870.0,Built Up area: 869 (80.73 sq.m.)Carpet area: 435 sq.ft. (40.41 sq.m.),1,1,1,9.0,,Undefined,,869.0,435.0,0,0,0,0,0,0,77,870.0
flat,meditech apartment,sector 56,2.45,8166.666666666667,3000.0,Super Built up area 3000(278.71 sq.m.)Built Up area: 2900 sq.ft. (269.42 sq.m.)Carpet area: 2800 sq.ft. (260.13 sq.m.),4,4,3+,1.0,West,Relatively New,3000.0,2900.0,2800.0,0,0,0,0,1,1,118,750.0
flat,ats triumph,sector 104,2.5,7936.507936507936,3150.0,Super Built up area 3150(292.64 sq.m.),4,4,3+,14.0,North-East,New Property,3150.0,,,0,1,0,0,0,0,21,787.5
flat,paras dews,sector 106,1.35,8940.397350993377,1510.0,Carpet area: 1510 (140.28 sq.m.),4,3,3,19.0,,Old Property,,,1510.0,0,1,0,0,0,0,112,377.5
flat,vatika gurgaon,sector 83,1.4,7179.48717948718,1950.0,Carpet area: 1950 (181.16 sq.m.),4,4,3,10.0,North-East,Relatively New,,,1950.0,0,1,0,0,0,0,35,487.5
flat,apna enclave,sector 3,0.58,6105.263157894737,950.0,Super Built up area 950(88.26 sq.m.)Built Up area: 900 sq.ft. (83.61 sq.m.)Carpet area: 744 sq.ft. (69.12 sq.m.),2,2,2,2.0,North-East,Old Property,950.0,900.0,744.0,0,0,0,0,0,0,66,475.0
flat,bestech park view spa next,sector 67,2.72,11574.468085106382,2350.0,Super Built up area 2350(218.32 sq.m.)Built Up area: 2250 sq.ft. (209.03 sq.m.)Carpet area: 2001 sq.ft. (185.9 sq.m.),4,4,3+,0.0,South-West,Relatively New,2350.0,2250.0,2001.0,0,1,0,1,0,1,128,587.5
flat,aipl the peaceful homes,sector 70a,2.3,10697.67441860465,2150.0,Super Built up area 2150(199.74 sq.m.),3,3,3,3.0,North-East,Relatively New,2150.0,,,0,0,1,0,0,1,124,716.6666666666666
flat,unitech heritage city,sector 14,4.26,13107.692307692309,3250.0,Built Up area: 3250 (301.93 sq.m.),4,4,0,9.0,,Undefined,,3250.0,,0,0,0,0,0,0,0,812.5
flat,smriti apartment,sector 56,0.52,10655.737704918032,488.0,Super Built up area 525(48.77 sq.m.),1,1,1,1.0,,Old Property,525.0,,,0,0,0,0,0,0,34,488.0
flat,"godrej 101, sector 79",sector 79,1.25,9038.322487346348,1383.0,Built Up area: 1383 (128.48 sq.m.),2,2,3,1.0,East,Undefined,,1383.0,,0,0,0,0,0,0,0,691.5
house,emaar mgf marbella,sector 66,8.8,41607.565011820334,2115.0,Built Up area: 267 (223.25 sq.m.),4,4,3+,3.0,South-East,Relatively New,,267.0,,0,1,1,1,0,0,107,528.75
flat,ss the leaf,sector 85,1.77,7350.498338870432,2408.0,Super Built up area 2408(223.71 sq.m.),3,4,3+,7.0,South-West,New Property,2408.0,,,0,0,1,0,0,0,107,802.6666666666666
flat,suncity avenue,sector 102,0.48,9022.556390977443,532.0,Super Built up area 632(58.71 sq.m.)Carpet area: 532 sq.ft. (49.42 sq.m.),2,2,1,5.0,North-East,Relatively New,632.0,,532.0,0,0,1,0,0,0,159,266.0
flat,bestech park view residency,sector 2,0.98,6261.9808306709265,1565.0,Super Built up area 1565(145.39 sq.m.),2,2,3,14.0,South-West,Moderately Old,1565.0,,,1,0,0,0,0,0,92,782.5
flat,smart world orchard,sector 61,1.55,13478.260869565218,1150.0,Super Built up area 1150(106.84 sq.m.),2,2,1,3.0,,Under Construction,1150.0,,,1,0,0,0,0,0,43,575.0
flat,experion the heartsong,sector 108,1.25,9259.25925925926,1350.0,Super Built up area 1758(163.32 sq.m.)Built Up area: 1500 sq.ft. (139.35 sq.m.)Carpet area: 1350 sq.ft. (125.42 sq.m.),3,3,3,1.0,South-East,Relatively New,1758.0,1500.0,1350.0,0,1,0,1,0,0,174,450.0
flat,adani m2k oyster grande,sector 102,2.5,7817.385866166354,3198.0,Super Built up area 3198(297.1 sq.m.),4,5,3+,5.0,South,Relatively New,3198.0,,,0,1,0,0,0,0,76,799.5
flat,shri ram apartments,sector 4,0.36,3789.4736842105262,950.0,Carpet area: 950 (88.26 sq.m.),2,2,1,4.0,,Relatively New,,,950.0,0,0,0,0,0,0,0,475.0
flat,m3m merlin,sector 67,3.5,14583.333333333334,2400.0,Super Built up area 2400(222.97 sq.m.)Carpet area: 2050 sq.ft. (190.45 sq.m.),3,4,3,17.0,South-East,Relatively New,2400.0,,2050.0,0,1,1,0,0,1,167,800.0
house,eros rosewood villas,sector 49,2.75,19841.26984126984,1386.0,Plot area 154(14.31 sq.m.)Carpet area: 1650 sq.ft. (153.29 sq.m.),3,3,1,2.0,North-West,Old Property,,,1650.0,0,0,0,0,1,1,80,462.0
flat,m3m woodshire,sector 107,1.49,6310.885218127912,2361.0,Super Built up area 2361(219.34 sq.m.),3,4,3+,5.0,East,Relatively New,2361.0,,,0,1,1,0,0,1,174,787.0
flat,tulip violet,sector 69,1.6,10139.416983523448,1578.0,Super Built up area 1578(146.6 sq.m.),3,3,2,0.0,South-West,Relatively New,1578.0,,,0,0,0,1,0,0,49,526.0
flat,signature global city 92,sector 92,0.78,8049.5356037151705,969.0,Super Built up area 1197(111.2 sq.m.),2,2,2,2.0,,New Property,1197.0,,,0,0,0,0,0,1,47,484.5
flat,raheja vedas,sector 108,2.15,4133.820419150164,5201.0,Super Built up area 5200(483.1 sq.m.)Built Up area: 4600 sq.ft. (427.35 sq.m.)Carpet area: 4000 sq.ft. (371.61 sq.m.),3,4,3+,12.0,East,Relatively New,5200.0,4600.0,4000.0,1,0,0,0,0,0,0,1733.6666666666667
flat,ss the leaf,sector 85,1.83,7609.147609147609,2405.0,Super Built up area 2408(223.71 sq.m.)Built Up area: 1925 sq.ft. (178.84 sq.m.)Carpet area: 1875 sq.ft. (174.19 sq.m.),3,4,3,9.0,North-East,Relatively New,2408.0,1925.0,1875.0,0,0,0,0,0,0,49,801.6666666666666
flat,ats tourmaline,sector 109,1.4,8000.0,1750.0,Super Built up area 1750(162.58 sq.m.),3,3,3+,12.0,North-West,Relatively New,1750.0,,,0,0,0,0,1,0,65,583.3333333333334
flat,ramprastha city,dwarka expressway,1.3,9285.714285714286,1400.0,Super Built up area 1400(130.06 sq.m.),3,3,2,3.0,,Under Construction,1400.0,,,0,0,0,0,0,0,0,466.6666666666667
house,suncity township,sector 54,25.0,31110.004977600798,8036.0,Plot area 1000(836.13 sq.m.),4,4,3+,2.0,North,Moderately Old,,1000.0,,1,1,1,1,0,0,0,2009.0
flat,the new crpf apartments,sector 9a,0.75,5813.953488372093,1290.0,Carpet area: 1290 (119.84 sq.m.),3,3,3,6.0,East,Old Property,,,1290.0,0,0,0,1,0,0,31,430.0
house,independent,sector 105,1.3,11555.555555555555,1125.0,Built Up area: 1125 (104.52 sq.m.),3,3,1,1.0,East,Undefined,,1125.0,,0,0,0,0,0,0,0,375.0
flat,dlf the skycourt,sector 86,2.2,11500.261369576581,1913.0,Super Built up area 1930(179.3 sq.m.),3,3,1,7.0,,Relatively New,1930.0,,,0,0,0,1,0,2,77,637.6666666666666
flat,ss the leaf,sector 85,1.77,7350.498338870432,2408.0,Super Built up area 2408(223.71 sq.m.)Built Up area: 1450 sq.ft. (134.71 sq.m.)Carpet area: 1300 sq.ft. (120.77 sq.m.),3,4,3,6.0,South-East,Moderately Old,2408.0,1450.0,1300.0,0,1,0,0,0,1,135,802.6666666666666
flat,m3m heights,sector 65,2.15,15003.489183531054,1433.0,Built Up area: 1433 (133.13 sq.m.),2,2,3+,28.0,East,Undefined,,1433.0,,0,0,0,0,0,0,48,716.5
flat,deepak minda,manesar,1.25,4715.201810637495,2651.0,Carpet area: 2651 (246.29 sq.m.),4,4,3+,6.0,,Moderately Old,,,2651.0,0,0,0,0,0,1,44,662.75
flat,vatika the seven lamps,sector 82,0.89,8846.918489065607,1006.0,Super Built up area 1428.08(132.67 sq.m.)Carpet area: 1000 sq.ft. (92.9 sq.m.),2,2,2,14.0,East,Relatively New,1428.08,,1000.0,1,0,0,0,0,1,129,503.0
flat,ashiana mulberry,sohna road,1.05,5412.371134020618,1940.0,Super Built up area 1940(180.23 sq.m.)Built Up area: 1175.97 sq.ft. (109.25 sq.m.)Carpet area: 834.96 sq.ft. (77.57 sq.m.),2,2,3,1.0,North,New Property,1940.0,1175.97,834.96,1,0,0,0,0,0,49,970.0
flat,signature global city 81,sector 81,0.82,8640.674394099051,949.0,Built Up area: 955 (88.72 sq.m.)Carpet area: 565 sq.ft. (52.49 sq.m.),2,2,3,2.0,East,Undefined,,955.0,565.0,0,0,0,0,0,0,53,474.5
flat,ansal heights,sector 92,0.6,4545.454545454545,1320.0,Super Built up area 1320(122.63 sq.m.),2,2,3,11.0,,Under Construction,1320.0,,,0,0,0,0,1,0,23,660.0
flat,corona optus,sector 37c,1.27,7203.630175836642,1763.0,Super Built up area 1763(163.79 sq.m.)Carpet area: 1410 sq.ft. (130.99 sq.m.),3,3,3,2.0,South,Relatively New,1763.0,,1410.0,1,0,0,0,1,0,49,587.6666666666666
flat,ats tourmaline,sector 109,1.75,10000.0,1750.0,Super Built up area 1750(162.58 sq.m.)Built Up area: 1466 sq.ft. (136.2 sq.m.)Carpet area: 1460 sq.ft. (135.64 sq.m.),3,3,3,4.0,,New Property,1750.0,1466.0,1460.0,0,0,0,0,0,0,31,583.3333333333334
house,satya the hermitage,sector 103,4.35,13500.931098696461,3222.0,Plot area 358(299.33 sq.m.),4,4,3+,2.0,North,Relatively New,,358.0,,1,1,1,1,0,0,138,805.5
flat,avl 36 gurgaon,sector 36a,0.5,8333.333333333334,600.0,Built Up area: 600 (55.74 sq.m.)Carpet area: 500 sq.ft. (46.45 sq.m.),1,1,1,5.0,,Undefined,,600.0,500.0,0,0,0,0,0,0,0,600.0
flat,sobha city,sector 108,2.9,14478.282576135796,2003.0,Super Built up area 2003(186.08 sq.m.),3,4,2,8.0,East,New Property,2003.0,,,0,0,0,0,0,0,109,667.6666666666666
flat,ashiana mulberry,sohna road,0.95,6484.6416382252555,1465.0,Super Built up area 1465(136.1 sq.m.)Built Up area: 1175.97 sq.ft. (109.25 sq.m.)Carpet area: 834.96 sq.ft. (77.57 sq.m.),2,2,3+,3.0,,New Property,1465.0,1175.97,834.96,1,0,0,0,0,0,89,732.5
house,independent,sector 28,1.45,8002.207505518763,1812.0,Built Up area: 1800 (167.23 sq.m.)Carpet area: 900 sq.ft. (83.61 sq.m.),3,2,1,1.0,North,Relatively New,,1800.0,900.0,0,0,0,0,0,0,0,604.0
house,ansal sushant lok plots,sector 43,7.0,25925.925925925927,2700.0,Plot area 300(250.84 sq.m.),5,5,3+,3.0,North-East,Relatively New,,300.0,,1,1,0,1,0,1,41,540.0
flat,m3m the tree of life,sector 111,2.35,14551.08359133127,1615.0,Built Up area: 1615 (150.04 sq.m.),3,3,3+,5.0,,Undefined,,1615.0,,0,0,0,0,0,0,0,538.3333333333334
flat,indiabulls enigma,sector 110,3.7,10882.35294117647,3400.0,Super Built up area 3400(315.87 sq.m.),4,5,3,7.0,South-West,Relatively New,3400.0,,,0,1,0,0,0,0,156,850.0
flat,raheja sampada,sector 92,0.65,4744.525547445255,1370.0,Super Built up area 1370(127.28 sq.m.),3,2,3,6.0,North-East,Relatively New,1370.0,,,0,0,0,0,0,0,49,456.6666666666667
house,eldeco mansionz,sector 48,4.95,20599.250936329587,2403.0,Plot area 267(223.25 sq.m.),7,7,3+,2.0,South,Old Property,,267.0,,1,1,1,1,0,1,145,343.2857142857143
flat,conscient heritage max,sector 102,1.75,9062.661833247023,1931.0,Super Built up area 1931(179.4 sq.m.),3,4,3+,16.0,South,Relatively New,1931.0,,,0,1,0,0,0,0,134,643.6666666666666
flat,m3m merlin,sector 67,3.0,14655.593551538837,2047.0,Super Built up area 2047(190.17 sq.m.)Built Up area: 1900 sq.ft. (176.52 sq.m.)Carpet area: 1800 sq.ft. (167.23 sq.m.),3,3,3+,4.0,North-East,Relatively New,2047.0,1900.0,1800.0,0,0,1,0,0,1,174,682.3333333333334
flat,shri balaji apartment,sector 12,0.35,4036.9088811995384,867.0,Super Built up area 867(80.55 sq.m.)Built Up area: 737 sq.ft. (68.47 sq.m.)Carpet area: 650 sq.ft. (60.39 sq.m.),2,2,1,1.0,North,Moderately Old,867.0,737.0,650.0,0,0,0,0,0,0,23,433.5
flat,krisumi waterfall residences,sector 36a,2.2,14874.915483434754,1479.0,Super Built up area 1479(137.4 sq.m.),2,2,2,23.0,North,New Property,1479.0,,,0,0,0,0,0,0,15,739.5
flat,godrej meridien,sector 106,3.2,16000.0,2000.0,Carpet area: 2002 (185.99 sq.m.),3,3,3+,6.0,,Undefined,,,2002.0,0,1,0,0,0,0,49,666.6666666666666
flat,conscient heritage max,sector 102,1.7,11333.333333333334,1500.0,Super Built up area 1942(180.42 sq.m.)Built Up area: 1700 sq.ft. (157.94 sq.m.)Carpet area: 1500 sq.ft. (139.35 sq.m.),3,4,3+,8.0,North-East,Relatively New,1942.0,1700.0,1500.0,0,1,0,1,0,1,174,500.0
flat,signature global infinity mall,sector 36,0.41,6269.113149847095,654.0,Built Up area: 654 (60.76 sq.m.),2,2,3,3.0,,Undefined,,654.0,,0,0,0,0,0,0,0,327.0
flat,conscient elevate,sector 59,3.78,16499.345264076823,2291.0,Carpet area: 2295 (213.21 sq.m.),3,3,3,3.0,,Under Construction,,,2295.0,0,0,0,0,0,0,31,763.6666666666666
flat,paras dews,sector 106,1.15,7419.354838709677,1550.0,Super Built up area 1760(163.51 sq.m.)Built Up area: 1650 sq.ft. (153.29 sq.m.)Carpet area: 1550 sq.ft. (144 sq.m.),3,3,3,11.0,North-East,Relatively New,1760.0,1650.0,1550.0,0,1,0,1,0,1,174,516.6666666666666
flat,corona optus,sector 37c,1.26,7249.712313003452,1738.0,Super Built up area 1735(161.19 sq.m.)Built Up area: 1400 sq.ft. (130.06 sq.m.)Carpet area: 965 sq.ft. (89.65 sq.m.),3,3,3,4.0,North-East,New Property,1735.0,1400.0,965.0,0,0,0,0,0,0,28,579.3333333333334
house,independent,sector 39,1.7,17989.41798941799,945.0,Plot area 900(83.61 sq.m.),2,2,3+,3.0,,Moderately Old,,900.0,,0,1,1,0,0,0,45,472.5
flat,experion the heartsong,sector 108,1.2,6825.938566552901,1758.0,Super Built up area 1758(163.32 sq.m.)Built Up area: 1550 sq.ft. (144 sq.m.)Carpet area: 1400 sq.ft. (130.06 sq.m.),3,2,3+,11.0,North-East,Relatively New,1758.0,1550.0,1400.0,0,1,0,1,0,1,174,586.0
flat,dlf the primus,sector 82a,2.25,10714.285714285714,2100.0,Carpet area: 2100 (195.1 sq.m.),3,3,3+,29.0,East,Relatively New,,,2100.0,0,1,0,0,0,2,72,700.0
flat,sare homes,sector 92,1.18,5207.413945278023,2266.0,Carpet area: 2266 (210.52 sq.m.),4,4,3,8.0,North,Relatively New,,,2266.0,0,1,0,0,0,0,108,566.5
flat,elan the presidential,sector 106,3.9,15918.367346938776,2450.0,Built Up area: 2450 (227.61 sq.m.),3,3,0,20.0,,Undefined,,2450.0,,0,0,0,0,0,0,66,816.6666666666666
flat,unitech vistas,sector 70,0.99,6325.878594249201,1565.0,Super Built up area 1565(145.39 sq.m.),3,4,2,11.0,,Under Construction,1565.0,,,0,0,0,0,0,0,0,521.6666666666666
flat,ansal heights 86,sector 86,0.82,6029.411764705882,1360.0,Super Built up area 1360(126.35 sq.m.)Built Up area: 1300 sq.ft. (120.77 sq.m.)Carpet area: 1000 sq.ft. (92.9 sq.m.),2,2,1,12.0,,New Property,1360.0,1300.0,1000.0,0,0,0,0,0,0,49,680.0
flat,umang monsoon breeze,sector 78,1.05,5666.486778197517,1853.0,Built Up area: 1853 (172.15 sq.m.)Carpet area: 1390 sq.ft. (129.14 sq.m.),3,3,3,6.0,North,Moderately Old,,1853.0,1390.0,0,0,0,0,0,0,0,617.6666666666666
flat,rof ananda,sector 95,0.38,5900.621118012423,644.0,Carpet area: 644.12 (59.84 sq.m.),3,2,1,2.0,South-East,Relatively New,,,644.111776,0,0,0,1,0,1,66,214.66666666666666
flat,mapsko mount ville,sector 79,1.4,9395.973154362417,1490.0,Carpet area: 1490 (138.43 sq.m.),3,3,3,2.0,North,New Property,,,1490.0,0,0,0,0,0,1,112,496.6666666666667
flat,ss the leaf,sector 85,2.13,7574.679943100996,2812.0,Super Built up area 2812(261.24 sq.m.)Built Up area: 2600 sq.ft. (241.55 sq.m.)Carpet area: 2200 sq.ft. (204.39 sq.m.),4,4,3,2.0,North,Relatively New,2812.0,2600.0,2200.0,0,0,0,0,0,0,49,703.0
flat,emaar mgf emerald floors premier,sector 65,2.35,14242.424242424242,1650.0,Built Up area: 1650 (153.29 sq.m.),3,3,2,4.0,East,Relatively New,,1650.0,,1,1,0,0,0,0,165,550.0
flat,om apartment dayanand colony,sector 5,0.26,4369.747899159664,595.0,Carpet area: 583 (54.16 sq.m.),1,1,1,3.0,North-East,Relatively New,,,583.0,0,0,0,0,0,0,14,595.0
flat,signature global city 37d ph 2,sector 37d,1.07,8237.10546574288,1299.0,Carpet area: 1305 (121.24 sq.m.),3,3,2,2.0,North-East,Undefined,,,1305.0,0,0,0,0,0,0,86,433.0
flat,chd avenue,sector 71,0.95,7929.883138564273,1198.0,Super Built up area 1198(111.3 sq.m.),2,2,2,5.0,South,Moderately Old,1198.0,,,0,0,0,0,0,1,142,599.0
house,independent,sector 12,2.75,12342.908438061042,2228.0,Built Up area: 2228 (206.99 sq.m.),6,6,2,2.0,,Undefined,,2228.0,,0,0,0,0,0,0,0,371.3333333333333
flat,tulip violet,sector 69,1.7,8457.711442786069,2010.0,Super Built up area 2010(186.74 sq.m.),4,4,2,1.0,South,Relatively New,2010.0,,,0,0,0,0,0,0,126,502.5
flat,shree vardhman flora,sector 90,0.65,4814.814814814815,1350.0,Super Built up area 1350(125.42 sq.m.),2,2,3,3.0,North,Relatively New,1350.0,,,1,0,0,0,0,0,106,675.0
house,independent,sector 11,2.1,17283.95061728395,1215.0,Plot area 135(112.88 sq.m.),2,6,3+,3.0,,Relatively New,,135.0,,0,0,0,0,0,0,14,607.5
flat,ansal maple heights,sector 43,1.5,12658.227848101265,1185.0,Super Built up area 1400(130.06 sq.m.)Built Up area: 1385 sq.ft. (128.67 sq.m.)Carpet area: 1185 sq.ft. (110.09 sq.m.),3,3,3+,7.0,North-East,Old Property,1400.0,1385.0,1185.0,0,0,1,0,0,1,174,395.0
flat,tulip violet,sector 69,1.4,8871.989860583017,1578.0,Super Built up area 1578(146.6 sq.m.),3,3,2,11.0,North,Relatively New,1578.0,,,0,0,0,1,0,0,126,526.0
flat,friends apartment,sector 52,2.0,8510.63829787234,2350.0,Super Built up area 2350(218.32 sq.m.)Carpet area: 1850 sq.ft. (171.87 sq.m.),4,3,3,5.0,North,Moderately Old,2350.0,,1850.0,0,1,0,0,0,2,111,587.5
house,independent,sector 25,6.5,36111.11111111111,1800.0,Plot area 200(167.23 sq.m.),4,4,3+,2.0,North-East,Moderately Old,,200.0,,1,1,1,1,0,0,61,450.0
flat,pioneer araya,sector 62,10.75,19499.36513694903,5513.0,Super Built up area 5514(512.27 sq.m.),5,7,3,10.0,North-East,Relatively New,5514.0,,,0,1,0,0,0,1,153,1102.6
flat,assotech blith,sector 99,0.92,6739.92673992674,1365.0,Super Built up area 1365(126.81 sq.m.),2,2,3+,22.0,,Under Construction,1365.0,,,0,0,0,0,0,0,56,682.5
flat,tulip violet,sector 69,1.32,8413.00191204589,1569.0,Super Built up area 1568(145.67 sq.m.),3,3,1,12.0,South-West,Relatively New,1568.0,,,0,0,0,1,0,1,86,523.0
flat,dlf new town heights,sector 90,1.25,6503.642039542144,1922.0,Super Built up area 1930(179.3 sq.m.)Built Up area: 1929 sq.ft. (179.21 sq.m.)Carpet area: 1928 sq.ft. (179.12 sq.m.),3,3,3+,5.0,North,Relatively New,1930.0,1929.0,1928.0,0,1,0,1,0,0,127,640.6666666666666
flat,bestech altura,sector 79,1.9,9000.473709142587,2111.0,Carpet area: 2150 (199.74 sq.m.),3,4,2,11.0,,New Property,,,2150.0,0,1,0,0,0,0,49,703.6666666666666
flat,rose apartment,sector 28,3.0,10482.180293501047,2862.0,Super Built up area 2862(265.89 sq.m.),3,5,3+,8.0,,Old Property,2862.0,,,0,0,0,0,0,0,0,954.0
flat,vatika gurgaon,sector 83,0.78,6265.060240963855,1245.0,Super Built up area 1245(115.66 sq.m.)Built Up area: 850 sq.ft. (78.97 sq.m.)Carpet area: 790 sq.ft. (73.39 sq.m.),2,2,2,3.0,South-East,Relatively New,1245.0,850.0,790.0,1,0,0,1,0,1,165,622.5
flat,vatika the seven lamps,sector 82,0.85,5977.496483825597,1422.0,Super Built up area 1430(132.85 sq.m.),2,2,2,9.0,North-East,Relatively New,1430.0,,,1,0,0,0,0,0,117,711.0
flat,dlf icon,sector 43,5.8,20706.89039628704,2801.0,Built Up area: 2801 (260.22 sq.m.),4,4,3+,18.0,,Undefined,,2801.0,,0,0,0,0,0,0,0,700.25
flat,shree vardhman flora,sector 90,0.86,6254.545454545455,1375.0,Super Built up area 1950(181.16 sq.m.)Built Up area: 1525 sq.ft. (141.68 sq.m.)Carpet area: 1375 sq.ft. (127.74 sq.m.),3,4,3,0.0,North,Relatively New,1950.0,1525.0,1375.0,0,1,0,0,0,1,84,458.3333333333333
flat,signature global synera,sector 81,0.39,6500.0,600.0,Carpet area: 600 (55.74 sq.m.),2,2,2,6.0,South-West,Relatively New,,,600.0,0,0,0,0,0,0,37,300.0
flat,dlf the ultima,sector 81,2.3,14603.174603174602,1575.0,Super Built up area 2100(195.1 sq.m.)Carpet area: 1575 sq.ft. (146.32 sq.m.),3,4,3+,27.0,East,Relatively New,2100.0,,1575.0,0,1,0,0,0,1,119,525.0
flat,ambience caitriona,sector 24,14.0,22222.222222222223,6300.0,Built Up area: 700 (65.03 sq.m.),4,5,3,3.0,East,Undefined,,700.0,,0,0,0,0,0,0,0,1575.0
flat,shree vardhman victoria,sector 70,1.65,8461.538461538461,1950.0,Super Built up area 1950(181.16 sq.m.),3,4,3,12.0,North,Relatively New,1950.0,,,0,1,1,0,0,0,56,650.0
flat,tulip violet,sector 69,1.3,8447.043534762834,1539.0,Super Built up area 1538(142.88 sq.m.),3,3,1,12.0,West,Relatively New,1538.0,,,0,0,0,1,0,1,94,513.0
flat,ireo skyon,sector 60,3.7,13214.285714285714,2800.0,Super Built up area 2800(260.13 sq.m.),4,5,3,10.0,South,Relatively New,2800.0,,,0,1,0,0,0,1,165,700.0
flat,dlf the ultima,sector 81,2.34,11185.46845124283,2092.0,Super Built up area 2092(194.35 sq.m.)Built Up area: 1760 sq.ft. (163.51 sq.m.)Carpet area: 1670 sq.ft. (155.15 sq.m.),3,4,3+,14.0,South-East,Relatively New,2092.0,1760.0,1670.0,0,1,0,0,0,2,174,697.3333333333334
flat,tulip white,sector 69,0.91,6862.745098039216,1326.0,Carpet area: 1326 (123.19 sq.m.),3,2,2,12.0,,Moderately Old,,,1326.0,0,0,0,0,0,0,43,442.0
house,international city by sobha phase 2,sector 109,10.0,27777.777777777777,3600.0,Plot area 400(334.45 sq.m.),4,5,3+,2.0,East,New Property,,400.0,,1,1,0,1,1,1,49,900.0
flat,signature global rosellia,sector 95,0.45,8754.863813229573,514.0,Carpet area: 514 (47.75 sq.m.),2,2,2,14.0,,New Property,,,514.0,0,0,0,0,0,0,24,257.0
flat,godrej nature plus,sector 33,1.15,11557.788944723618,995.0,Carpet area: 92.44,2,2,2,15.0,,Undefined,,,92.44,0,0,0,0,0,0,38,497.5
flat,ss the leaf,sector 85,1.2,7317.073170731707,1640.0,Super Built up area 1640(152.36 sq.m.),2,2,3,12.0,South,Relatively New,1640.0,,,0,0,0,0,0,1,157,820.0
house,independent,sector 46,5.65,23869.877482044783,2367.0,Plot area 263(219.9 sq.m.),8,6,3+,3.0,South-West,Moderately Old,,263.0,,0,1,0,0,0,1,67,295.875
flat,dlf regency park,sector 28,2.35,13224.535734383793,1777.0,Super Built up area 1777(165.09 sq.m.)Built Up area: 1700 sq.ft. (157.94 sq.m.)Carpet area: 1600 sq.ft. (148.64 sq.m.),3,4,3,8.0,South-East,Old Property,1777.0,1700.0,1600.0,0,1,0,0,0,1,109,592.3333333333334
flat,umang winter hills,sector 77,1.4,6340.579710144928,2208.0,Built Up area: 1735 (161.19 sq.m.),3,3,3,10.0,North-East,Undefined,,1735.0,,0,0,0,0,0,0,28,736.0
flat,eldeco accolade,sohna road,0.85,6724.683544303797,1264.0,Super Built up area 1264(117.43 sq.m.)Carpet area: 730 sq.ft. (67.82 sq.m.),2,2,3,10.0,,New Property,1264.0,,730.0,0,0,0,0,0,0,72,632.0
flat,tulip violet,sector 69,1.66,10134.310134310133,1638.0,Super Built up area 1638(152.18 sq.m.),3,3,2,0.0,South-West,Relatively New,1638.0,,,0,0,0,0,0,0,157,546.0
flat,dlf the grove,sector 54,5.7,41244.57308248914,1382.0,Built Up area: 1382 (128.39 sq.m.),3,3,3,1.0,East,Undefined,,1382.0,,0,0,0,0,0,0,46,460.6666666666667
flat,ireo uptown,sector 66,2.4,13064.779531845401,1837.0,Super Built up area 1837(170.66 sq.m.)Built Up area: 1700 sq.ft. (157.94 sq.m.)Carpet area: 1600 sq.ft. (148.64 sq.m.),3,2,3,5.0,North-East,Relatively New,1837.0,1700.0,1600.0,0,1,0,0,0,1,156,612.3333333333334
flat,gls avenue 51,sector 92,0.45,6000.0,750.0,Carpet area: 750 (69.68 sq.m.),3,3,1,10.0,North-East,Relatively New,,,750.0,0,0,0,0,0,0,0,250.0
flat,tata primanti,sector 72,3.9,13425.129087779691,2905.0,Super Built up area 2905(269.88 sq.m.)Carpet area: 2150 sq.ft. (199.74 sq.m.),4,4,3+,39.0,East,Relatively New,2905.0,,2150.0,0,1,0,0,1,0,49,726.25
house,ansals palam vihar,sector 2,5.7,14728.682170542636,3870.0,Plot area 430(359.53 sq.m.)Built Up area: 4550 sq.yards (3804.38 sq.m.)Carpet area: 4450 sq.yards (3720.77 sq.m.),5,5,2,2.0,North-East,Old Property,,4550.0,4450.0,0,0,0,1,0,2,94,774.0
flat,shapoorji pallonji joyville gurugram,sector 102,1.4,11666.666666666666,1200.0,Super Built up area 1368(127.09 sq.m.)Carpet area: 1200 sq.ft. (111.48 sq.m.),2,2,3,0.0,North,Relatively New,1368.0,,1200.0,0,0,0,0,0,0,80,600.0
house,unitech palms south city 1,sector 41,9.35,28858.024691358023,3240.0,Plot area 3240(301.01 sq.m.)Built Up area: 7500 sq.ft. (696.77 sq.m.)Carpet area: 6000 sq.ft. (557.42 sq.m.),10,10,3+,4.0,North-East,Moderately Old,,7500.0,6000.0,1,1,0,0,0,1,70,324.0
flat,suposhaa smartworld orchard,sector 61,2.17,14000.0,1550.0,Carpet area: 1549 (143.91 sq.m.),3,3,3,1.0,,Under Construction,,,1549.0,0,0,0,0,0,0,0,516.6666666666666
flat,microtek greenburg,sector 86,1.3,8754.208754208754,1485.0,Super Built up area 1480(137.5 sq.m.),2,2,3,10.0,,Relatively New,1480.0,,,1,0,0,0,0,0,38,742.5
flat,bestech park view city,sector 48,2.7,11713.665943600869,2305.0,Super Built up area 2305(214.14 sq.m.)Built Up area: 2000 sq.ft. (185.81 sq.m.)Carpet area: 1700 sq.ft. (157.94 sq.m.),3,3,3+,7.0,North-East,Relatively New,2305.0,2000.0,1700.0,1,1,0,0,0,1,174,768.3333333333334
flat,shapoorji pallonji joyville gurugram,sector 102,1.4,10378.057820607857,1349.0,Super Built up area 1349(125.33 sq.m.)Carpet area: 1000 sq.ft. (92.9 sq.m.),2,2,2,11.0,North-East,New Property,1349.0,,1000.0,0,0,0,0,0,1,49,674.5
flat,tata primanti,sector 72,3.3,15102.974828375285,2185.0,Super Built up area 2185(202.99 sq.m.)Built Up area: 1800 sq.ft. (167.23 sq.m.)Carpet area: 1600 sq.ft. (148.64 sq.m.),3,4,3+,15.0,North,New Property,2185.0,1800.0,1600.0,0,1,0,0,0,2,174,728.3333333333334
flat,m3m skycity,sector 65,3.0,16411.37855579869,1828.0,Super Built up area 1828(169.83 sq.m.),3,3,3,17.0,East,Under Construction,1828.0,,,0,0,0,0,0,0,99,609.3333333333334
flat,ss the leaf,sector 85,2.3,8179.23186344239,2812.0,Super Built up area 2812(261.24 sq.m.),4,4,3+,8.0,South,Relatively New,2812.0,,,0,1,0,0,0,0,21,703.0
flat,smart world orchard,sector 61,1.5,12500.0,1200.0,Carpet area: 1200 (111.48 sq.m.),2,2,2,2.0,North,Under Construction,,,1200.0,1,0,0,0,0,0,49,600.0
flat,chd avenue,sector 71,0.82,7081.1744386873925,1158.0,Super Built up area 1200(111.48 sq.m.),2,2,2,6.0,,Moderately Old,1200.0,,,0,0,0,0,0,0,0,579.0
flat,ramprastha primera,sector 37d,1.1,6111.111111111111,1800.0,Super Built up area 1800(167.23 sq.m.)Built Up area: 1700 sq.ft. (157.94 sq.m.)Carpet area: 1600 sq.ft. (148.64 sq.m.),3,3,3,6.0,North-West,Relatively New,1800.0,1700.0,1600.0,0,0,0,0,0,0,149,600.0
house,independent,sector 26,23.0,25555.555555555555,9000.0,Plot area 1000(836.13 sq.m.),4,4,3+,2.0,South-West,Relatively New,,1000.0,,1,1,1,1,0,1,145,2250.0
flat,m3m skywalk,sector 74,1.54,11000.0,1400.0,Super Built up area 1400(130.06 sq.m.)Built Up area: 1200 sq.ft. (111.48 sq.m.)Carpet area: 1100 sq.ft. (102.19 sq.m.),2,2,3+,22.0,South,Relatively New,1400.0,1200.0,1100.0,0,0,0,0,1,0,137,700.0
flat,smart world gems,sector 89,1.2,8432.8882642305,1423.0,Built Up area: 1423 (132.2 sq.m.),3,3,2,3.0,East,New Property,,1423.0,,1,0,0,0,1,0,37,474.3333333333333
flat,ss hibiscus,sector 50,6.0,12272.448353446513,4889.0,Super Built up area 4400(408.77 sq.m.),4,3,3,5.0,South-East,Moderately Old,4400.0,,,0,1,0,0,0,0,31,1222.25
flat,unitech uniworld gardens,sector 47,2.4,11505.273250239694,2086.0,Super Built up area 2086(193.8 sq.m.)Carpet area: 1750 sq.ft. (162.58 sq.m.),3,4,3+,10.0,East,Moderately Old,2086.0,,1750.0,0,1,0,0,0,0,103,695.3333333333334
flat,ambience creacions,sector 22,4.78,15469.25566343042,3090.0,Super Built up area 3090(287.07 sq.m.)Built Up area: 2500 sq.ft. (232.26 sq.m.)Carpet area: 2250 sq.ft. (209.03 sq.m.),3,4,3,7.0,West,Relatively New,3090.0,2500.0,2250.0,0,1,0,0,1,2,111,1030.0
flat,krrish provence estate,gwal pahari,5.25,9051.724137931034,5800.0,Super Built up area 5800(538.84 sq.m.),4,5,3+,2.0,North-East,New Property,5800.0,,,1,1,0,1,0,0,49,1450.0
flat,m3m woodshire,sector 107,1.01,7393.850658857979,1366.0,Super Built up area 1366(126.91 sq.m.)Built Up area: 1200 sq.ft. (111.48 sq.m.),2,2,3+,11.0,,New Property,1366.0,1200.0,,0,0,0,0,1,0,74,683.0
flat,supertech araville,sector 79,0.78,6023.1660231660235,1295.0,Super Built up area 1295(120.31 sq.m.),2,2,3+,17.0,,Relatively New,1295.0,,,0,0,0,0,0,0,24,647.5
house,dlf city phase 1,sector 26,5.5,30555.555555555555,1800.0,Plot area 200(167.23 sq.m.),4,4,3,2.0,North-East,Moderately Old,,200.0,,1,1,0,1,0,0,69,450.0
flat,emaar mgf emerald estate,sector 65,1.73,12401.433691756272,1395.0,Super Built up area 1395(129.6 sq.m.),3,3,3,9.0,North-West,Relatively New,1395.0,,,0,1,0,0,0,2,159,465.0
flat,vatika city,sector 49,1.79,12785.714285714286,1400.0,Carpet area: 1400 (130.06 sq.m.),3,3,3,9.0,,Old Property,,,1400.0,0,1,0,0,0,0,38,466.6666666666667
flat,tulip violet,sector 69,1.4,9102.730819245773,1538.0,Super Built up area 1538(142.88 sq.m.),3,3,1,12.0,North-West,Relatively New,1538.0,,,0,0,0,0,0,1,157,512.6666666666666
flat,indiabulls enigma,sector 110,3.4,10000.0,3400.0,Super Built up area 3400(315.87 sq.m.),4,5,3,3.0,East,Relatively New,3400.0,,,0,1,1,0,0,0,90,850.0
flat,conscient heritage max,sector 102,2.1,9771.98697068404,2149.0,Super Built up area 2149(199.65 sq.m.),3,4,3+,10.0,East,Relatively New,2149.0,,,1,1,0,0,0,0,53,716.3333333333334
flat,eldeco accolade,sohna road,0.95,6176.853055916775,1538.0,Super Built up area 1457(135.36 sq.m.)Built Up area: 1050 sq.ft. (97.55 sq.m.)Carpet area: 849 sq.ft. (78.87 sq.m.),2,2,3+,8.0,South,Under Construction,1457.0,1050.0,849.0,1,0,0,0,1,0,72,769.0
flat,gls avenue 51,sector 92,0.21,6953.64238410596,302.0,Carpet area: 302 (28.06 sq.m.),1,1,1,0.0,South-East,Relatively New,,,302.0,0,0,0,0,0,0,63,302.0
flat,bestech park view residency,sector 2,1.36,7644.744238336144,1779.0,Super Built up area 1780(165.37 sq.m.),3,3,3+,5.0,South-West,Moderately Old,1780.0,,,0,0,0,0,0,0,84,593.0
flat,shapoorji pallonji joyville gurugram,sector 102,1.35,9933.774834437087,1359.0,Super Built up area 1359(126.26 sq.m.),2,2,2,9.0,North-East,Relatively New,1359.0,,,0,0,0,0,0,0,100,679.5
flat,ss the leaf,sector 85,2.0,6578.9473684210525,3040.0,Super Built up area 2812(261.24 sq.m.),4,5,3+,1.0,South-East,Relatively New,2812.0,,,0,1,1,0,0,0,106,760.0
flat,bptp terra,sector 37d,1.5,8282.716731087798,1811.0,Super Built up area 1811(168.25 sq.m.)Carpet area: 1570 sq.ft. (145.86 sq.m.),3,3,3,17.0,North-West,Relatively New,1811.0,,1570.0,0,0,0,0,1,0,49,603.6666666666666
flat,shree vardhman flora,sector 90,0.66,5076.923076923077,1300.0,Super Built up area 1300(120.77 sq.m.)Carpet area: 960 sq.ft. (89.19 sq.m.),2,2,3,4.0,North-East,Relatively New,1300.0,,960.0,1,0,0,0,0,0,119,650.0
flat,m3m heights,sector 65,1.95,15996.718621821165,1219.0,Super Built up area 1261(117.15 sq.m.),2,2,3,16.0,,Under Construction,1261.0,,,0,0,0,0,0,0,44,609.5
flat,ramprastha the edge towers,sector 37d,1.1,5527.638190954774,1990.0,Built Up area: 1990 (184.88 sq.m.),3,3,3,9.0,,Undefined,,1990.0,,0,0,0,0,0,0,63,663.3333333333334
flat,m3m skywalk,sector 74,1.78,12500.0,1424.0,Carpet area: 1424 (132.29 sq.m.),2,2,3+,12.0,,Undefined,,,1424.0,0,0,0,0,0,0,63,712.0
flat,vatika gurgaon,sector 83,0.84,6746.987951807229,1245.0,Super Built up area 1245(115.66 sq.m.),2,2,2,7.0,East,Moderately Old,1245.0,,,0,0,0,0,0,1,157,622.5
flat,signature the serenas,sohna road,0.45,8474.57627118644,531.0,Carpet area: 531 (49.33 sq.m.),2,2,1,10.0,,New Property,,,531.0,0,0,0,0,0,0,23,265.5
house,independent,sector 4,2.35,16319.444444444445,1440.0,Plot area 160(133.78 sq.m.),4,4,2,2.0,East,Old Property,,160.0,,0,0,0,1,0,0,43,360.0
flat,dlf park place,sector 54,4.85,25866.666666666668,1875.0,Super Built up area 1875(174.19 sq.m.),3,4,3+,25.0,South-East,Relatively New,1875.0,,,0,1,0,0,0,1,26,625.0
flat,senate court,sector 62,0.9,14084.507042253521,639.0,Built Up area: 639 (59.37 sq.m.),1,1,0,0.0,,Undefined,,639.0,,0,0,0,0,0,0,0,639.0
flat,alpha corp gurgaonone,sector 84,2.24,6523.005241700641,3434.0,Super Built up area 3434(319.03 sq.m.)Carpet area: 2900 sq.ft. (269.42 sq.m.),4,4,3,12.0,West,Relatively New,3434.0,,2900.0,0,1,0,0,0,0,20,858.5
flat,godrej air,sector 85,1.75,9589.04109589041,1825.0,Built Up area: 1825 (169.55 sq.m.),3,3,2,27.0,,Undefined,,1825.0,,0,0,0,0,0,0,44,608.3333333333334
house,independent,sector 67,1.5,8640.552995391705,1736.0,Carpet area: 180 (150.5 sq.m.),5,3,2,2.0,,New Property,,,180.0,0,0,0,0,0,0,0,347.2
flat,experion windchants,sector 112,5.49,11584.722515298587,4739.0,Super Built up area 4739(440.27 sq.m.)Built Up area: 3655.35 sq.ft. (339.59 sq.m.),4,5,3+,5.0,South,Relatively New,4739.0,3655.35,,0,1,0,0,0,1,168,1184.75
flat,puri diplomatic greens,sector 111,2.65,11963.882618510159,2215.0,Super Built up area 2215(205.78 sq.m.),3,4,3+,19.0,South-East,Relatively New,2215.0,,,1,1,1,1,0,0,65,738.3333333333334
flat,sare crescent parc,sector 92,0.8,6033.1825037707395,1326.0,Carpet area: 1326 (123.19 sq.m.),3,2,2,3.0,North-East,Relatively New,,,1326.0,0,0,0,0,0,0,15,442.0
flat,godrej summit,sector 104,1.75,7530.120481927711,2324.0,Carpet area: 2324 (215.91 sq.m.),4,5,3+,1.0,,New Property,,,2324.0,0,1,0,0,0,0,60,581.0
flat,unitech sunbreeze,sector 69,0.74,5501.858736059479,1345.0,Super Built up area 1337(124.21 sq.m.),3,3,1,10.0,,Under Construction,1337.0,,,0,1,0,0,0,0,60,448.3333333333333
flat,indiabulls centrum park,sector 103,1.35,7541.899441340782,1790.0,Super Built up area 1790(166.3 sq.m.),3,3,3+,3.0,North-East,Relatively New,1790.0,,,1,0,0,0,0,1,168,596.6666666666666
flat,emaar mgf emerald estate,sector 65,1.75,12544.802867383512,1395.0,Super Built up area 1395(129.6 sq.m.)Carpet area: 809 sq.ft. (75.16 sq.m.),3,3,3,10.0,North-East,Relatively New,1395.0,,809.0,0,1,0,0,0,1,124,465.0
flat,viridian the plaza 106,sector 106,0.39,5571.428571428572,700.0,Super Built up area 700(65.03 sq.m.)Carpet area: 450 sq.ft. (41.81 sq.m.),1,1,1,7.0,East,Relatively New,700.0,,450.0,0,0,0,0,0,0,130,700.0
flat,shree vardhman flora,sector 90,0.9,4615.384615384615,1950.0,Super Built up area 1950(181.16 sq.m.),3,4,3,4.0,East,Relatively New,1950.0,,,0,1,0,0,0,0,165,650.0
flat,tulip violet,sector 69,1.68,8358.208955223881,2010.0,Super Built up area 2010(186.74 sq.m.),4,4,2,7.0,North,Relatively New,2010.0,,,0,0,0,0,0,0,127,502.5
flat,parsvnath green ville,sector 48,1.42,8606.060606060606,1650.0,Super Built up area 1650(153.29 sq.m.),3,3,3,1.0,North-West,Moderately Old,1650.0,,,0,0,1,0,0,2,174,550.0
flat,gls avenue 51,sector 92,0.42,7106.598984771574,591.0,Carpet area: 591 (54.91 sq.m.),2,2,1,4.0,East,Relatively New,,,591.0,1,0,0,1,0,1,42,295.5
flat,adani brahma samsara vilasa,sector 63,3.4,10000.0,3400.0,Super Built up area 3400(315.87 sq.m.),3,3,3+,1.0,West,New Property,3400.0,,,0,0,0,0,0,0,99,1133.3333333333333
house,unitech nirvana birch court,sector 50,7.1,31429.836210712703,2259.0,Plot area 240(22.3 sq.m.),3,3,3,1.0,East,Moderately Old,,240.0,,0,1,0,0,0,0,49,753.0
flat,tarc maceo,sector 91,1.8,7758.620689655172,2320.0,Carpet area: 2320 (215.54 sq.m.),4,3,3+,0.0,North,Relatively New,,,2320.0,1,0,0,1,0,2,45,580.0
flat,dlf the primus,sector 82a,1.8,13846.153846153846,1300.0,Super Built up area 1818(168.9 sq.m.)Carpet area: 1300 sq.ft. (120.77 sq.m.),3,3,3+,10.0,North-East,Relatively New,1818.0,,1300.0,0,1,0,0,0,2,174,433.3333333333333
flat,the nav manesar apartment,sector 1,0.85,3953.4883720930234,2150.0,Super Built up area 2150(199.74 sq.m.),3,3,3+,5.0,North-East,Moderately Old,2150.0,,,0,1,0,0,0,0,5,716.6666666666666
flat,chd avenue,sector 71,1.1,6790.123456790124,1620.0,Super Built up area 1620(150.5 sq.m.),3,3,3,11.0,,Relatively New,1620.0,,,0,0,0,0,1,0,72,540.0
house,sushant lok 1 builder floors,sector 43,2.45,7755.6188667299775,3159.0,Plot area 60(50.17 sq.m.)Built Up area: 540 sq.yards (451.51 sq.m.)Carpet area: 351 sq.yards (293.48 sq.m.),4,4,3+,3.0,West,Moderately Old,,540.0,351.0,1,1,0,1,1,2,123,789.75
flat,paras quartier,gwal pahari,5.9,11028.03738317757,5350.0,Super Built up area 5350(497.03 sq.m.),4,4,3+,19.0,East,New Property,5350.0,,,1,1,1,1,0,1,160,1337.5
flat,ss the leaf,sector 85,1.05,6402.4390243902435,1640.0,Super Built up area 1640(152.36 sq.m.),2,2,3,11.0,North-East,Relatively New,1640.0,,,0,0,0,0,0,0,44,820.0
flat,sidhartha ncr one,sector 95,0.55,5555.555555555556,990.0,Built Up area: 990 (91.97 sq.m.)Carpet area: 950 sq.ft. (88.26 sq.m.),2,2,3,15.0,North-East,Undefined,,990.0,950.0,0,0,0,0,0,0,0,495.0
flat,microtek greenburg,sector 86,1.93,8446.389496717724,2285.0,Super Built up area 2285(212.28 sq.m.),3,4,3,12.0,East,Relatively New,2285.0,,,0,1,0,0,0,0,72,761.6666666666666
flat,spaze privy,sector 72,1.9,9620.253164556962,1975.0,Super Built up area 1975(183.48 sq.m.),3,3,3,10.0,,Moderately Old,1975.0,,,0,1,0,0,0,1,31,658.3333333333334
flat,la vida by tata housing,sector 113,2.45,11050.969778980605,2217.0,Super Built up area 2217(205.97 sq.m.)Built Up area: 1890 sq.ft. (175.59 sq.m.)Carpet area: 1680 sq.ft. (156.08 sq.m.),3,3,3+,3.0,North-East,Relatively New,2217.0,1890.0,1680.0,1,0,0,0,0,0,174,739.0
house,vipul tatvam villa,sector 48,7.35,22811.91806331471,3222.0,Plot area 358(299.33 sq.m.),4,5,2,2.0,South,Moderately Old,,358.0,,1,1,1,1,0,1,144,805.5
flat,unitech uniworld gardens,sector 47,1.05,10531.59478435306,997.0,Carpet area: 997 (92.62 sq.m.),2,2,2,3.0,North-East,Relatively New,,,997.0,0,0,0,0,0,1,34,498.5
house,suncity township,sector 54,2.0,3439.972480220158,5814.0,Plot area 60Built Up area: 60 sq.m.Carpet area: 59 sq.m.,9,9,3,11.0,North,Relatively New,,60.0,59.0,0,1,0,0,0,2,7,646.0
flat,signature global city 63a,sector 63a,1.4,11336.032388663967,1235.0,Carpet area: 1235 (114.74 sq.m.),2,2,2,3.0,East,Undefined,,,1235.0,0,0,0,0,1,0,0,617.5
flat,shapoorji pallonji joyville gurugram,sector 102,0.95,10382.513661202185,915.0,Built Up area: 915 (85.01 sq.m.)Carpet area: 858 sq.ft. (79.71 sq.m.),2,2,2,14.0,North-West,Undefined,,915.0,858.0,0,0,0,0,0,0,0,457.5
flat,tulip violet,sector 69,1.4,8917.197452229299,1570.0,Super Built up area 1568(145.67 sq.m.),3,3,1,12.0,East,Relatively New,1568.0,,,0,0,0,1,0,0,86,523.3333333333334
flat,ambience creacions,sector 22,3.2,11498.383039885017,2783.0,Super Built up area 2781(258.36 sq.m.),3,4,3+,2.0,North-East,New Property,2781.0,,,0,0,0,0,0,0,42,927.6666666666666
flat,unitech sunbreeze,sector 69,1.0,5476.45125958379,1826.0,Built Up area: 1826 (169.64 sq.m.),4,3,0,0.0,,Undefined,,1826.0,,0,0,0,0,0,0,0,456.5
flat,signature global park,sohna road,0.54,6506.024096385542,830.0,Carpet area: 830 (77.11 sq.m.),2,2,1,2.0,,Relatively New,,,830.0,0,0,0,0,0,0,16,415.0
flat,experion the heartsong,sector 108,1.3,8344.03080872914,1558.0,Super Built up area 1758(163.32 sq.m.)Carpet area: 1558 sq.ft. (144.74 sq.m.),3,3,3+,7.0,South-West,Relatively New,1758.0,,1558.0,1,0,0,0,0,0,150,519.3333333333334
house,bptp pedestal,sector 70a,0.92,7750.631844987363,1187.0,Carpet area: 1187 (110.28 sq.m.),2,3,3+,3.0,North-East,New Property,,,1187.0,0,0,0,0,1,0,153,593.5
flat,ss the coralwood,sector 84,1.05,6774.193548387097,1550.0,Super Built up area 1750(162.58 sq.m.)Built Up area: 1610 sq.ft. (149.57 sq.m.)Carpet area: 1550 sq.ft. (144 sq.m.),3,3,3,6.0,North-East,Relatively New,1750.0,1610.0,1550.0,0,0,0,0,1,0,129,516.6666666666666
house,vipul tatvam villa,sector 48,5.5,21219.135802469136,2592.0,Plot area 288(240.8 sq.m.),3,6,2,2.0,North,Moderately Old,,288.0,,0,1,0,0,1,1,106,864.0
flat,ireo the grand arch,sector 58,2.2,13480.392156862745,1632.0,Super Built up area 1632(151.62 sq.m.)Built Up area: 1432 sq.ft. (133.04 sq.m.)Carpet area: 1232 sq.ft. (114.46 sq.m.),2,2,1,5.0,North-East,Relatively New,1632.0,1432.0,1232.0,1,0,0,0,0,1,94,816.0
flat,paras dews,sector 106,2.1,8917.197452229299,2355.0,Super Built up area 2355(218.79 sq.m.),4,6,3+,6.0,South-East,Relatively New,2355.0,,,0,1,0,0,1,0,60,588.75
flat,orris carnation residency,sector 85,0.9,4531.722054380664,1986.0,Super Built up area 1975(183.48 sq.m.)Built Up area: 1575 sq.ft. (146.32 sq.m.)Carpet area: 1435 sq.ft. (133.32 sq.m.),4,4,3,8.0,East,Moderately Old,1975.0,1575.0,1435.0,0,0,0,0,0,1,40,496.5
flat,gls arawali homes,sohna road,0.3,6237.006237006237,481.0,Super Built up area 567(52.68 sq.m.)Carpet area: 480.53 sq.ft. (44.64 sq.m.),2,2,2,4.0,East,Relatively New,567.0,,480.53,0,0,0,0,0,2,120,240.5
flat,adani oyster greens,sector 102,1.9,10058.231868713605,1889.0,Carpet area: 1889 (175.49 sq.m.),3,3,3+,9.0,North-East,Relatively New,,,1889.0,1,0,1,1,0,0,0,629.6666666666666
flat,la vida by tata housing,sector 113,1.5,11755.485893416928,1276.0,Carpet area: 1276 (118.54 sq.m.),2,2,2,13.0,,New Property,,,1276.0,0,0,0,0,0,0,71,638.0
flat,godrej,sector 79,2.5,11140.819964349375,2244.0,Built Up area: 2244 (208.47 sq.m.)Carpet area: 1800 sq.ft. (167.23 sq.m.),3,3,3+,5.0,,Undefined,,2244.0,1800.0,0,0,0,0,0,0,0,748.0
flat,m3m sierra 68,sector 68,1.13,9076.305220883534,1245.0,Super Built up area 1245(115.66 sq.m.)Built Up area: 1130 sq.ft. (104.98 sq.m.)Carpet area: 930 sq.ft. (86.4 sq.m.),2,2,3,9.0,West,Relatively New,1245.0,1130.0,930.0,0,0,0,0,0,1,149,622.5
house,independent,sector 28,11.75,41315.04922644163,2844.0,Plot area 316(264.22 sq.m.),4,5,3+,4.0,East,Relatively New,,316.0,,1,1,1,0,0,1,54,711.0
flat,nul,gwal pahari,0.56,6054.054054054054,925.0,Carpet area: 925 (85.94 sq.m.),2,2,1,11.0,,Old Property,,,925.0,0,0,0,0,0,1,0,462.5
flat,signature global park 4,sector 36,0.82,7585.568917668825,1081.0,Super Built up area 1081(100.43 sq.m.)Carpet area: 650 sq.ft. (60.39 sq.m.),3,2,2,2.0,,New Property,1081.0,,650.0,0,0,0,0,0,0,8,360.3333333333333
flat,pyramid elite,sector 86,0.45,7839.721254355401,574.0,Carpet area: 573.54 (53.28 sq.m.),2,2,1,12.0,,Under Construction,,,573.500592,0,0,0,0,0,0,30,287.0
flat,sare crescent parc royal greens phase 1,sector 92,0.95,5007.907221929362,1897.0,Super Built up area 1897(176.24 sq.m.),4,5,3+,4.0,,Moderately Old,1897.0,,,0,1,0,0,0,0,37,474.25
house,international city by sobha phase 2,sector 109,11.25,25000.0,4500.0,Plot area 500(418.06 sq.m.),7,5,3+,4.0,North-East,Relatively New,,500.0,,1,1,0,1,0,0,42,642.8571428571429
flat,godrej nature plus,sector 33,1.7,12592.592592592593,1350.0,Carpet area: 1350 (125.42 sq.m.),3,3,3+,6.0,,New Property,,,1350.0,0,1,0,0,0,0,38,450.0
flat,ats triumph,sector 104,2.6,8813.559322033898,2950.0,Super Built up area 3150(292.64 sq.m.)Carpet area: 2950 sq.ft. (274.06 sq.m.),4,4,3+,16.0,East,Relatively New,3150.0,,2950.0,0,1,0,0,0,1,150,737.5
flat,housing apna enclave,sector 4,0.39,4105.263157894737,950.0,Built Up area: 950 (88.26 sq.m.)Carpet area: 750 sq.ft. (69.68 sq.m.),2,2,1,1.0,North-East,Undefined,,950.0,750.0,0,0,0,0,0,0,0,475.0
flat,pioneer araya,sector 62,9.14,19488.272921108743,4690.0,Super Built up area 4690(435.72 sq.m.)Carpet area: 3258 sq.ft. (302.68 sq.m.),4,6,3,16.0,East,Relatively New,4690.0,,3258.0,1,1,1,0,0,1,146,1172.5
flat,tulip purple,sector 69,1.8,9000.0,2000.0,Super Built up area 2400(222.97 sq.m.)Built Up area: 2200 sq.ft. (204.39 sq.m.)Carpet area: 2000 sq.ft. (185.81 sq.m.),4,5,3+,4.0,North-East,Relatively New,2400.0,2200.0,2000.0,0,1,0,0,0,0,165,500.0
flat,conscient elevate,sector 59,3.9,16993.46405228758,2295.0,Built Up area: 2295 (213.21 sq.m.),3,1,0,0.0,,Undefined,,2295.0,,0,0,0,0,0,0,0,765.0
flat,alpha corp gurgaonone,sector 84,1.15,7496.740547588005,1534.0,Super Built up area 1534(142.51 sq.m.)Carpet area: 1260 sq.ft. (117.06 sq.m.),2,2,3,14.0,South-East,Relatively New,1534.0,,1260.0,1,0,0,0,0,0,28,767.0
flat,afnhb jalvayu vihar,sector 30,0.85,12859.304084720121,661.0,Carpet area: 661 (61.41 sq.m.),2,2,1,2.0,West,Old Property,,,661.0,0,0,0,0,1,1,49,330.5
flat,dlf regency park,sector 28,1.35,11989.342806394316,1126.0,Built Up area: 1109 (103.03 sq.m.),2,2,2,1.0,,Moderately Old,,1109.0,,0,0,0,0,0,0,0,563.0
flat,lord krishna,sector 12,2.7,8571.42857142857,3150.0,Built Up area: 3150 (292.64 sq.m.),4,3,3,6.0,North-East,Undefined,,3150.0,,0,0,0,0,0,0,0,787.5
flat,godrej summit,sector 104,1.3,7893.139040680025,1647.0,Super Built up area 1647(153.01 sq.m.),3,3,3,8.0,,New Property,1647.0,,,0,0,0,0,1,0,103,549.0
house,independent,sector 4,3.3,14666.666666666666,2250.0,Plot area 250(209.03 sq.m.),3,3,2,1.0,North-East,Old Property,,250.0,,0,0,0,0,0,0,34,750.0
flat,experion the heartsong,sector 108,1.65,8237.643534697952,2003.0,Super Built up area 2003(186.08 sq.m.)Built Up area: 1771.32 sq.ft. (164.56 sq.m.)Carpet area: 1302.01 sq.ft. (120.96 sq.m.),3,4,3,3.0,North-West,Moderately Old,2003.0,1771.32,1302.01,1,0,0,0,0,1,75,667.6666666666666
flat,smart world gems,sector 89,0.97,8794.197642792384,1103.0,Built Up area: 1103 (102.47 sq.m.),2,2,3+,2.0,East,New Property,,1103.0,,0,0,0,0,0,0,49,551.5
flat,puri diplomatic greens,sector 111,2.58,11727.272727272728,2200.0,Super Built up area 2200(204.39 sq.m.),3,4,2,10.0,North,Moderately Old,2200.0,,,0,1,0,0,0,0,86,733.3333333333334
flat,bestech altura,sector 79,1.72,8398.4375,2048.0,Built Up area: 2050 (190.45 sq.m.),3,4,3,9.0,East,New Property,,2050.0,,0,0,0,0,0,0,49,682.6666666666666
flat,puri emerald bay,sector 104,2.55,10408.163265306122,2450.0,Super Built up area 2450(227.61 sq.m.)Carpet area: 2150 sq.ft. (199.74 sq.m.),4,4,3+,5.0,East,Relatively New,2450.0,,2150.0,0,1,0,0,0,0,49,612.5
flat,surendra avenue 69,sector 69,0.75,6818.181818181818,1100.0,Built Up area: 1100 (102.19 sq.m.),2,2,2,4.0,,Moderately Old,,1100.0,,0,0,0,0,0,0,0,550.0
flat,ss the leaf,sector 85,1.65,6852.159468438538,2408.0,Super Built up area 2408(223.71 sq.m.),3,4,3,9.0,,New Property,2408.0,,,0,0,0,1,0,0,21,802.6666666666666
house,shivpuri,sector 7,2.4,8888.888888888889,2700.0,Plot area 300(250.84 sq.m.),10,5,3,2.0,North,Old Property,,300.0,,1,1,0,1,0,0,8,270.0
flat,bestech park view ananda,sector 81,1.15,6927.710843373494,1660.0,Super Built up area 1660(154.22 sq.m.)Carpet area: 1282 sq.ft. (119.1 sq.m.),3,2,3+,6.0,South,Relatively New,1660.0,,1282.0,1,0,0,0,0,1,104,553.3333333333334
flat,eldeco accolade,sohna road,0.73,5752.561071710008,1269.0,Super Built up area 1269(117.89 sq.m.),2,2,3,9.0,North-East,Relatively New,1269.0,,,0,0,0,1,0,0,103,634.5
flat,parsvnath green ville,sector 48,1.5,8787.346221441125,1707.0,Super Built up area 1707(158.59 sq.m.)Built Up area: 1600 sq.ft. (148.64 sq.m.)Carpet area: 1400 sq.ft. (130.06 sq.m.),3,3,3,1.0,North,Old Property,1707.0,1600.0,1400.0,0,0,0,0,0,1,128,569.0
flat,raheja vedaanta,sector 108,0.7,4521.963824289405,1548.0,Built Up area: 1548 (143.81 sq.m.)Carpet area: 1200 sq.ft. (111.48 sq.m.),2,2,3,1.0,West,Undefined,,1548.0,1200.0,0,0,0,0,0,0,0,774.0
flat,nagata group housing society,sector 1,0.85,3695.6521739130435,2300.0,Super Built up area 2300(213.68 sq.m.),3,3,3+,4.0,North,Relatively New,2300.0,,,0,1,0,0,0,0,5,766.6666666666666
flat,bestech park view spa next,sector 67,2.35,12144.70284237726,1935.0,Super Built up area 1935(179.77 sq.m.),3,4,3+,14.0,South-West,Moderately Old,1935.0,,,0,1,0,0,0,1,156,645.0
flat,chd avenue,sector 71,1.16,6655.192197360872,1743.0,Super Built up area 1743(161.93 sq.m.),3,3,3,5.0,South-West,Moderately Old,1743.0,,,0,1,0,0,0,1,73,581.0
flat,maruti vihar,sector 28,1.0,9090.90909090909,1100.0,Super Built up area 1100(102.19 sq.m.),1,1,1,1.0,North,Old Property,1100.0,,,1,0,0,1,0,1,80,1100.0
flat,hcbs sports ville,sohna road,0.2,2666.6666666666665,750.0,Super Built up area 750(69.68 sq.m.)Built Up area: 743 sq.ft. (69.03 sq.m.)Carpet area: 600 sq.ft. (55.74 sq.m.),2,2,1,4.0,,New Property,750.0,743.0,600.0,0,0,0,0,0,0,15,375.0
flat,sare crescent parc,sector 92,0.87,4971.428571428572,1750.0,Super Built up area 1750(162.58 sq.m.),4,4,2,2.0,East,Moderately Old,1750.0,,,0,0,1,0,0,2,115,437.5
flat,la vida by tata housing,sector 113,1.38,12000.0,1150.0,Super Built up area 1573(146.14 sq.m.)Built Up area: 1350 sq.ft. (125.42 sq.m.)Carpet area: 1150 sq.ft. (106.84 sq.m.),2,2,3,8.0,South-West,New Property,1573.0,1350.0,1150.0,1,0,0,0,0,0,174,575.0
house,eros rosewood city,sector 49,3.75,22045.855379188713,1701.0,Plot area 189(158.03 sq.m.),3,3,1,2.0,South,Old Property,,189.0,,0,0,0,1,0,1,6,567.0
house,independent,sector 9,3.4,12937.595129375952,2628.0,Plot area 292(244.15 sq.m.),9,9,3,3.0,West,Moderately Old,,292.0,,0,0,0,0,0,1,61,292.0
house,independent,sector 57,3.6,20833.333333333332,1728.0,Plot area 192(160.54 sq.m.),4,4,2,2.0,South,Old Property,,192.0,,1,1,1,1,0,0,110,432.0
flat,la vida by tata housing,sector 113,3.05,11338.289962825278,2690.0,Super Built up area 2690(249.91 sq.m.)Built Up area: 2600 sq.ft. (241.55 sq.m.)Carpet area: 2240 sq.ft. (208.1 sq.m.),3,4,3,15.0,North-East,New Property,2690.0,2600.0,2240.0,0,1,0,0,0,0,174,896.6666666666666
house,international city by sobha phase 1,sector 109,5.85,26422.764227642278,2214.0,Plot area 246(205.69 sq.m.),4,5,3+,2.0,East,Relatively New,,246.0,,0,1,0,0,0,1,85,553.5
flat,bptp terra,sector 37d,1.45,8006.6261733848705,1811.0,Super Built up area 1811(168.25 sq.m.),3,3,3,9.0,North-East,Relatively New,1811.0,,,0,0,0,0,0,0,107,603.6666666666666
house,independent,sector 4,0.67,8556.832694763729,783.0,Plot area 87(72.74 sq.m.),3,2,1,1.0,South,Moderately Old,,87.0,,0,0,0,1,1,0,19,261.0
flat,conscient heritage max,sector 102,1.82,9009.90099009901,2020.0,Super Built up area 1942(180.42 sq.m.),3,4,3+,12.0,North-East,Relatively New,1942.0,,,0,1,0,0,0,0,101,673.3333333333334
flat,ss the leaf,sector 85,1.24,7122.343480758185,1741.0,Super Built up area 1741(161.74 sq.m.)Built Up area: 1730 sq.ft. (160.72 sq.m.)Carpet area: 1720 sq.ft. (159.79 sq.m.),2,2,3,10.0,West,Relatively New,1741.0,1730.0,1720.0,0,0,0,0,0,0,49,870.5
flat,housing board colony,sector 51,0.3,4629.62962962963,648.0,Carpet area: 72 (6.69 sq.m.),1,1,0,0.0,,Moderately Old,,,72.0,1,0,0,0,0,0,15,648.0
house,independent,sector 57,4.7,21759.25925925926,2160.0,Plot area 240(200.67 sq.m.),3,3,2,2.0,North,Old Property,,240.0,,0,1,0,0,1,0,43,720.0
flat,ramprastha the edge towers,sector 37d,0.75,5319.148936170212,1410.0,Built Up area: 1410 (130.99 sq.m.),2,2,3,19.0,,Moderately Old,,1410.0,,0,0,0,0,0,0,63,705.0
flat,aipl zen residences,sector 70a,1.65,13074.484944532489,1262.0,Super Built up area 1262(117.24 sq.m.),2,2,3,23.0,North-West,New Property,1262.0,,,0,0,0,0,0,0,81,631.0
flat,not applicable,sector 4,0.42,5600.0,750.0,Carpet area: 750 (69.68 sq.m.),2,2,1,3.0,,Relatively New,,,750.0,0,0,0,0,0,1,26,375.0
flat,tulip violet,sector 69,1.75,8883.248730964468,1970.0,Super Built up area 1970(183.02 sq.m.),4,4,1,12.0,North-West,Relatively New,1970.0,,,0,0,0,0,0,0,86,492.5
flat,smart world orchard,sector 61,2.57,15766.871165644172,1630.0,Carpet area: 1630 (151.43 sq.m.),3,3,2,3.0,North-East,Under Construction,,,1630.0,1,0,0,0,0,0,0,543.3333333333334
flat,bptp astaire gardens,sector 70a,1.6,8658.008658008657,1848.0,Super Built up area 1848(171.68 sq.m.)Built Up area: 1600 sq.ft. (148.64 sq.m.)Carpet area: 1400 sq.ft. (130.06 sq.m.),4,4,3,1.0,,Relatively New,1848.0,1600.0,1400.0,1,0,0,0,1,0,42,462.0
flat,puri diplomatic greens,sector 111,3.45,11694.915254237289,2950.0,Super Built up area 2950(274.06 sq.m.),4,5,3+,9.0,North-East,Relatively New,2950.0,,,0,1,0,0,0,0,68,737.5
flat,signature global solera,sector 107,0.25,7861.635220125786,318.0,Built Up area: 318 (29.54 sq.m.),1,1,0,0.0,,Undefined,,318.0,,0,0,0,0,0,0,55,318.0
flat,emaar palm gardens,sector 83,1.35,12328.767123287671,1095.0,Super Built up area 1720(159.79 sq.m.)Carpet area: 1095.3 sq.ft. (101.76 sq.m.),3,3,3,7.0,South-West,Relatively New,1720.0,,1095.3,0,1,0,0,0,0,24,365.0
house,international city by sobha phase 2,sector 109,7.0,11239.563262684649,6228.0,Plot area 692(578.6 sq.m.),5,5,3+,2.0,South,Relatively New,,692.0,,0,1,0,0,0,0,129,1245.6
flat,pioneer park,sector 61,2.0,11764.70588235294,1700.0,Super Built up area 1700(157.94 sq.m.),3,3,3,24.0,North-West,Moderately Old,1700.0,,,0,0,0,0,0,1,75,566.6666666666666
flat,bestech park view sanskruti,sector 92,1.6,7547.169811320755,2120.0,Super Built up area 2120(196.95 sq.m.)Carpet area: 1450 sq.ft. (134.71 sq.m.),3,3,3,10.0,East,Relatively New,2120.0,,1450.0,0,1,0,0,0,1,60,706.6666666666666
house,independent,sector 1,4.75,10555.555555555555,4500.0,Built Up area: 4500 (418.06 sq.m.),6,7,0,4.0,,Undefined,,4500.0,,0,0,0,0,0,0,0,750.0
flat,suncity vatsal valley,gwal pahari,1.53,10699.300699300698,1430.0,Carpet area: 1430 (132.85 sq.m.),3,3,3,2.0,North-East,New Property,,,1430.0,0,0,0,0,0,1,117,476.6666666666667
flat,vidya apartment,sector 3 phase 3 extension,0.22,4206.500956022945,523.0,Built Up area: 570 (52.95 sq.m.)Carpet area: 550 sq.ft. (51.1 sq.m.),2,2,1,1.0,North-West,Relatively New,,570.0,550.0,0,0,0,0,1,2,36,261.5
flat,ss the leaf,sector 85,1.1,6318.207926479035,1741.0,Super Built up area 1741(161.74 sq.m.)Carpet area: 1218 sq.ft. (113.16 sq.m.),2,2,3+,3.0,South-East,Relatively New,1741.0,,1218.0,0,0,1,0,0,0,143,870.5
flat,smart world gems,sector 89,0.86,7796.917497733454,1103.0,Super Built up area 1103(102.47 sq.m.),2,3,3,4.0,,Under Construction,1103.0,,,0,0,0,0,0,0,45,551.5
house,bhim garh kheri,sector 3,0.75,6410.25641025641,1170.0,Plot area 130(108.7 sq.m.),4,2,2,2.0,West,Old Property,,130.0,,0,0,0,0,0,0,16,292.5
flat,sare homes,sector 92,0.95,4871.794871794872,1950.0,Super Built up area 1950(181.16 sq.m.),4,3,3,13.0,,New Property,1950.0,,,0,0,0,0,0,0,0,487.5
flat,emaar mgf emerald estate,sector 65,1.3,20602.218700475434,631.0,Super Built up area 1020(94.76 sq.m.)Carpet area: 631 sq.ft. (58.62 sq.m.),2,2,2,7.0,West,Relatively New,1020.0,,631.0,1,0,0,0,0,0,78,315.5
flat,pareena mi casa,sector 68,1.85,9310.518369401107,1987.0,Super Built up area 1987(184.6 sq.m.),3,3,3+,13.0,,Under Construction,1987.0,,,0,0,0,0,0,0,47,662.3333333333334
flat,sare crescent parc,sector 92,0.65,4596.888260254597,1414.0,Carpet area: 1414 (131.36 sq.m.),3,3,3,3.0,,Moderately Old,,,1414.0,0,0,0,0,0,0,44,471.3333333333333
flat,pareena coban residences,sector 99a,1.32,6609.914872308463,1997.0,Super Built up area 1997(185.53 sq.m.)Carpet area: 1500 sq.ft. (139.35 sq.m.),3,5,3,11.0,North-East,New Property,1997.0,,1500.0,0,1,0,0,0,0,88,665.6666666666666
house,uppal southend,sector 49,6.75,32327.58620689655,2088.0,Built Up area: 232 (193.98 sq.m.),4,4,3,3.0,West,Relatively New,,232.0,,0,1,0,0,0,1,26,522.0
flat,shree vardhman flora,sector 90,0.7,5177.514792899408,1352.0,Carpet area: 1352 (125.6 sq.m.),2,3,2,7.0,North,Relatively New,,,1352.0,1,0,0,0,0,1,49,676.0
house,huda,sector 38,3.5,24005.48696844993,1458.0,Plot area 162(135.45 sq.m.)Built Up area: 161 sq.yards (134.62 sq.m.)Carpet area: 160 sq.yards (133.78 sq.m.),3,2,3,2.0,East,Moderately Old,,161.0,160.0,0,0,1,0,0,1,85,486.0
flat,signature global solera,sector 107,0.29,5930.470347648262,489.0,Carpet area: 489 (45.43 sq.m.),2,2,2,3.0,East,Relatively New,,,489.0,0,0,0,0,0,0,45,244.5
flat,dlf wellington estate,sector 43,2.09,14615.384615384615,1430.0,Super Built up area 1430(132.85 sq.m.),3,3,2,11.0,West,Old Property,1430.0,,,0,0,0,0,0,1,79,476.6666666666667
flat,ireo the corridors,sector 67a,1.8,9370.119729307653,1921.0,Super Built up area 1921(178.47 sq.m.)Carpet area: 1227.96 sq.ft. (114.08 sq.m.),3,3,2,3.0,North,New Property,1921.0,,1227.96,1,0,1,0,0,1,150,640.3333333333334
flat,bptp terra,sector 37d,1.65,8790.623335109216,1877.0,Super Built up area 1877(174.38 sq.m.),3,3,2,15.0,East,Relatively New,1877.0,,,0,0,0,0,0,0,116,625.6666666666666
house,independent,sohna road road,0.95,8920.18779342723,1065.0,Plot area 1065(98.94 sq.m.),3,10,3+,3.0,,New Property,,1065.0,,0,0,0,0,0,0,0,355.0
flat,mapsko royale ville,sector 82,0.97,5418.994413407821,1790.0,Super Built up area 1790(166.3 sq.m.),3,4,2,16.0,North-West,Relatively New,1790.0,,,0,1,0,0,0,0,95,596.6666666666666
flat,m3m soulitude,sector 89,1.25,8784.258608573437,1423.0,Carpet area: 1423 (132.2 sq.m.),3,3,2,3.0,,New Property,,,1423.0,1,0,0,0,0,0,49,474.3333333333333
flat,hsiidc sidco aravali,manesar,0.9,3477.5888717156104,2588.0,Super Built up area 2588(240.43 sq.m.)Built Up area: 1900 sq.ft. (176.52 sq.m.),3,3,3,2.0,,Old Property,2588.0,1900.0,,0,1,0,0,0,2,21,862.6666666666666
house,ansal api spanish court,sector 2,2.9,18625.561978163136,1557.0,Plot area 173(144.65 sq.m.)Built Up area: 1415 sq.yards (1183.12 sq.m.)Carpet area: 1350 sq.yards (1128.77 sq.m.),4,4,3,2.0,North,Relatively New,,1415.0,1350.0,0,0,1,0,0,1,49,389.25
flat,paras dews,sector 106,1.34,9550.96222380613,1403.0,Super Built up area 2355(218.79 sq.m.)Built Up area: 1535 sq.ft. (142.61 sq.m.)Carpet area: 1403 sq.ft. (130.34 sq.m.),4,5,3+,7.0,South-East,Relatively New,2355.0,1535.0,1403.0,0,1,0,0,0,0,49,350.75
flat,sare homes,sector 92,0.71,5354.449472096531,1326.0,Carpet area: 1326 (123.19 sq.m.),3,3,3,2.0,North-West,Relatively New,,,1326.0,0,0,0,1,0,0,108,442.0
flat,tulip violet,sector 69,1.4,8855.154965211892,1581.0,Super Built up area 1578(146.6 sq.m.),3,3,2,9.0,West,Relatively New,1578.0,,,0,0,0,1,0,0,120,527.0
flat,vatika the seven lamps,sector 82,1.6,6597.938144329897,2425.0,Super Built up area 2425(225.29 sq.m.),4,5,3+,8.0,South-West,Relatively New,2425.0,,,0,1,0,0,0,0,133,606.25
flat,ss the leaf,sector 85,1.08,6585.365853658536,1640.0,Super Built up area 1640(152.36 sq.m.)Built Up area: 1200 sq.ft. (111.48 sq.m.)Carpet area: 1125 sq.ft. (104.52 sq.m.),2,2,3,8.0,North-East,New Property,1640.0,1200.0,1125.0,1,1,1,1,0,1,157,820.0
flat,godrej nature plus,sector 33,1.55,9955.041746949262,1557.0,Carpet area: 1557 (144.65 sq.m.),3,2,3+,8.0,East,New Property,,,1557.0,0,0,0,0,0,0,43,519.0
house,independent,sector 55,1.64,10123.456790123457,1620.0,Plot area 180(150.5 sq.m.),3,3,2,4.0,South,New Property,,180.0,,1,1,0,0,0,1,54,540.0
flat,kanchanjanga tower,sector 56,1.45,7631.578947368421,1900.0,Super Built up area 1900(176.52 sq.m.),3,3,3+,2.0,North,Moderately Old,1900.0,,,0,0,0,0,0,1,126,633.3333333333334
house,independent,sector 38,8.0,25616.394492475185,3123.0,Built Up area: 347 (32.24 sq.m.)Carpet area: 215 sq.ft. (19.97 sq.m.),10,10,3+,1.0,North,Undefined,,347.0,215.0,0,0,0,0,0,0,0,312.3
flat,orchid petals,sector 49,2.09,11578.947368421053,1805.0,Super Built up area 1805(167.69 sq.m.),3,3,3,0.0,South,Relatively New,1805.0,,,0,0,0,0,0,0,49,601.6666666666666
flat,smart world gems,sector 89,0.86,7796.917497733454,1103.0,Carpet area: 1103 (102.47 sq.m.),2,3,2,4.0,North-East,New Property,,,1103.0,1,1,0,1,0,1,72,551.5
house,independent,sector 7,1.35,4545.454545454545,2970.0,Built Up area: 330 (30.66 sq.m.),4,5,0,3.0,,Undefined,,330.0,,0,0,0,0,0,0,0,742.5
flat,godrej summit,sector 104,0.85,6893.75506893755,1233.0,Carpet area: 1450 (134.71 sq.m.),2,2,3,12.0,,Relatively New,,,1450.0,1,0,0,0,1,0,61,616.5
flat,pareena coban residences,sector 99a,1.38,7150.259067357513,1930.0,Super Built up area 2352(218.51 sq.m.)Built Up area: 2150 sq.ft. (199.74 sq.m.)Carpet area: 1930 sq.ft. (179.3 sq.m.),4,5,3+,1.0,South-East,Relatively New,2352.0,2150.0,1930.0,0,1,0,0,1,0,49,482.5
flat,ss the leaf,sector 85,1.2,9677.41935483871,1240.0,Super Built up area 1772(164.62 sq.m.)Carpet area: 1240 sq.ft. (115.2 sq.m.),2,2,3+,9.0,East,Relatively New,1772.0,,1240.0,0,0,1,0,0,0,148,620.0
house,independent,sector 3,0.37,7922.912205567452,467.0,Built Up area: 480 (44.59 sq.m.),1,1,1,1.0,,Relatively New,,480.0,,0,0,0,0,0,0,0,467.0
flat,m3m skycity,sector 65,2.1,16030.534351145037,1310.0,Super Built up area 1310(121.7 sq.m.),2,2,2,43.0,,New Property,1310.0,,,0,0,0,0,0,0,127,655.0
house,palam vihar extension west zone rwa,sector 2,0.35,6481.481481481482,540.0,Plot area 600(55.74 sq.m.)Carpet area: 540 sq.ft. (50.17 sq.m.),2,2,0,1.0,North-East,New Property,,,540.0,0,0,0,0,0,0,0,270.0
flat,dlf new town heights,sector 90,1.8,6600.660066006601,2727.0,Super Built up area 2727(253.35 sq.m.),4,4,3+,23.0,,Moderately Old,2727.0,,,0,0,0,0,0,0,67,681.75
flat,imperia the esfera,sector 37c,0.9,6271.777003484321,1435.0,Built Up area: 1435 (133.32 sq.m.)Carpet area: 1100 sq.ft. (102.19 sq.m.),3,3,3,9.0,East,Undefined,,1435.0,1100.0,0,0,0,0,0,0,66,478.3333333333333
flat,sare crescent parc,sector 92,0.95,5013.1926121372035,1895.0,Built Up area: 1895 (176.05 sq.m.)Carpet area: 1500 sq.ft. (139.35 sq.m.),4,5,3+,13.0,North,Undefined,,1895.0,1500.0,0,0,0,0,0,0,0,473.75
flat,bptp astaire gardens,sector 70a,1.2,7058.823529411765,1700.0,Super Built up area 1700(157.94 sq.m.)Built Up area: 1450 sq.ft. (134.71 sq.m.),3,3,3+,2.0,,Relatively New,1700.0,1450.0,,0,0,0,0,0,2,38,566.6666666666666
flat,tulip violet,sector 69,1.72,8730.964467005077,1970.0,Super Built up area 1970(183.02 sq.m.),4,4,1,12.0,North-East,Relatively New,1970.0,,,0,0,0,0,0,0,86,492.5
flat,rof ananda,sector 95,0.26,6032.482598607889,431.0,Super Built up area 431(40.04 sq.m.)Carpet area: 380.44 sq.ft. (35.34 sq.m.),1,1,1,8.0,North,New Property,431.0,,380.44,0,0,0,0,0,0,49,431.0
flat,experion windchants,sector 112,4.75,12622.907254849853,3763.0,Super Built up area 3763(349.59 sq.m.),3,5,3+,4.0,West,Relatively New,3763.0,,,0,1,0,0,0,1,42,1254.3333333333333
flat,ss the leaf,sector 85,1.99,8659.70409051349,2298.0,Super Built up area 2408(223.71 sq.m.)Built Up area: 2398 sq.ft. (222.78 sq.m.)Carpet area: 2298 sq.ft. (213.49 sq.m.),3,4,3+,17.0,East,Relatively New,2408.0,2398.0,2298.0,0,1,0,0,0,1,174,766.0
flat,the lions cghs,sector 56,2.1,8750.0,2400.0,Super Built up area 2400(222.97 sq.m.)Built Up area: 2200 sq.ft. (204.39 sq.m.)Carpet area: 2000 sq.ft. (185.81 sq.m.),3,4,3+,8.0,West,Old Property,2400.0,2200.0,2000.0,0,0,0,0,1,1,166,800.0
flat,ansal maple crescent,sector 43,1.35,10037.17472118959,1345.0,Super Built up area 1345(124.95 sq.m.)Built Up area: 1320 sq.ft. (122.63 sq.m.)Carpet area: 1300 sq.ft. (120.77 sq.m.),3,3,3,2.0,South,Old Property,1345.0,1320.0,1300.0,0,0,0,0,1,1,93,448.3333333333333
flat,umang winter hills,sector 77,0.92,5049.396267837541,1822.0,Super Built up area 1822(169.27 sq.m.)Carpet area: 1400 sq.ft. (130.06 sq.m.),3,3,3,17.0,North-East,Relatively New,1822.0,,1400.0,0,0,0,0,1,1,49,607.3333333333334
flat,ats triumph,sector 104,2.65,8412.698412698413,3150.0,Super Built up area 3150(292.64 sq.m.),4,4,3+,10.0,North-East,Relatively New,3150.0,,,0,1,0,0,0,0,174,787.5
flat,m3m urbana,sector 67,0.95,10894.495412844037,872.0,Built Up area: 826 (76.74 sq.m.),1,1,1,17.0,South-West,Relatively New,,826.0,,0,0,0,0,0,0,49,872.0
flat,aipl the peaceful homes,sector 70a,2.52,10723.404255319148,2350.0,Super Built up area 2350(218.32 sq.m.),3,4,3,8.0,West,Relatively New,2350.0,,,0,1,0,0,0,0,174,783.3333333333334
flat,dlf new town heights,sector 90,1.3,6735.751295336788,1930.0,Super Built up area 1930(179.3 sq.m.)Built Up area: 1929 sq.ft. (179.21 sq.m.)Carpet area: 1928 sq.ft. (179.12 sq.m.),3,3,3+,10.0,South,Relatively New,1930.0,1929.0,1928.0,0,1,0,1,0,1,129,643.3333333333334
house,independent,sector 4,1.25,8680.555555555555,1440.0,Built Up area: 160 (14.86 sq.m.),2,3,0,1.0,,Undefined,,160.0,,0,0,0,0,0,0,0,720.0
flat,shree vardhman flora,sector 90,0.92,4717.948717948718,1950.0,Carpet area: 1950 (181.16 sq.m.),3,3,2,6.0,North,Relatively New,,,1950.0,1,0,0,0,0,1,49,650.0
house,emaar mgf marbella,sector 66,15.1,18605.224248398226,8116.0,Plot area 754,5,5,3+,3.0,East,New Property,,754.0,,1,1,1,1,0,0,120,1623.2
flat,dlf new town heights,sector 86,1.27,6580.310880829015,1930.0,Super Built up area 1930(179.3 sq.m.)Built Up area: 1800 sq.ft. (167.23 sq.m.)Carpet area: 1450 sq.ft. (134.71 sq.m.),3,4,3,19.0,South-West,Relatively New,1930.0,1800.0,1450.0,0,1,0,1,0,0,126,643.3333333333334
flat,tulip violet,sector 69,1.4,8928.57142857143,1568.0,Super Built up area 1568(145.67 sq.m.),3,3,1,12.0,North,Relatively New,1568.0,,,0,0,0,0,0,0,157,522.6666666666666
flat,umang monsoon breeze,sector 78,0.62,5004.035512510089,1239.0,Super Built up area 1239(115.11 sq.m.)Built Up area: 1115 sq.ft. (103.59 sq.m.)Carpet area: 947 sq.ft. (87.98 sq.m.),2,2,1,7.0,South,Moderately Old,1239.0,1115.0,947.0,0,0,1,0,0,0,111,619.5
house,bptp astaire gardens,sector 70a,6.5,27873.070325900513,2332.0,Plot area 299(250 sq.m.),4,4,3+,2.0,North-East,New Property,,299.0,,1,1,0,1,0,1,160,583.0
flat,la vida by tata housing,sector 113,2.78,11346.938775510203,2450.0,Super Built up area 2690(249.91 sq.m.)Built Up area: 2599 sq.ft. (241.46 sq.m.)Carpet area: 2450 sq.ft. (227.61 sq.m.),3,3,3,3.0,North,New Property,2690.0,2599.0,2450.0,1,1,0,0,0,0,174,816.6666666666666
flat,m3m capital,sector 113,3.25,14142.732811140122,2298.0,Carpet area: 2298 (213.49 sq.m.),4,4,3+,34.0,,Undefined,,,2298.0,1,1,0,1,0,0,115,574.5
house,bestech park view aindependentda,sector 81,4.35,7936.507936507936,5481.0,Plot area 5480(509.11 sq.m.),4,4,3,2.0,North,Relatively New,,5480.0,,0,1,1,0,0,0,51,1370.25
house,dlf city plots phase 4,sector 28,9.54,29444.444444444445,3240.0,Plot area 360(301.01 sq.m.),6,5,3+,3.0,North,New Property,,360.0,,1,1,1,1,0,0,153,540.0
flat,shree vardhman flora,sector 90,0.7,5384.615384615385,1300.0,Super Built up area 1300(120.77 sq.m.),2,2,3,13.0,,New Property,1300.0,,,1,0,0,0,0,0,15,650.0
flat,emaar gurgaon greens,sector 102,1.3,7878.787878787879,1650.0,Super Built up area 1650(153.29 sq.m.)Carpet area: 1155 sq.ft. (107.3 sq.m.),3,3,3,7.0,North-East,Relatively New,1650.0,,1155.0,0,1,0,0,0,0,93,550.0
flat,orris aster court,sector 85,0.67,5826.086956521739,1150.0,Super Built up area 1375(127.74 sq.m.)Built Up area: 1250 sq.ft. (116.13 sq.m.)Carpet area: 1150 sq.ft. (106.84 sq.m.),2,2,2,5.0,North-West,Relatively New,1375.0,1250.0,1150.0,0,0,0,0,1,1,174,575.0
flat,signature global orchard avenue,sector 93,0.4,5479.45205479452,730.0,Built Up area: 730 (67.82 sq.m.),2,2,0,0.0,,Undefined,,730.0,,0,0,0,0,0,0,0,365.0
flat,pyramid urban homes 2,sector 86,0.41,6902.3569023569025,594.0,Carpet area: 601 (55.83 sq.m.),2,2,1,3.0,West,Relatively New,,,601.0,0,0,0,0,0,0,63,297.0
flat,aipl club residences,sector 70a,0.85,9139.78494623656,930.0,Super Built up area 930(86.4 sq.m.),2,2,2,5.0,South-East,Relatively New,930.0,,,0,0,0,0,0,1,45,465.0
house,independent,sector 26,8.1,35294.117647058825,2295.0,Plot area 255(213.21 sq.m.),5,5,2,4.0,East,Old Property,,255.0,,0,0,0,0,0,0,42,459.0
house,vatika signature villas,sector 82,3.2,14349.775784753363,2230.0,Plot area 2160(200.67 sq.m.),3,4,3,1.0,,New Property,,2160.0,,1,1,1,1,0,0,66,743.3333333333334
house,sector 14 rwa,sector 14,6.5,20634.920634920636,3150.0,Plot area 350(292.64 sq.m.),4,4,3+,2.0,,Moderately Old,,350.0,,0,0,0,0,0,0,0,787.5
flat,mvn athens,sohna road,0.27,5895.196506550218,458.0,Carpet area: 457.52 (42.5 sq.m.),2,2,1,0.0,,Relatively New,,,457.46575,0,0,0,0,0,1,69,229.0
flat,ats tourmaline,sector 109,1.75,8139.53488372093,2150.0,Super Built up area 2150(199.74 sq.m.),3,4,3+,2.0,North,Relatively New,2150.0,,,0,1,0,0,1,0,65,716.6666666666666
flat,eldeco accolade,sohna road,0.78,6170.886075949367,1264.0,Super Built up area 1264(117.43 sq.m.),2,2,2,3.0,,Relatively New,1264.0,,,0,0,0,0,0,0,72,632.0
flat,mahindra aura,sector 110,1.8,8814.88736532811,2042.0,Super Built up area 2042(189.71 sq.m.)Built Up area: 1850 sq.ft. (171.87 sq.m.)Carpet area: 1650 sq.ft. (153.29 sq.m.),3,3,3+,7.0,South-East,Relatively New,2042.0,1850.0,1650.0,0,1,0,0,0,1,136,680.6666666666666
flat,tulip violet,sector 69,1.36,8618.50443599493,1578.0,Super Built up area 1578(146.6 sq.m.),3,3,2,12.0,West,Relatively New,1578.0,,,0,0,0,1,0,1,49,526.0
flat,ild grand,sector 37c,1.2,6593.406593406594,1820.0,Super Built up area 1820(169.08 sq.m.),3,3,3,7.0,,Undefined,1820.0,,,0,0,0,0,0,0,24,606.6666666666666
flat,emaar mgf palm hills,sector 77,1.55,7948.717948717948,1950.0,Super Built up area 1950(181.16 sq.m.)Built Up area: 1800 sq.ft. (167.23 sq.m.)Carpet area: 1702 sq.ft. (158.12 sq.m.),4,4,3+,2.0,North-East,Relatively New,1950.0,1800.0,1702.0,1,1,0,0,0,2,49,487.5
flat,ss the leaf,sector 85,1.3,10483.870967741936,1240.0,Super Built up area 1772(164.62 sq.m.)Carpet area: 1240 sq.ft. (115.2 sq.m.),2,2,3+,10.0,East,Relatively New,1772.0,,1240.0,0,0,1,0,0,0,148,620.0
flat,hsiidc sidco aravali,manesar,0.9,3648.155654641265,2467.0,Super Built up area 2467(229.19 sq.m.),4,4,3,7.0,,Moderately Old,2467.0,,,0,0,0,0,0,0,0,616.75
house,signature global city 92,sector 92,0.75,7820.646506777894,959.0,Built Up area: 959 (89.09 sq.m.),2,2,3,1.0,,Undefined,,959.0,,0,0,0,0,0,0,46,479.5
house,ansal florence super,sector 57,3.75,23148.14814814815,1620.0,Plot area 180(150.5 sq.m.)Carpet area: 300 sq.yards (250.84 sq.m.),3,4,3,2.0,,Moderately Old,,,300.0,1,1,1,0,0,1,38,540.0
flat,pareena coban residences,sector 99a,1.3,6509.764646970456,1997.0,Built Up area: 1997 (185.53 sq.m.),3,3,0,16.0,,Undefined,,1997.0,,0,0,0,0,0,0,0,665.6666666666666
house,independent,sector 57,6.25,23496.24060150376,2660.0,Plot area 3100(2591.99 sq.m.)Built Up area: 2660 sq.yards (2224.1 sq.m.)Carpet area: 2500 sq.yards (2090.32 sq.m.),9,9,3+,3.0,North-East,New Property,,2660.0,2500.0,0,1,0,0,0,1,61,295.55555555555554
flat,kiran residency,sector 56,1.55,7750.0,2000.0,Super Built up area 2000(185.81 sq.m.)Built Up area: 1800 sq.ft. (167.23 sq.m.)Carpet area: 1700 sq.ft. (157.94 sq.m.),3,3,3+,5.0,North,Old Property,2000.0,1800.0,1700.0,0,1,0,1,1,0,166,666.6666666666666
flat,laxmi pareena,sector 99a,0.3,6666.666666666667,450.0,Carpet area: 450 (41.81 sq.m.),2,1,0,12.0,North,Undefined,,,450.0,0,0,0,0,0,0,0,225.0
flat,unitech uniworld gardens,sector 47,2.4,11505.273250239694,2086.0,Super Built up area 2086(193.8 sq.m.),3,3,3+,10.0,,Moderately Old,2086.0,,,0,1,0,0,0,1,120,695.3333333333334
flat,aipl zen residences,sector 70a,1.25,9904.912836767036,1262.0,Carpet area: 1262 (117.24 sq.m.),2,2,3,19.0,,Undefined,,,1262.0,0,0,0,0,0,0,0,631.0
flat,ambience lagoon,sector 24,4.25,13281.25,3200.0,Super Built up area 3200(297.29 sq.m.)Carpet area: 3156 sq.ft. (293.2 sq.m.),3,4,3+,3.0,North-East,Old Property,3200.0,,3156.0,0,1,0,1,0,1,143,1066.6666666666667
flat,awho shanti vihar,sector 95,0.82,9879.518072289156,830.0,Super Built up area 1400(130.06 sq.m.)Carpet area: 830 sq.ft. (77.11 sq.m.),2,2,3+,13.0,East,New Property,1400.0,,830.0,1,0,0,0,0,0,114,415.0
flat,tulip violet,sector 69,1.4,8860.759493670887,1580.0,Super Built up area 1578(146.6 sq.m.),3,3,2,2.0,North-East,Relatively New,1578.0,,,0,0,0,1,0,0,102,526.6666666666666
flat,ss the leaf,sector 85,1.2,7317.073170731707,1640.0,Super Built up area 1640(152.36 sq.m.)Carpet area: 1148 sq.ft. (106.65 sq.m.),2,2,3+,14.0,East,Relatively New,1640.0,,1148.0,0,0,1,0,0,0,141,820.0
flat,sidhartha ncr one phase,sector 95,0.6,4800.0,1250.0,Built Up area: 1250 (116.13 sq.m.),2,2,3,10.0,North-East,Undefined,,1250.0,,0,0,0,0,0,0,0,625.0
flat,birla navya,sector 63a,2.1,16666.666666666668,1260.0,Carpet area: 1260 (117.06 sq.m.),2,2,2,2.0,,Undefined,,,1260.0,0,0,0,0,0,0,38,630.0
flat,shri banke bihari society,sector 56,1.35,6750.0,2000.0,Super Built up area 2000(185.81 sq.m.)Built Up area: 1800 sq.ft. (167.23 sq.m.)Carpet area: 1600 sq.ft. (148.64 sq.m.),3,3,3,5.0,East,Old Property,2000.0,1800.0,1600.0,0,0,0,0,1,1,82,666.6666666666666
flat,navjyoti apartment,sector 38,2.1,11938.601478112563,1759.0,Carpet area: 1759 (163.42 sq.m.),4,4,3+,10.0,North,Old Property,,,1759.0,0,0,0,0,0,2,22,439.75
house,unitech aspen greens,sector 50,6.95,32175.925925925927,2160.0,Plot area 240(200.67 sq.m.)Built Up area: 2160 sq.yards (1806.04 sq.m.)Carpet area: 1720 sq.yards (1438.14 sq.m.),3,3,1,2.0,North-East,Moderately Old,,2160.0,1720.0,0,1,0,0,0,0,160,720.0
flat,chintamani,sector 103,1.57,8509.485094850948,1845.0,Built Up area: 1845 (171.41 sq.m.)Carpet area: 1350 sq.ft. (125.42 sq.m.),3,3,3,1.0,North-East,Undefined,,1845.0,1350.0,0,0,0,0,0,0,0,615.0
flat,m3m soulitude,sector 89,1.28,8827.586206896553,1450.0,Carpet area: 1450 (134.71 sq.m.),3,3,2,4.0,,Undefined,,,1450.0,1,0,0,0,0,0,114,483.3333333333333
flat,dlf new town heights,sector 90,1.15,5958.5492227979275,1930.0,Super Built up area 1930(179.3 sq.m.),3,3,3+,9.0,North-West,Relatively New,1930.0,,,0,1,0,1,0,0,88,643.3333333333334
flat,m3m soulitude,sector 89,1.32,16923.076923076922,780.0,Carpet area: 780 (72.46 sq.m.),3,3,3,1.0,,Undefined,,,780.0,0,0,0,0,0,0,45,260.0
flat,m3m capital,sector 113,2.37,11499.272197962155,2061.0,Built Up area: 2060 (191.38 sq.m.)Carpet area: 1600 sq.ft. (148.64 sq.m.),4,4,3+,20.0,East,Under Construction,,2060.0,1600.0,1,0,0,0,0,0,143,515.25
flat,smart world gems,sector 89,0.88,7963.8009049773755,1105.0,Carpet area: 1105 (102.66 sq.m.),2,2,3,2.0,,New Property,,,1105.0,1,0,0,0,0,0,44,552.5
flat,hero homes,sector 104,1.2,17543.859649122805,684.0,Super Built up area 1099(102.1 sq.m.)Carpet area: 683.83 sq.ft. (63.53 sq.m.),2,2,2,22.0,,Undefined,1099.0,,683.83,0,0,0,0,0,0,30,342.0
house,independent,sector 25,11.0,35529.7157622739,3096.0,Plot area 344(287.63 sq.m.),5,5,3+,2.0,,Relatively New,,344.0,,1,1,1,1,0,0,29,619.2
house,unitech espace,sector 50,7.35,41761.36363636364,1760.0,Plot area 240(200.67 sq.m.),4,4,3+,3.0,South,Moderately Old,,240.0,,0,1,0,1,0,1,52,440.0
flat,central park flower valley aqua front towers,sector 33,2.0,11179.429849077696,1789.0,Super Built up area 1789(166.2 sq.m.),3,3,3+,8.0,North-East,New Property,1789.0,,,0,0,0,0,0,0,23,596.3333333333334
flat,emaar palm gardens,sector 83,1.73,9105.263157894737,1900.0,Super Built up area 1900(176.52 sq.m.)Built Up area: 1600 sq.ft. (148.64 sq.m.)Carpet area: 1240.04 sq.ft. (115.2 sq.m.),3,3,3,5.0,West,Relatively New,1900.0,1600.0,1240.04,0,1,0,0,0,1,174,633.3333333333334
flat,the rama apartment cghs,sector 43,2.5,10204.081632653062,2450.0,Carpet area: 2450 (227.61 sq.m.),4,4,3+,4.0,East,Moderately Old,,,2450.0,0,1,0,0,0,0,26,612.5
flat,vatika boulevard residences and heights,sector 83,1.42,8000.0,1775.0,Carpet area: 1775 (164.9 sq.m.),3,3,2,2.0,West,Relatively New,,,1775.0,0,0,0,0,0,1,113,591.6666666666666
flat,bestech park view spa next,sector 67,2.7,11489.36170212766,2350.0,Super Built up area 2350(218.32 sq.m.),4,4,3+,9.0,South-West,Moderately Old,2350.0,,,0,1,0,1,0,1,149,587.5
house,international city by sobha phase 2,sector 109,5.65,10462.962962962964,5400.0,Plot area 600(501.68 sq.m.),4,4,3+,2.0,North-East,New Property,,600.0,,0,1,0,0,1,1,44,1350.0
flat,dlf regal gardens,sector 90,1.78,8039.747064137308,2214.0,Super Built up area 2215(205.78 sq.m.),4,4,3+,12.0,North-East,Relatively New,2215.0,,,0,0,0,0,0,0,61,553.5
house,independent,sector 50,6.5,21666.666666666668,3000.0,Built Up area: 3000 (278.71 sq.m.),5,6,0,1.0,,Undefined,,3000.0,,0,0,0,0,0,0,0,600.0
flat,ss the leaf,sector 85,1.2,7317.073170731707,1640.0,Super Built up area 1640(152.36 sq.m.)Built Up area: 1300 sq.ft. (120.77 sq.m.)Carpet area: 1000 sq.ft. (92.9 sq.m.),2,2,3,6.0,North,Relatively New,1640.0,1300.0,1000.0,0,0,0,0,0,1,174,820.0
flat,experion the heartsong,sector 108,2.29,8240.374235336452,2779.0,Built Up area: 2779 (258.18 sq.m.),4,5,3+,8.0,South,Relatively New,,2779.0,,0,1,0,0,0,0,95,694.75
flat,antriksh heights,sector 84,0.54,4459.124690338564,1211.0,Super Built up area 1200(111.48 sq.m.),2,2,3+,17.0,North-West,Relatively New,1200.0,,,0,0,0,0,0,0,81,605.5
flat,sbtl caladium,sector 109,1.63,6404.715127701375,2545.0,Super Built up area 2545(236.44 sq.m.),3,3,2,8.0,North-West,Relatively New,2545.0,,,0,1,0,0,0,0,159,848.3333333333334
flat,trisara our homes 3,sohna road,0.34,5405.405405405405,629.0,Carpet area: 629 (58.44 sq.m.),2,2,1,0.0,,New Property,,,629.0,0,0,0,0,0,0,0,314.5
flat,dlf new town heights,sector 90,1.42,4864.67968482357,2919.0,Super Built up area 2364(219.62 sq.m.),4,4,3+,8.0,East,Moderately Old,2364.0,,,0,1,1,0,0,0,31,729.75
flat,ss the leaf,sector 85,2.0,11869.436201780416,1685.0,Super Built up area 2408(223.71 sq.m.)Carpet area: 1685 sq.ft. (156.54 sq.m.),3,4,3,5.0,West,Relatively New,2408.0,,1685.0,0,1,0,0,0,0,156,561.6666666666666
flat,4s aradhya homes,sector 67a,1.9,8861.940298507463,2144.0,Super Built up area 2200(204.39 sq.m.),4,4,3,3.0,,New Property,2200.0,,,0,0,0,0,0,1,62,536.0
house,independent,sector 39,1.6,17937.219730941702,892.0,Plot area 892(82.87 sq.m.),1,1,2,2.0,,Old Property,,892.0,,0,0,0,0,0,0,40,892.0
flat,pareena coban residences,sector 99a,1.4,7010.515773660491,1997.0,Super Built up area 1997(185.53 sq.m.),3,5,3+,6.0,,New Property,1997.0,,,0,0,0,0,0,0,15,665.6666666666666
flat,puri diplomatic greens,sector 111,3.5,11864.406779661016,2950.0,Super Built up area 2950(274.06 sq.m.)Built Up area: 2700 sq.ft. (250.84 sq.m.)Carpet area: 2500 sq.ft. (232.26 sq.m.),4,5,3+,10.0,North-East,Relatively New,2950.0,2700.0,2500.0,0,1,0,0,0,1,49,737.5
flat,alpha corp gurgaonone,sector 84,1.15,7496.740547588005,1534.0,Super Built up area 1534(142.51 sq.m.)Carpet area: 1200 sq.ft. (111.48 sq.m.),2,2,3,8.0,North-East,Relatively New,1534.0,,1200.0,1,0,0,0,0,1,37,767.0
house,independent,sector 24,10.0,25542.784163473818,3915.0,Carpet area: 435 (40.41 sq.m.),8,10,3+,1.0,West,Undefined,,,435.0,0,0,0,0,0,0,0,489.375
flat,dlf the arbour,sector 63,7.8,19746.835443037973,3950.0,Built Up area: 3950 (366.97 sq.m.),4,4,0,6.0,,Undefined,,3950.0,,0,0,0,0,0,0,61,987.5
flat,godrej air,sector 85,2.6,12212.306247064349,2129.0,Built Up area: 2129 (197.79 sq.m.),3,3,3,17.0,,Undefined,,2129.0,,0,1,0,0,0,0,44,709.6666666666666
house,independent,sector 38,3.5,20325.20325203252,1722.0,Plot area 160,3,2,2,1.0,East,Moderately Old,,160.0,,0,0,0,0,0,0,0,574.0
flat,smart world gems,sector 89,1.2,8432.8882642305,1423.0,Built Up area: 1423 (132.2 sq.m.)Carpet area: 920 sq.ft. (85.47 sq.m.),3,3,2,2.0,East,Undefined,,1423.0,920.0,0,0,0,0,0,0,45,474.3333333333333
flat,corona optus,sector 37c,1.22,6912.181303116147,1765.0,Super Built up area 1765(163.97 sq.m.)Built Up area: 1665 sq.ft. (154.68 sq.m.)Carpet area: 1565 sq.ft. (145.39 sq.m.),3,4,3,5.0,South-East,Relatively New,1765.0,1665.0,1565.0,0,0,0,0,0,0,149,588.3333333333334
flat,vatika gurgaon,sector 83,1.25,6313.131313131313,1980.0,Super Built up area 1980(183.95 sq.m.)Built Up area: 1700 sq.ft. (157.94 sq.m.)Carpet area: 1400 sq.ft. (130.06 sq.m.),3,3,2,12.0,North,Moderately Old,1980.0,1700.0,1400.0,0,1,0,0,0,0,95,660.0
house,unitech uniworld resorts,sector 33,8.0,11428.57142857143,7000.0,Plot area 7000(650.32 sq.m.),4,4,3+,2.0,West,Old Property,,7000.0,,1,1,1,1,0,0,77,1750.0
flat,bptp terra,sector 37d,1.5,8255.36598789213,1817.0,Super Built up area 1811(168.25 sq.m.)Carpet area: 1560 sq.ft. (144.93 sq.m.),3,3,3,12.0,South-West,Relatively New,1811.0,,1560.0,0,0,0,0,1,0,49,605.6666666666666
flat,smart world orchard,sector 61,1.47,12250.0,1200.0,Carpet area: 1200 (111.48 sq.m.),2,2,2,2.0,,Undefined,,,1200.0,1,0,0,0,0,0,76,600.0
flat,tarc maceo,sector 91,1.5,6465.517241379311,2320.0,Super Built up area 2320(215.54 sq.m.)Carpet area: 1325 sq.ft. (123.1 sq.m.),3,4,3+,3.0,North-West,Relatively New,2320.0,,1325.0,1,1,0,0,0,0,112,773.3333333333334
flat,ansal housing highland park,sector 103,1.25,6443.298969072165,1940.0,Super Built up area 1940(180.23 sq.m.)Carpet area: 1056 sq.ft. (98.11 sq.m.),3,3,3+,2.0,North-East,New Property,1940.0,,1056.0,0,0,0,1,0,0,105,646.6666666666666
flat,afnhb jalvayu vihar,sector 30,0.69,7270.8113804004215,949.0,Super Built up area 990(91.97 sq.m.),2,2,1,3.0,North-East,Old Property,990.0,,,0,0,0,0,0,0,65,474.5
flat,bestech park view residency,sector 2,0.95,6713.780918727915,1415.0,Super Built up area 1415(131.46 sq.m.),2,2,3,1.0,North-East,Moderately Old,1415.0,,,0,0,0,0,0,1,82,707.5
flat,emaar mgf emerald floors premier,sector 65,2.25,13636.363636363636,1650.0,Super Built up area 1650(153.29 sq.m.),3,3,3+,3.0,South,Relatively New,1650.0,,,1,1,0,0,0,0,152,550.0
flat,vipul lavanya,sector 81,0.6,6666.666666666667,900.0,Super Built up area 900(83.61 sq.m.),2,2,1,0.0,,Under Construction,900.0,,,0,0,0,0,0,0,0,450.0
flat,m3m latitude,sector 65,4.7,19747.899159663866,2380.0,Super Built up area 2380(221.11 sq.m.)Carpet area: 1231 sq.ft. (114.36 sq.m.),3,3,3+,9.0,North-East,Relatively New,2380.0,,1231.0,0,1,0,1,0,1,44,793.3333333333334
flat,sidhartha ncr greens,sector 95,0.6,5576.208178438662,1076.0,Super Built up area 1076(99.96 sq.m.),2,2,2,14.0,,Relatively New,1076.0,,,1,0,0,0,0,0,31,538.0
house,independent,sector 38,3.9,21241.830065359478,1836.0,Plot area 204(170.57 sq.m.),6,6,3+,3.0,North-East,Moderately Old,,204.0,,1,1,0,1,0,0,32,306.0
house,independent,sector 6,0.66,10784.313725490196,612.0,Plot area 612(56.86 sq.m.),3,2,1,2.0,,Old Property,,612.0,,0,0,0,0,0,0,36,204.0
flat,unitech fresco,sector 50,1.8,9589.770911028236,1877.0,Super Built up area 1877(174.38 sq.m.)Built Up area: 1870 sq.ft. (173.73 sq.m.)Carpet area: 1600 sq.ft. (148.64 sq.m.),3,4,3+,6.0,North-East,Moderately Old,1877.0,1870.0,1600.0,0,1,0,0,0,1,174,625.6666666666666
flat,shapoorji pallonji joyville gurugram,sector 102,1.3,17687.07482993197,735.0,Super Built up area 1215(112.88 sq.m.)Built Up area: 1009 sq.ft. (93.74 sq.m.)Carpet area: 734.8 sq.ft. (68.27 sq.m.),2,2,3,0.0,East,Relatively New,1215.0,1009.0,734.8,0,0,1,0,0,0,125,367.5
flat,ansal height 86,sector 86,0.8,5882.35294117647,1360.0,Built Up area: 1360 (126.35 sq.m.),2,2,0,1.0,,Undefined,,1360.0,,0,0,0,0,0,0,0,680.0
flat,m3m ikonic,sector 68,1.8,9230.76923076923,1950.0,Super Built up area 1950(181.16 sq.m.)Built Up area: 1845 sq.ft. (171.41 sq.m.)Carpet area: 1530 sq.ft. (142.14 sq.m.),3,3,3+,18.0,North-East,Relatively New,1950.0,1845.0,1530.0,0,0,0,0,0,1,126,650.0
flat,apex our homes,sector 37c,0.35,3783.7837837837837,925.0,Super Built up area 925(85.94 sq.m.)Built Up area: 850 sq.ft. (78.97 sq.m.)Carpet area: 800 sq.ft. (74.32 sq.m.),2,2,1,7.0,East,Relatively New,925.0,850.0,800.0,0,0,0,0,0,1,158,462.5
house,vipul tatvam villa,sector 48,8.5,21250.0,4000.0,Plot area 4000(371.61 sq.m.),4,5,3+,2.0,North,Moderately Old,,4000.0,,1,1,0,1,1,1,49,1000.0
flat,microtek greenburg,sector 86,1.25,8445.945945945947,1480.0,Super Built up area 1480(137.5 sq.m.),3,4,3,0.0,South-West,Relatively New,1480.0,,,1,0,0,0,0,0,49,493.3333333333333
flat,shapoorji pallonji joyville gurugram,sector 102,1.77,9194.805194805194,1925.0,Super Built up area 1827(169.73 sq.m.),3,3,3,1.0,North-East,Relatively New,1827.0,,,0,0,0,0,0,0,151,641.6666666666666
flat,vatika gurgaon,sector 83,1.1,6050.605060506051,1818.0,Super Built up area 1735(161.19 sq.m.),3,3,3,12.0,North,Relatively New,1735.0,,,0,1,0,0,0,1,66,606.0
flat,central park resorts,sector 48,15.0,22388.059701492537,6700.0,Carpet area: 6700 (622.45 sq.m.),5,6,3+,17.0,,Relatively New,,,6700.0,1,1,0,1,0,2,45,1340.0
flat,antriksh heights,sector 84,0.69,5111.111111111111,1350.0,Super Built up area 1350(125.42 sq.m.),2,2,3+,8.0,West,Relatively New,1350.0,,,1,0,0,0,0,0,59,675.0
flat,sare green parc,sector 92,0.85,6740.681998413957,1261.0,Built Up area: 1261 (117.15 sq.m.),3,2,2,14.0,,Undefined,,1261.0,,0,0,0,0,0,0,0,420.3333333333333
house,independent,sector 57,6.21,23000.0,2700.0,Plot area 300(250.84 sq.m.),6,6,3+,4.0,North-East,Old Property,,300.0,,1,1,1,1,0,0,52,450.0
flat,puri diplomatic greens,sector 111,2.25,13235.29411764706,1700.0,Super Built up area 1700(157.94 sq.m.),3,3,2,12.0,North-East,Relatively New,1700.0,,,0,0,0,0,0,0,101,566.6666666666666
flat,smartworld one dxp,sector 113,2.0,11074.197120708748,1806.0,Built Up area: 1806 (167.78 sq.m.)Carpet area: 1350 sq.ft. (125.42 sq.m.),3,3,3,12.0,North,Undefined,,1806.0,1350.0,0,0,0,0,0,0,70,602.0
flat,ramprastha primera,sector 37d,1.02,6000.0,1700.0,Super Built up area 1700(157.94 sq.m.),3,2,3,22.0,,Under Construction,1700.0,,,0,0,0,0,0,0,43,566.6666666666666
flat,dlf regal gardens,sector 90,1.2,6837.606837606838,1755.0,Super Built up area 1755(163.04 sq.m.)Carpet area: 1400 sq.ft. (130.06 sq.m.),3,3,3+,15.0,South-West,Relatively New,1755.0,,1400.0,0,0,0,0,0,0,118,585.0
flat,raheja revanta,sector 78,0.99,6099.815157116451,1623.0,Super Built up area 1621(150.6 sq.m.),2,2,3,14.0,East,Under Construction,1621.0,,,0,0,0,0,1,0,39,811.5
flat,tulip violet,sector 69,2.0,9583.133684714901,2087.0,Super Built up area 2087(193.89 sq.m.),4,4,2,0.0,South-East,Relatively New,2087.0,,,0,0,0,0,0,0,157,521.75
flat,the crew bos chs manesar,manesar,0.85,3695.6521739130435,2300.0,Carpet area: 2300 (213.68 sq.m.),3,3,2,2.0,East,Moderately Old,,,2300.0,0,0,0,0,0,0,44,766.6666666666666
flat,surya vihar rwa,sector 21,1.3,6500.0,2000.0,Built Up area: 2400 (222.97 sq.m.)Carpet area: 2200 sq.ft. (204.39 sq.m.),5,5,2,2.0,South-East,Old Property,,2400.0,2200.0,1,1,1,0,0,1,42,400.0
flat,mapsko mount ville,sector 79,1.1,12731.481481481482,864.0,Super Built up area 1490(138.43 sq.m.)Carpet area: 863.91 sq.ft. (80.26 sq.m.),3,3,3,22.0,South-West,Relatively New,1490.0,,863.91,1,0,0,1,0,0,135,288.0
flat,shree vardhman victoria,sector 70,1.75,8204.406938584154,2133.0,Super Built up area 1950(181.16 sq.m.)Carpet area: 1161 sq.ft. (107.86 sq.m.),3,5,3,7.0,,New Property,1950.0,,1161.0,0,1,0,1,0,0,37,711.0
flat,puri emerald bay,sector 104,1.59,10905.349794238684,1458.0,Super Built up area 1550(144 sq.m.),2,2,2,12.0,South,Relatively New,1550.0,,,0,0,0,0,0,0,121,729.0
flat,experion windchants,sector 112,5.6,11529.750875025737,4857.0,Super Built up area 4857(451.23 sq.m.)Built Up area: 3662.34 sq.ft. (340.24 sq.m.),4,6,3+,15.0,North-East,Moderately Old,4857.0,3662.34,,0,1,0,0,0,1,157,1214.25
flat,signature the roselia,sector 95,0.48,7164.179104477612,670.0,Carpet area: 670 (62.25 sq.m.),2,2,2,6.0,,Relatively New,,,670.0,0,0,0,0,0,0,16,335.0
house,independent,sector 105,0.55,10912.698412698413,504.0,Built Up area: 56 (5.2 sq.m.),2,4,0,2.0,,Undefined,,56.0,,0,0,0,0,0,0,0,252.0
house,independent,sector 92,1.8,7627.118644067797,2360.0,Built Up area: 2360 (219.25 sq.m.),4,5,0,13.0,,Undefined,,2360.0,,0,0,0,0,0,0,0,590.0
flat,capital residences 360,sector 70a,1.1,7586.206896551724,1450.0,Super Built up area 1450(134.71 sq.m.),2,2,2,10.0,South-East,Relatively New,1450.0,,,1,0,0,0,0,0,42,725.0
flat,mvn athens,sohna road,0.25,5186.721991701244,482.0,Carpet area: 481.73 (44.75 sq.m.),2,2,1,0.0,North,Relatively New,,,481.684525,0,0,0,1,0,0,90,241.0
flat,saan verdante,sector 95,2.0,10178.117048346056,1965.0,Super Built up area 1965(182.55 sq.m.)Carpet area: 1935 sq.ft. (179.77 sq.m.),3,4,3+,5.0,North,New Property,1965.0,,1935.0,0,1,0,0,0,0,49,655.0
flat,emaar mgf emerald floors premier,sector 65,2.25,13636.363636363636,1650.0,Super Built up area 1650(153.29 sq.m.)Built Up area: 1600 sq.ft. (148.64 sq.m.)Carpet area: 1350 sq.ft. (125.42 sq.m.),3,3,3,3.0,South-West,Relatively New,1650.0,1600.0,1350.0,1,1,0,0,0,1,49,550.0
flat,pareena coban residences,sector 99a,1.56,7811.717576364546,1997.0,Super Built up area 1997(185.53 sq.m.),3,5,3,4.0,North-East,New Property,1997.0,,,0,1,0,0,1,0,49,665.6666666666666
house,independent,sector 105,1.35,3857.1428571428573,3500.0,Built Up area: 3500 (325.16 sq.m.)Carpet area: 2500 sq.ft. (232.26 sq.m.),5,3,3,3.0,East,Undefined,,3500.0,2500.0,0,0,0,0,0,0,0,700.0
flat,raheja revanta,sector 78,4.75,16885.8869534305,2813.0,Built Up area: 2813 (261.34 sq.m.),3,3,2,31.0,,Undefined,,2813.0,,0,1,0,0,0,0,100,937.6666666666666
flat,m3m golfestate,sector 65,4.94,16233.9796253697,3043.0,Super Built up area 3043(282.7 sq.m.),3,4,3,15.0,North-East,Moderately Old,3043.0,,,0,1,0,0,0,0,165,1014.3333333333334
flat,ansal heights 86,sector 86,0.74,5441.176470588235,1360.0,Super Built up area 1360(126.35 sq.m.),2,2,1,11.0,,Under Construction,1360.0,,,0,0,0,0,1,0,45,680.0
house,puri diplomatic greens,sector 111,9.0,11250.0,8000.0,Built Up area: 8000 (743.22 sq.m.),5,5,3+,3.0,North-East,Relatively New,,8000.0,,0,1,0,0,0,0,112,1600.0
house,independent,sector 7,1.16,11693.548387096775,992.0,Plot area 992(92.16 sq.m.)Carpet area: 992 sq.ft. (92.16 sq.m.),2,4,2,3.0,North-East,Moderately Old,,,992.0,0,0,0,0,1,0,39,496.0
flat,ss the leaf,sector 85,1.91,5026.315789473684,3800.0,Super Built up area 3950(366.97 sq.m.)Built Up area: 3890 sq.ft. (361.39 sq.m.)Carpet area: 3800 sq.ft. (353.03 sq.m.),4,6,3,6.0,North,Relatively New,3950.0,3890.0,3800.0,0,1,0,0,0,0,174,950.0
flat,birla navya,sector 63a,3.23,26871.880199667223,1202.0,Super Built up area 2150(199.74 sq.m.)Carpet area: 1200 sq.ft. (111.48 sq.m.),3,3,3,4.0,West,New Property,2150.0,,1200.0,0,1,0,0,0,0,52,400.6666666666667
flat,chintels paradiso,sector 109,1.8,8866.995073891625,2030.0,Super Built up area 2030(188.59 sq.m.)Carpet area: 1785 sq.ft. (165.83 sq.m.),3,3,2,0.0,East,Moderately Old,2030.0,,1785.0,0,1,0,0,0,0,83,676.6666666666666
flat,shapoorji pallonji joyville gurugram,sector 102,0.97,10601.092896174863,915.0,Super Built up area 915(85.01 sq.m.),2,2,2,12.0,East,Relatively New,915.0,,,0,0,0,0,0,0,100,457.5
flat,bptp terra,sector 37d,1.67,7622.090369694203,2191.0,Super Built up area 2191(203.55 sq.m.)Built Up area: 2091 sq.ft. (194.26 sq.m.)Carpet area: 1991 sq.ft. (184.97 sq.m.),4,4,3,11.0,West,Relatively New,2191.0,2091.0,1991.0,0,0,0,0,0,1,149,547.75
flat,dlf new town heights,sector 90,1.25,6476.683937823835,1930.0,Super Built up area 1930(179.3 sq.m.)Built Up area: 1700 sq.ft. (157.94 sq.m.)Carpet area: 1500 sq.ft. (139.35 sq.m.),3,3,3+,17.0,South-East,Relatively New,1930.0,1700.0,1500.0,0,1,0,1,0,0,65,643.3333333333334
flat,valley view estate,gwal pahari,1.5,8278.14569536424,1812.0,Carpet area: 1812 (168.34 sq.m.),4,4,3+,9.0,North,Old Property,,,1812.0,1,1,0,0,1,0,135,453.0
flat,bestech park view sanskruti,sector 92,1.9,8172.043010752688,2325.0,Super Built up area 2325(216 sq.m.)Built Up area: 1920 sq.ft. (178.37 sq.m.)Carpet area: 1750 sq.ft. (162.58 sq.m.),4,4,3+,10.0,West,Relatively New,2325.0,1920.0,1750.0,1,1,0,1,1,0,49,581.25
flat,godrej nature plus serenity,sector 33,1.39,11583.333333333334,1200.0,Carpet area: 1200 (111.48 sq.m.),3,2,3+,23.0,East,Undefined,,,1200.0,0,0,0,0,0,0,105,400.0
flat,dnha cghs,sector 1,0.85,3863.6363636363635,2200.0,Built Up area: 2200 (204.39 sq.m.),3,3,0,5.0,,Undefined,,2200.0,,0,0,0,0,0,0,0,733.3333333333334
flat,the close north,sector 50,2.97,11401.151631477927,2605.0,Super Built up area 2605(242.01 sq.m.)Built Up area: 2600 sq.ft. (241.55 sq.m.)Carpet area: 2100 sq.ft. (195.1 sq.m.),3,3,3+,8.0,North,Moderately Old,2605.0,2600.0,2100.0,0,1,0,0,0,1,174,868.3333333333334
house,independent,sector 53,4.0,17777.777777777777,2250.0,Plot area 250(209.03 sq.m.),5,5,2,3.0,,Relatively New,,250.0,,1,0,0,0,0,0,23,450.0
house,aindependentt raj estates,sector 63a,8.5,27139.20817369093,3132.0,Plot area 348(290.97 sq.m.),6,6,3+,3.0,East,Under Construction,,348.0,,0,0,1,1,0,0,29,522.0
house,vipul tatvam villa,sector 48,8.25,38194.444444444445,2160.0,Plot area 350(292.64 sq.m.)Built Up area: 300 sq.yards (250.84 sq.m.)Carpet area: 240 sq.yards (200.67 sq.m.),4,4,3+,3.0,North-East,Relatively New,,300.0,240.0,0,1,1,0,0,1,160,540.0
house,central park flower valley,sector 33,1.15,9349.59349593496,1230.0,Plot area 1737(161.37 sq.m.)Built Up area: 1400 sq.ft. (130.06 sq.m.)Carpet area: 1230 sq.ft. (114.27 sq.m.),2,2,3,2.0,North,Relatively New,,1400.0,1230.0,1,0,0,0,0,1,71,615.0
flat,supertech araville,sector 79,0.83,5424.83660130719,1530.0,Carpet area: 1530 (142.14 sq.m.),2,2,3,5.0,North-East,New Property,,,1530.0,1,0,0,0,0,2,49,765.0
flat,signature global park,sohna road,0.53,6385.542168674699,830.0,Carpet area: 822 (76.37 sq.m.),2,2,2,2.0,North-East,Relatively New,,,822.0,0,0,0,1,0,0,168,415.0
flat,aipl the peaceful homes,sector 70a,2.5,11627.906976744185,2150.0,Super Built up area 2150(199.74 sq.m.)Carpet area: 1350 sq.ft. (125.42 sq.m.),3,3,3+,15.0,North-East,Relatively New,2150.0,,1350.0,0,0,0,0,1,1,174,716.6666666666666
flat,ambience creacions,sector 22,6.16,20533.333333333332,3000.0,Carpet area: 3000 (278.71 sq.m.),4,5,3+,10.0,South-East,New Property,,,3000.0,0,1,0,1,0,1,49,750.0
flat,signature global city,sector 37d,1.0,8163.265306122449,1225.0,Built Up area: 1250 (116.13 sq.m.)Carpet area: 915 sq.ft. (85.01 sq.m.),3,3,3,4.0,South-East,Undefined,,1250.0,915.0,0,0,0,0,0,0,49,408.3333333333333
house,independent,sector 6,0.5,8333.333333333334,600.0,Plot area 600(55.74 sq.m.),3,3,2,2.0,East,Moderately Old,,600.0,,0,0,0,1,0,0,0,200.0
flat,adarsh nagar,sector 12,0.65,6190.476190476191,1050.0,Carpet area: 1050 (97.55 sq.m.),3,3,1,1.0,North-West,New Property,,,1050.0,0,0,0,0,0,1,42,350.0
flat,signature andour heights,sector 71,0.59,8428.57142857143,700.0,Super Built up area 700(65.03 sq.m.)Built Up area: 639 sq.ft. (59.37 sq.m.)Carpet area: 540.89 sq.ft. (50.25 sq.m.),2,2,1,6.0,North-East,Moderately Old,700.0,639.0,540.89,0,0,0,0,0,0,67,350.0
flat,pareena mi casa,sector 68,1.0,8163.265306122449,1225.0,Carpet area: 1225 (113.81 sq.m.),2,2,2,16.0,,New Property,,,1225.0,0,1,0,0,0,0,65,612.5
house,unitech uniworld resorts,sector 33,11.0,26666.666666666668,4125.0,Plot area 500(418.06 sq.m.),5,6,3,3.0,,New Property,,500.0,,1,1,0,0,0,0,58,825.0
flat,emaar mgf the palm drive,sector 66,2.8,14358.97435897436,1950.0,Super Built up area 1950(181.16 sq.m.)Built Up area: 1920 sq.ft. (178.37 sq.m.)Carpet area: 1600 sq.ft. (148.64 sq.m.),3,3,2,12.0,East,New Property,1950.0,1920.0,1600.0,1,1,0,1,0,2,69,650.0
flat,ansal housing highland park,sector 103,2.0,7490.63670411985,2670.0,Super Built up area 2670(248.05 sq.m.),4,5,3+,14.0,,New Property,2670.0,,,0,1,0,0,0,0,45,667.5
house,independent,sector 2,0.7,7777.777777777777,900.0,Built Up area: 900 (83.61 sq.m.),1,1,0,1.0,,Undefined,,900.0,,0,0,0,0,0,0,0,900.0
flat,ss the leaf,sector 85,1.17,6720.27570361861,1741.0,Super Built up area 1741(161.74 sq.m.)Built Up area: 1550 sq.ft. (144 sq.m.)Carpet area: 1350 sq.ft. (125.42 sq.m.),2,3,3,10.0,South-East,Relatively New,1741.0,1550.0,1350.0,0,0,0,0,1,0,49,870.5
flat,vatika city,sector 49,2.65,11772.545535317637,2251.0,Super Built up area 2251.42(209.16 sq.m.)Built Up area: 1750.75 sq.ft. (162.65 sq.m.),3,4,3,11.0,East,Moderately Old,2251.42,1750.75,,0,1,0,1,0,1,140,750.3333333333334
flat,raheja maheshwara,sohna road,0.48,4367.606915377616,1099.0,Super Built up area 1099(102.1 sq.m.),2,2,2,11.0,,Undefined,1099.0,,,0,0,0,0,0,0,45,549.5
flat,tulip violet,sector 69,1.66,8409.321175278623,1974.0,Super Built up area 1970(183.02 sq.m.),4,4,1,12.0,South-East,Relatively New,1970.0,,,0,0,0,1,0,0,102,493.5
house,dlf gardencity enclave,sector 93,1.3,11284.722222222223,1152.0,Plot area 1152(107.02 sq.m.),3,2,1,3.0,,Relatively New,,1152.0,,0,0,0,0,0,0,50,384.0
house,bhim garh kheri,sector 3,1.5,7575.757575757576,1980.0,Plot area 220(183.95 sq.m.),7,2,0,1.0,,Undefined,,220.0,,0,0,0,0,0,0,0,282.85714285714283
flat,silverglades the melia,sohna road,1.01,6999.306999306999,1443.0,Super Built up area 1450(134.71 sq.m.)Carpet area: 950 sq.ft. (88.26 sq.m.),2,2,3,12.0,,Undefined,1450.0,,950.0,1,0,0,0,0,0,80,721.5
flat,ambience creacions,sector 22,1.65,11956.521739130434,1380.0,Super Built up area 1380(128.21 sq.m.)Built Up area: 1200 sq.ft. (111.48 sq.m.)Carpet area: 1000 sq.ft. (92.9 sq.m.),2,2,2,9.0,East,Relatively New,1380.0,1200.0,1000.0,0,0,0,1,1,2,133,690.0
flat,orris carnation residency,sector 85,0.72,4881.35593220339,1475.0,Super Built up area 1475(137.03 sq.m.)Built Up area: 1350 sq.ft. (125.42 sq.m.)Carpet area: 1250 sq.ft. (116.13 sq.m.),3,3,2,9.0,West,Moderately Old,1475.0,1350.0,1250.0,0,0,0,0,1,0,49,491.6666666666667
house,independent,sector 49,4.45,15451.388888888889,2880.0,Plot area 320(267.56 sq.m.),6,6,3,3.0,North,Moderately Old,,320.0,,1,1,1,1,0,2,152,480.0
flat,emaar palm gardens,sector 83,1.75,9210.526315789473,1900.0,Super Built up area 1900(176.52 sq.m.)Built Up area: 1600 sq.ft. (148.64 sq.m.)Carpet area: 1240 sq.ft. (115.2 sq.m.),3,3,3,6.0,West,Relatively New,1900.0,1600.0,1240.0,0,1,0,0,0,1,150,633.3333333333334
flat,bestech park view city,sector 48,1.76,9909.90990990991,1776.0,Super Built up area 1776(165 sq.m.)Built Up area: 1576 sq.ft. (146.42 sq.m.)Carpet area: 1476 sq.ft. (137.12 sq.m.),3,3,3+,9.0,South,Moderately Old,1776.0,1576.0,1476.0,0,1,0,1,0,1,158,592.0
flat,vatika gurgaon,sector 83,1.05,7000.0,1500.0,Super Built up area 1735(161.19 sq.m.)Carpet area: 1500 sq.ft. (139.35 sq.m.),3,3,3,3.0,South-West,Relatively New,1735.0,,1500.0,0,0,1,0,0,0,79,500.0
flat,park view apartments,sector 15,1.6,11034.48275862069,1450.0,Carpet area: 1450 (134.71 sq.m.),3,3,3+,2.0,North-West,Moderately Old,,,1450.0,0,0,0,1,0,0,56,483.3333333333333
flat,indiabulls centrum park,sector 103,1.9,5681.818181818182,3344.0,Carpet area: 3344 (310.67 sq.m.),3,4,3+,10.0,North-East,Relatively New,,,3344.0,1,1,0,1,1,1,49,1114.6666666666667
flat,puri diplomatic greens,sector 111,3.9,13000.0,3000.0,Super Built up area 3000(278.71 sq.m.)Carpet area: 2950 sq.ft. (274.06 sq.m.),4,5,3+,6.0,North-East,Relatively New,3000.0,,2950.0,0,1,0,0,0,2,160,750.0
flat,emaar mgf palm hills,sector 77,1.65,8461.538461538461,1950.0,Super Built up area 1950(181.16 sq.m.),4,3,3,9.0,South,Relatively New,1950.0,,,0,1,0,0,0,0,100,487.5
flat,pyramid urban,sector 67a,0.6,8571.42857142857,700.0,Super Built up area 700(65.03 sq.m.),2,2,2,14.0,,New Property,700.0,,,0,0,0,0,0,0,15,350.0
flat,dlf city plots phase 3,sector 24,6.5,18571.428571428572,3500.0,Carpet area: 3500 (325.16 sq.m.),4,5,3+,3.0,North-East,New Property,,,3500.0,0,1,0,0,0,2,42,875.0
house,dlf city plots,sector 26,4.0,4530.524408200249,8829.0,Plot area 109(91.14 sq.m.),4,3,2,2.0,,Relatively New,,109.0,,0,0,0,0,0,1,0,2207.25
flat,vatika gurgaon,sector 83,1.18,6801.152737752162,1735.0,Super Built up area 1735(161.19 sq.m.)Carpet area: 1500 sq.ft. (139.35 sq.m.),3,3,2,14.0,North,Relatively New,1735.0,,1500.0,0,0,0,0,0,0,26,578.3333333333334
flat,supertech araville,sector 79,1.1,5641.025641025641,1950.0,Carpet area: 1950 (181.16 sq.m.),3,3,3,1.0,,Relatively New,,,1950.0,0,0,0,0,0,1,106,650.0
flat,emaar mgf the palm drive,sector 66,3.2,17777.777777777777,1800.0,Super Built up area 2200(204.39 sq.m.)Carpet area: 1800 sq.ft. (167.23 sq.m.),3,3,3,12.0,South-West,Relatively New,2200.0,,1800.0,1,1,1,1,0,0,117,600.0
flat,mapsko mount ville,sector 79,1.3,8024.691358024691,1620.0,Super Built up area 1620(150.5 sq.m.)Carpet area: 867.24 sq.ft. (80.57 sq.m.),3,3,2,6.0,West,Relatively New,1620.0,,867.24,1,0,0,1,0,0,151,540.0
flat,puri diplomatic greens,sector 111,3.7,12542.372881355932,2950.0,Super Built up area 2950(274.06 sq.m.)Built Up area: 2650 sq.ft. (246.19 sq.m.)Carpet area: 2450 sq.ft. (227.61 sq.m.),4,5,3+,12.0,South-East,Relatively New,2950.0,2650.0,2450.0,0,1,0,0,0,1,158,737.5
flat,nbcc heights,sector 89,1.5,7058.823529411765,2125.0,Super Built up area 2125(197.42 sq.m.),3,3,3,8.0,,Relatively New,2125.0,,,1,1,0,0,0,0,105,708.3333333333334
flat,orris aster court premier,sector 85,1.2,5660.377358490566,2120.0,Super Built up area 2120(196.95 sq.m.)Built Up area: 1650 sq.ft. (153.29 sq.m.)Carpet area: 1550 sq.ft. (144 sq.m.),3,4,2,6.0,North-East,Relatively New,2120.0,1650.0,1550.0,0,1,0,0,0,0,28,706.6666666666666
house,independent,sector 4,1.9,8444.444444444445,2250.0,Plot area 250(209.03 sq.m.)Carpet area: 190 sq.yards (158.86 sq.m.),4,3,2,2.0,North-East,Moderately Old,,,190.0,0,0,1,1,0,1,46,562.5
house,ss aaron ville,sector 49,6.5,18807.87037037037,3456.0,Plot area 384(321.07 sq.m.),5,5,2,2.0,North-East,Relatively New,,384.0,,1,1,0,1,0,1,28,691.2
flat,raheja teachers apartments,sector 31,1.2,7272.727272727273,1650.0,Super Built up area 1650(153.29 sq.m.)Built Up area: 1450 sq.ft. (134.71 sq.m.)Carpet area: 1150 sq.ft. (106.84 sq.m.),3,2,2,1.0,East,Moderately Old,1650.0,1450.0,1150.0,0,0,0,0,1,2,105,550.0
flat,sidhartha ncr one phase,sector 95,0.9,4500.0,2000.0,Built Up area: 2000 (185.81 sq.m.),3,3,1,15.0,,Relatively New,,2000.0,,0,0,0,0,0,0,60,666.6666666666666
house,ansal sushant lok 2,sector 56,3.4,22222.222222222223,1530.0,Plot area 170(142.14 sq.m.),6,6,3+,2.0,West,Moderately Old,,170.0,,0,0,0,0,0,1,29,255.0
flat,godrej,sector 79,1.47,16261.061946902655,904.0,Carpet area: 84.01,2,2,3,9.0,North-East,New Property,,,84.01,1,0,0,0,0,0,99,452.0
flat,vatika the seven lamps,sector 82,1.37,8753.993610223642,1565.0,Super Built up area 2160(200.67 sq.m.)Built Up area: 2000 sq.ft. (185.81 sq.m.)Carpet area: 1565 sq.ft. (145.39 sq.m.),3,3,3,11.0,South,Relatively New,2160.0,2000.0,1565.0,1,1,0,1,0,1,145,521.6666666666666
flat,vasant appartments,sector 14,1.7,7391.304347826087,2300.0,Carpet area: 2300 (213.68 sq.m.),5,5,2,2.0,North-West,Old Property,,,2300.0,1,0,1,1,0,2,71,460.0
flat,conscient heritage max,sector 102,1.9,9783.728115345006,1942.0,Super Built up area 1942(180.42 sq.m.),3,4,3+,20.0,North-East,Relatively New,1942.0,,,0,1,0,0,0,0,165,647.3333333333334
flat,silverglades the melia,sohna road,0.91,6801.1958146487295,1338.0,Super Built up area 1350(125.42 sq.m.),2,2,3,1.0,,New Property,1350.0,,,1,0,0,0,0,0,72,669.0
flat,bestech park view ananda,sector 81,1.35,7541.899441340782,1790.0,Super Built up area 1790(166.3 sq.m.)Carpet area: 1130 sq.ft. (104.98 sq.m.),3,3,3+,10.0,North-East,Moderately Old,1790.0,,1130.0,0,0,1,0,0,1,72,596.6666666666666
flat,raheja vedaanta,sector 108,0.7,4666.666666666667,1500.0,Built Up area: 1468 (136.38 sq.m.)Carpet area: 1150 sq.ft. (106.84 sq.m.),2,2,1,10.0,West,Moderately Old,,1468.0,1150.0,0,0,0,0,0,0,0,750.0
flat,tulip violet,sector 69,1.42,8998.73257287706,1578.0,Super Built up area 1578(146.6 sq.m.),3,3,2,8.0,East,Relatively New,1578.0,,,0,0,0,1,0,1,94,526.0
flat,experion windchants,sector 112,3.75,13383.297644539614,2802.0,Super Built up area 2802(260.31 sq.m.),3,5,3+,22.0,South-West,Relatively New,2802.0,,,0,1,0,0,0,1,49,934.0
flat,bptp terra,sector 37d,1.79,8981.435022579026,1993.0,Super Built up area 1998(185.62 sq.m.),4,3,3,15.0,South-West,Relatively New,1998.0,,,0,0,0,0,1,1,37,498.25
flat,dlf regency park,sector 28,1.35,11739.130434782608,1150.0,Super Built up area 1150(106.84 sq.m.)Built Up area: 1120 sq.ft. (104.05 sq.m.)Carpet area: 1050 sq.ft. (97.55 sq.m.),2,2,2,14.0,East,Old Property,1150.0,1120.0,1050.0,0,0,1,0,0,0,66,575.0
flat,rof ananda,sector 95,0.55,5500.0,1000.0,Super Built up area 1000(92.9 sq.m.)Carpet area: 745 sq.ft. (69.21 sq.m.),3,2,2,14.0,East,New Property,1000.0,,745.0,1,0,0,0,0,2,30,333.3333333333333
flat,bestech park view residency,sector 2,1.26,8051.11821086262,1565.0,Super Built up area 1565(145.39 sq.m.),2,2,3,7.0,South-East,Moderately Old,1565.0,,,1,0,0,0,0,0,84,782.5
flat,sidhartha ncr one phase,sector 95,0.46,4646.464646464647,990.0,Built Up area: 990 (91.97 sq.m.),2,2,0,6.0,,Undefined,,990.0,,0,0,0,0,0,0,0,495.0
flat,sapphire eighty three,sector 83,0.4,8547.008547008547,468.0,Carpet area: 468 (43.48 sq.m.),1,1,1,6.0,North-East,Relatively New,,,468.0,0,0,0,0,0,2,52,468.0
flat,aipl club residences,sector 70a,1.27,9776.751347190146,1299.0,Carpet area: 1304 (121.15 sq.m.),2,2,3+,24.0,North-West,Relatively New,,,1304.0,0,0,0,0,1,1,113,649.5
flat,greenopolis,sector 89,0.9,4699.738903394255,1915.0,Built Up area: 1910 (177.44 sq.m.),3,3,0,14.0,,Under Construction,,1910.0,,0,0,0,0,0,0,67,638.3333333333334
flat,huda housing board society,sector 52,0.45,9740.25974025974,462.0,Carpet area: 461.77 (42.9 sq.m.),1,1,0,0.0,North-West,Moderately Old,,,461.77131,0,0,0,1,0,1,43,462.0
flat,dlf regal gardens,sector 90,1.25,10416.666666666666,1200.0,Super Built up area 1702(158.12 sq.m.)Carpet area: 1200 sq.ft. (111.48 sq.m.),3,3,3,18.0,North,Moderately Old,1702.0,,1200.0,0,1,0,0,0,0,100,400.0
house,unitech nirvana birch court,sector 50,6.8,31481.48148148148,2160.0,Plot area 240(200.67 sq.m.),4,4,3+,2.0,South-East,Old Property,,240.0,,1,1,0,1,0,0,105,540.0
flat,indiabulls centrum park,sector 103,1.2,8432.8882642305,1423.0,Super Built up area 1423(132.2 sq.m.),2,2,3,3.0,North-East,Moderately Old,1423.0,,,0,0,0,0,0,0,26,711.5
flat,lotus elise,sector 99,0.95,6551.724137931034,1450.0,Carpet area: 1450 (134.71 sq.m.),2,3,3,7.0,,Relatively New,,,1450.0,0,1,0,0,0,0,0,725.0
house,vatika signature villas,sector 82,4.7,21759.25925925926,2160.0,Plot area 240(200.67 sq.m.),3,3,3+,3.0,,New Property,,240.0,,0,1,0,0,0,0,33,720.0
flat,ireo the grand arch,sector 58,4.85,16934.35754189944,2864.0,Carpet area: 2864 (266.07 sq.m.),4,5,3,23.0,North-West,Relatively New,,,2864.0,1,1,0,1,1,1,49,716.0
flat,puri diplomatic greens,sector 111,2.65,13589.74358974359,1950.0,Super Built up area 2215(205.78 sq.m.)Carpet area: 1950 sq.ft. (181.16 sq.m.),3,4,2,7.0,West,Relatively New,2215.0,,1950.0,0,1,0,0,0,1,159,650.0
house,independent,sector 11,1.2,4444.444444444444,2700.0,Built Up area: 300 (250.84 sq.m.),7,3,0,3.0,,Undefined,,300.0,,0,0,0,0,0,0,0,385.7142857142857
flat,tulip white,sector 69,0.9,6000.0,1500.0,Super Built up area 1500(139.35 sq.m.)Built Up area: 1326 sq.ft. (123.19 sq.m.)Carpet area: 1050 sq.ft. (97.55 sq.m.),3,2,3+,1.0,West,Relatively New,1500.0,1326.0,1050.0,0,0,0,0,0,1,149,500.0
flat,dlf royalton tower,sector 43,6.5,22108.843537414967,2940.0,Super Built up area 2940(273.13 sq.m.),4,5,2,8.0,West,Relatively New,2940.0,,,0,1,0,0,0,0,15,735.0
house,vipul tatvam villa,sector 48,8.4,21000.0,4000.0,Plot area 4000(371.61 sq.m.),4,5,3+,2.0,North,Moderately Old,,4000.0,,1,1,0,1,0,1,49,1000.0
flat,emaar gurgaon greens,sector 102,1.35,8181.818181818182,1650.0,Super Built up area 1650(153.29 sq.m.)Carpet area: 1022.58 sq.ft. (95 sq.m.),3,3,3,5.0,North-West,Relatively New,1650.0,,1022.58,0,1,0,0,0,0,119,550.0
flat,godrej nature plus,sector 33,1.65,14335.360556038228,1151.0,Carpet area: 1151 (106.93 sq.m.),2,2,3,1.0,East,Under Construction,,,1151.0,0,0,0,0,0,0,38,575.5
flat,ansal plaza,sector 2,1.0,10000.0,1000.0,Built Up area: 1000 (92.9 sq.m.),2,3,0,1.0,,Undefined,,1000.0,,0,0,0,0,0,0,0,500.0
flat,ss the leaf,sector 85,1.06,6343.506882106523,1671.0,Super Built up area 1671(155.24 sq.m.),2,2,2,12.0,South,Relatively New,1671.0,,,0,0,0,0,0,0,44,835.5
flat,signature global city 81,sector 81,0.89,8279.06976744186,1075.0,Carpet area: 1075 (99.87 sq.m.),2,2,2,3.0,North,Undefined,,,1075.0,0,0,0,0,1,0,20,537.5
flat,paras irene,sector 70a,1.3,9219.85815602837,1410.0,Super Built up area 1420(131.92 sq.m.)Carpet area: 1410 sq.ft. (130.99 sq.m.),2,2,3,19.0,,Moderately Old,1420.0,,1410.0,0,0,0,0,0,1,49,705.0
flat,signature global grand iva,sector 103,0.5,6666.666666666667,750.0,Built Up area: 750 (69.68 sq.m.)Carpet area: 605 sq.ft. (56.21 sq.m.),2,2,0,10.0,North,Undefined,,750.0,605.0,0,0,0,0,0,0,0,375.0
flat,ats tourmaline,sector 109,1.4,8000.0,1750.0,Super Built up area 1750(162.58 sq.m.),3,3,3+,9.0,East,Relatively New,1750.0,,,0,0,0,0,0,0,95,583.3333333333334
house,independent,sector 6,0.75,10518.934081346424,713.0,Plot area 713(66.24 sq.m.),2,4,1,3.0,,Moderately Old,,713.0,,0,0,0,0,0,0,62,356.5
flat,godrej nature plus,sector 33,1.4,15118.790496760259,926.0,Super Built up area 145Carpet area: 86 sq.m.,3,2,3+,20.0,,New Property,145.0,,86.0,0,0,0,0,0,0,70,308.6666666666667
flat,emaar mgf the palm drive,sector 66,4.6,18400.0,2500.0,Super Built up area 3300(306.58 sq.m.)Carpet area: 2500 sq.ft. (232.26 sq.m.),3,3,3,11.0,North,Relatively New,3300.0,,2500.0,1,1,1,1,0,0,131,833.3333333333334
flat,tulip violet,sector 69,1.31,8517.555266579973,1538.0,Super Built up area 1538(142.88 sq.m.),3,3,2,12.0,East,Relatively New,1538.0,,,0,0,0,1,0,1,174,512.6666666666666
house,independent,sector 3 phase 2,1.0,11111.111111111111,900.0,Plot area 900(83.61 sq.m.),3,4,2,2.0,,Relatively New,,900.0,,0,0,0,0,0,0,0,300.0
house,4s aradhya homes,sector 67a,1.83,6777.777777777777,2700.0,Plot area 300(250.84 sq.m.),4,4,2,4.0,East,New Property,,300.0,,0,0,0,1,0,1,145,675.0
flat,aardhya homesh,sector 67a,1.85,8043.478260869565,2300.0,Carpet area: 2300 (213.68 sq.m.),4,4,0,4.0,East,Undefined,,,2300.0,0,0,0,0,0,0,0,575.0
house,independent,sector 47,5.25,11666.666666666666,4500.0,Plot area 1944(180.6 sq.m.)Built Up area: 4650 sq.ft. (432 sq.m.)Carpet area: 4500 sq.ft. (418.06 sq.m.),9,9,3+,4.0,East,Relatively New,,4650.0,4500.0,0,1,0,0,0,1,142,500.0
house,experion windchants,sector 112,9.5,23456.79012345679,4050.0,Plot area 450(376.26 sq.m.)Built Up area: 7450 sq.yards (6229.15 sq.m.),5,5,3,2.0,,Relatively New,,7450.0,,0,1,0,0,0,0,45,810.0
flat,ss the leaf,sector 85,1.09,6662.591687041565,1636.0,Super Built up area 1640(152.36 sq.m.)Built Up area: 1475 sq.ft. (137.03 sq.m.)Carpet area: 1350 sq.ft. (125.42 sq.m.),2,2,3,5.0,North-East,Relatively New,1640.0,1475.0,1350.0,0,0,0,0,0,0,49,818.0
house,independent,sector 8,1.6,3185.9816806053364,5022.0,Plot area 62(51.84 sq.m.),4,6,1,3.0,,Relatively New,,62.0,,0,0,0,0,0,0,0,1255.5
flat,tata primanti,sector 72,5.0,11111.111111111111,4500.0,Built Up area: 4500 (418.06 sq.m.)Carpet area: 3500 sq.ft. (325.16 sq.m.),4,4,3+,2.0,North-East,Moderately Old,,4500.0,3500.0,1,1,0,1,1,1,174,1125.0
flat,dlf the ultima,sector 81,3.25,11805.303305484926,2753.0,Super Built up area 2753(255.76 sq.m.),4,4,3+,11.0,North-West,Moderately Old,2753.0,,,0,1,0,0,0,0,28,688.25
flat,tulip violet,sector 69,3.1,9822.56020278834,3156.0,Super Built up area 3156(293.2 sq.m.)Carpet area: 2500 sq.ft. (232.26 sq.m.),4,6,3+,14.0,North,Relatively New,3156.0,,2500.0,0,1,0,1,0,0,174,789.0
flat,corona gracieux,sector 76,1.46,5499.0583804143125,2655.0,Super Built up area 2650(246.19 sq.m.),4,6,3+,8.0,,New Property,2650.0,,,0,1,0,0,0,0,58,663.75
house,independent,sector 24,5.25,38888.88888888889,1350.0,Plot area 163(136.29 sq.m.)Built Up area: 160 sq.yards (133.78 sq.m.)Carpet area: 150 sq.yards (125.42 sq.m.),4,4,3+,2.0,East,Relatively New,,160.0,150.0,0,1,0,1,0,1,72,337.5
house,emaar mgf marbella,sector 66,12.0,37037.03703703704,3240.0,Plot area 360(301.01 sq.m.),4,4,3+,3.0,East,Relatively New,,360.0,,1,1,1,1,0,1,160,810.0
flat,ss the leaf,sector 85,2.2,11178.861788617885,1968.0,Super Built up area 2812(261.24 sq.m.)Built Up area: 2390 sq.ft. (222.04 sq.m.)Carpet area: 1968 sq.ft. (182.83 sq.m.),4,5,3+,4.0,West,Relatively New,2812.0,2390.0,1968.0,0,1,0,1,0,0,174,492.0
flat,mapsko mount ville,sector 79,1.2,8053.6912751677855,1490.0,Super Built up area 1490(138.43 sq.m.)Carpet area: 1163.91 sq.ft. (108.13 sq.m.),3,3,3,9.0,South,Relatively New,1490.0,,1163.91,1,0,0,0,0,1,104,496.6666666666667
flat,corona optus,sector 37c,1.44,7250.755287009063,1986.0,Carpet area: 1990 (184.88 sq.m.),3,3,3+,8.0,North-West,New Property,,,1990.0,0,1,0,0,0,0,37,662.0
flat,signature global synera,sector 81,0.31,7434.052757793765,417.0,Super Built up area 417(38.74 sq.m.)Carpet area: 320 sq.ft. (29.73 sq.m.),1,1,1,13.0,North,Relatively New,417.0,,320.0,0,0,0,0,0,2,123,417.0
house,international city by sobha phase 1,sector 109,6.0,9633.911368015415,6228.0,Plot area 692(578.6 sq.m.),5,5,3+,2.0,South-West,Relatively New,,692.0,,1,1,1,1,0,0,160,1245.6
flat,vatika gurgaon,sector 83,1.12,6455.3314121037465,1735.0,Super Built up area 1735(161.19 sq.m.)Built Up area: 1200 sq.ft. (111.48 sq.m.)Carpet area: 1126 sq.ft. (104.61 sq.m.),3,3,2,4.0,South-East,Relatively New,1735.0,1200.0,1126.0,1,1,1,1,0,1,165,578.3333333333334
flat,dlf regency park,sector 28,2.25,14516.129032258064,1550.0,Super Built up area 1777(165.09 sq.m.)Built Up area: 1700 sq.ft. (157.94 sq.m.)Carpet area: 1550 sq.ft. (144 sq.m.),3,3,2,16.0,West,Old Property,1777.0,1700.0,1550.0,0,1,0,0,0,0,89,516.6666666666666
flat,corona optus,sector 37c,1.2,6916.4265129683,1735.0,Super Built up area 1735(161.19 sq.m.)Built Up area: 1635 sq.ft. (151.9 sq.m.)Carpet area: 1535 sq.ft. (142.61 sq.m.),3,4,3,8.0,South-West,Relatively New,1735.0,1635.0,1535.0,0,0,0,0,0,0,149,578.3333333333334
house,unitech espace,sector 50,10.45,32253.086419753086,3240.0,Plot area 360(301.01 sq.m.),5,7,3+,3.0,,Moderately Old,,360.0,,1,1,0,1,1,1,153,648.0
house,sai kripa floors 5,sector 11,0.9,11250.0,800.0,Plot area 800(74.32 sq.m.),2,5,3,3.0,,Relatively New,,800.0,,0,0,0,0,0,0,0,400.0
flat,suposhaa smartworld orchard,sector 61,2.25,14525.500322788896,1549.0,Carpet area: 1549 (143.91 sq.m.),3,3,2,3.0,,Undefined,,,1549.0,0,0,0,0,0,0,0,516.3333333333334
flat,signature the serenas,sohna road,0.28,56.999776072308286,49123.0,Carpet area: 48811 (4534.69 sq.m.),1,1,2,1.0,North-West,Relatively New,,,48811.0,1,0,0,0,0,0,37,49123.0
flat,imperia the esfera,sector 37c,0.7,4878.048780487805,1435.0,Super Built up area 1435(133.32 sq.m.),2,3,3+,12.0,North,Under Construction,1435.0,,,1,0,0,0,1,0,58,717.5
flat,shapoorji pallonji joyville gurugram,sector 102,1.26,10039.8406374502,1255.0,Super Built up area 1215(112.88 sq.m.),2,2,2,10.0,North,Relatively New,1215.0,,,0,0,0,0,0,0,108,627.5
flat,ats triumph,sector 104,1.73,7554.585152838428,2290.0,Super Built up area 2290(212.75 sq.m.),3,4,3+,15.0,North-East,Relatively New,2290.0,,,0,1,0,0,0,0,159,763.3333333333334
flat,ss the leaf,sector 85,1.15,10017.421602787457,1148.0,Super Built up area 1640(152.36 sq.m.)Carpet area: 1148 sq.ft. (106.65 sq.m.),2,2,3+,18.0,East,Relatively New,1640.0,,1148.0,0,0,1,0,0,0,156,574.0
house,independent,sector 45,8.5,26234.567901234568,3240.0,Plot area 360(301.01 sq.m.),5,4,2,1.0,North-East,Moderately Old,,360.0,,0,1,0,1,0,1,49,648.0
flat,pgr shree kripaluji apartment,sector 52,1.4,6086.95652173913,2300.0,Carpet area: 2300 (213.68 sq.m.),3,3,3+,8.0,North-East,Relatively New,,,2300.0,0,0,0,0,0,1,80,766.6666666666666
flat,shree vardhman flora,sector 90,0.65,4814.814814814815,1350.0,Super Built up area 1350(125.42 sq.m.),2,2,3,6.0,East,Relatively New,1350.0,,,1,0,0,0,0,0,165,675.0
flat,ss the leaf,sector 85,1.25,7179.781734635267,1741.0,Carpet area: 1741 (161.74 sq.m.),2,2,2,16.0,North,Relatively New,,,1741.0,0,0,0,0,0,1,49,870.5
flat,shapoorji pallonji joyville gurugram,sector 102,1.95,13928.57142857143,1400.0,Super Built up area 1852(172.06 sq.m.)Carpet area: 1400 sq.ft. (130.06 sq.m.),3,3,3,6.0,North-East,New Property,1852.0,,1400.0,0,0,0,1,0,1,174,466.6666666666667
flat,eldeco accolade,sohna road,0.71,5608.214849921011,1266.0,Super Built up area 1275(118.45 sq.m.),2,2,3,10.0,North-East,Relatively New,1275.0,,,0,0,0,0,0,0,159,633.0
flat,aipl the peaceful homes,sector 70a,2.5,10638.297872340425,2350.0,Super Built up area 2350(218.32 sq.m.),3,4,3,8.0,South,Relatively New,2350.0,,,0,1,1,0,0,1,174,783.3333333333334
flat,emaar mgf emerald floors premier,sector 65,2.5,15151.515151515152,1650.0,Super Built up area 1650(153.29 sq.m.),3,3,3,3.0,South-West,Relatively New,1650.0,,,1,1,0,0,0,0,15,550.0
house,international city by sobha phase 1,sector 109,12.0,20000.0,6000.0,Plot area 8000(743.22 sq.m.)Built Up area: 7000 sq.ft. (650.32 sq.m.)Carpet area: 6000 sq.ft. (557.42 sq.m.),5,6,3,2.0,North-East,Relatively New,,7000.0,6000.0,1,1,0,0,0,1,154,1200.0
flat,alpha corp gurgaonone,sector 84,1.52,7904.316172646906,1923.0,Super Built up area 1923(178.65 sq.m.)Carpet area: 1500 sq.ft. (139.35 sq.m.),3,4,3,15.0,South,Relatively New,1923.0,,1500.0,0,1,0,0,0,0,92,641.0
flat,emaar gurgaon greens,sector 102,1.4,8484.848484848484,1650.0,Super Built up area 1650(153.29 sq.m.)Carpet area: 1022.58 sq.ft. (95 sq.m.),3,3,3,3.0,East,Relatively New,1650.0,,1022.58,0,1,0,0,0,0,60,550.0
flat,m3m the marina,sector 68,1.45,9615.384615384615,1508.0,Super Built up area 1508(140.1 sq.m.),3,2,3+,9.0,,New Property,1508.0,,,0,0,0,0,0,0,0,502.6666666666667
flat,vipul lavanya,sector 81,0.75,5966.587112171837,1257.0,Carpet area: 1257 (116.78 sq.m.),2,2,2,7.0,,Moderately Old,,,1257.0,0,0,0,0,0,0,37,628.5
flat,emaar mgf the palm drive,sector 66,3.98,18090.909090909092,2200.0,Super Built up area 2200(204.39 sq.m.),3,4,3+,2.0,South-East,Moderately Old,2200.0,,,0,1,0,0,0,1,123,733.3333333333334
flat,sobha city,sector 108,3.25,15685.328185328186,2072.0,Super Built up area 2072(192.5 sq.m.),3,3,3,12.0,North,Relatively New,2072.0,,,0,0,0,0,0,0,99,690.6666666666666
flat,vatika sovereign park,sector 99,3.2,9922.480620155038,3225.0,Built Up area: 3225 (299.61 sq.m.),4,4,0,5.0,North-East,Undefined,,3225.0,,0,0,0,0,0,0,23,806.25
flat,supertech hues,sector 68,0.9,7627.118644067797,1180.0,Carpet area: 1180 (109.63 sq.m.),2,2,2,1.0,East,New Property,,,1180.0,0,0,0,0,0,0,44,590.0
flat,satya the hermitage,sector 103,0.89,6137.931034482759,1450.0,Super Built up area 1450(134.71 sq.m.)Carpet area: 1081 sq.ft. (100.43 sq.m.),2,3,3,1.0,,Relatively New,1450.0,,1081.0,0,1,0,0,0,0,75,725.0
flat,dlf express greens,manesar,1.5,6358.62653666808,2359.0,Super Built up area 2359(219.16 sq.m.),4,5,3+,10.0,East,New Property,2359.0,,,0,1,0,0,0,0,32,589.75
house,bptp visionnaire,sector 70a,4.6,17624.521072796935,2610.0,Plot area 290(242.48 sq.m.),4,4,3+,3.0,North,Moderately Old,,290.0,,1,1,1,1,0,0,96,652.5
house,independent,sector 2,1.15,19360.26936026936,594.0,Plot area 66(55.18 sq.m.),3,3,2,2.0,South-East,Old Property,,66.0,,0,0,0,0,0,1,32,198.0
flat,avl 36 gurgaon,sector 36a,0.37,10541.31054131054,351.0,Super Built up area 352(32.7 sq.m.),1,1,1,3.0,North,Relatively New,352.0,,,0,0,0,0,0,1,88,351.0
flat,tata primanti,sector 72,3.3,15384.615384615385,2145.0,Super Built up area 2145(199.28 sq.m.)Built Up area: 2000 sq.ft. (185.81 sq.m.)Carpet area: 1800 sq.ft. (167.23 sq.m.),3,3,3+,10.0,North-East,Relatively New,2145.0,2000.0,1800.0,0,1,0,0,0,1,165,715.0
house,vipul tatvam villa,sector 48,7.8,23145.40059347181,3370.0,Plot area 360(301.01 sq.m.),4,4,3+,2.0,North-East,Relatively New,,360.0,,1,1,1,1,0,1,145,842.5
flat,signature global solera,sector 107,0.28,5622.489959839358,498.0,Carpet area: 489 (45.43 sq.m.),2,2,2,14.0,North-West,Relatively New,,,489.0,0,0,0,0,0,0,38,249.0
flat,ansal api esencia,sector 67,1.2,7407.407407407408,1620.0,Carpet area: 180 (150.5 sq.m.),3,3,2,1.0,,Undefined,,,180.0,0,0,0,0,0,0,49,540.0
flat,alpha corp gurgaonone,sector 84,2.2,7586.206896551724,2900.0,Carpet area: 2900 (269.42 sq.m.),4,4,3,10.0,South,Relatively New,,,2900.0,0,1,0,0,0,0,21,725.0
flat,shree vardhman victoria,sector 70,1.64,8410.25641025641,1950.0,Super Built up area 1950(181.16 sq.m.)Carpet area: 1161 sq.ft. (107.86 sq.m.),3,5,3,8.0,North-East,Relatively New,1950.0,,1161.0,0,1,0,0,0,0,126,650.0
flat,signature global city 37d ph 2,sector 37d,1.35,9375.0,1440.0,Carpet area: 1440 (133.78 sq.m.),3,3,3+,3.0,,Undefined,,,1440.0,0,0,0,1,0,0,51,480.0
flat,ss the coralwood,sector 84,1.1,4856.512141280353,2265.0,Super Built up area 1750(162.58 sq.m.),3,3,2,9.0,North,Relatively New,1750.0,,,0,0,0,0,0,0,75,755.0
flat,rof ananda,sector 95,0.46,6318.681318681319,728.0,Carpet area: 728 (67.63 sq.m.),2,2,2,11.0,North-West,New Property,,,728.0,1,0,0,0,0,0,82,364.0
house,not applicable,sector 4,0.65,13000.0,500.0,Plot area 500(46.45 sq.m.),2,1,1,3.0,East,Moderately Old,,500.0,,0,0,0,0,0,0,7,250.0
flat,satya the hermitage,sector 103,0.99,6653.225806451613,1488.0,Super Built up area 1991(184.97 sq.m.)Carpet area: 1495 sq.ft. (138.89 sq.m.),3,4,3+,2.0,North-East,Relatively New,1991.0,,1495.0,0,1,0,1,0,0,174,496.0
house,independent,sector 55,3.1,20025.839793281655,1548.0,Plot area 172(143.81 sq.m.),5,4,3+,2.0,North-East,Moderately Old,,172.0,,0,1,1,0,0,1,59,309.6
flat,godrej aria,sector 79,1.0,6653.35994677312,1503.0,Super Built up area 1503(139.63 sq.m.)Built Up area: 1300 sq.ft. (120.77 sq.m.)Carpet area: 1200 sq.ft. (111.48 sq.m.),2,2,2,4.0,North-West,Relatively New,1503.0,1300.0,1200.0,1,0,0,0,0,0,49,751.5
flat,ss residency,sector 6,0.48,5333.333333333333,900.0,Carpet area: 100 (83.61 sq.m.),3,2,2,2.0,,Moderately Old,,,100.0,0,0,0,0,0,0,54,300.0
flat,shapoorji pallonji joyville gurugram,sector 102,1.28,10534.979423868313,1215.0,Super Built up area 1215(112.88 sq.m.),2,2,3,10.0,East,Relatively New,1215.0,,,0,0,0,0,0,0,49,607.5
flat,ashiana mulberry,sohna road,1.07,6184.971098265896,1730.0,Super Built up area 1730(160.72 sq.m.)Built Up area: 1600 sq.ft. (148.64 sq.m.)Carpet area: 1300 sq.ft. (120.77 sq.m.),3,3,3+,7.0,North-East,Relatively New,1730.0,1600.0,1300.0,0,0,0,0,0,0,167,576.6666666666666
flat,dlf the primus,sector 82a,1.87,10394.663702056698,1799.0,Super Built up area 1799(167.13 sq.m.)Carpet area: 1538 sq.ft. (142.88 sq.m.),3,3,3,31.0,East,Moderately Old,1799.0,,1538.0,0,0,0,1,0,0,38,599.6666666666666
flat,bptp terra,sector 37d,1.49,8106.6376496191515,1838.0,Super Built up area 1832(170.2 sq.m.)Carpet area: 1580 sq.ft. (146.79 sq.m.),3,3,3,20.0,North-West,Relatively New,1832.0,,1580.0,0,0,0,0,1,0,49,612.6666666666666
flat,tarc maceo,sector 91,0.95,5952.380952380952,1596.0,Super Built up area 1310(121.7 sq.m.),2,2,2,10.0,East,Relatively New,1310.0,,,0,0,0,0,0,0,77,798.0
house,independent,sector 4,0.65,10317.460317460318,630.0,Plot area 70(6.5 sq.m.),1,1,1,1.0,South-East,Moderately Old,,70.0,,0,0,0,0,1,0,21,630.0
flat,adani m2k oyster grande,sector 102,2.4,9305.932531989143,2579.0,Super Built up area 2579(239.6 sq.m.)Carpet area: 2100 sq.ft. (195.1 sq.m.),3,4,3+,3.0,North-East,Relatively New,2579.0,,2100.0,1,0,0,0,0,1,49,859.6666666666666
flat,indiabulls centrum park,sector 103,2.45,8521.739130434782,2875.0,Super Built up area 2875(267.1 sq.m.),4,6,3,5.0,,Relatively New,2875.0,,,0,1,0,0,0,0,38,718.75
flat,milan cghs 9,sector 39,2.0,8333.333333333334,2400.0,Built Up area: 2400 (222.97 sq.m.),3,3,3+,0.0,,Undefined,,2400.0,,0,0,0,0,0,0,0,800.0
flat,sbr minda sec 1 imt manesar,manesar,0.65,4259.501965923984,1526.0,Carpet area: 1526 (141.77 sq.m.),3,2,3+,6.0,South,Moderately Old,,,1526.0,0,0,0,0,0,0,5,508.6666666666667
flat,indiabulls centrum park,sector 103,1.32,7787.6106194690265,1695.0,Super Built up area 1695(157.47 sq.m.)Built Up area: 1300 sq.ft. (120.77 sq.m.)Carpet area: 1200 sq.ft. (111.48 sq.m.),3,3,3+,6.0,North-East,Relatively New,1695.0,1300.0,1200.0,1,0,0,0,0,0,49,565.0
flat,smart world one,dwarka expressway,1.65,5933.117583603021,2781.0,Carpet area: 2785 (258.73 sq.m.),3,4,3,6.0,,Under Construction,,,2785.0,0,0,0,0,0,0,0,927.0
flat,indiabulls centrum park,sector 103,1.33,8580.645161290322,1550.0,Super Built up area 1790(166.3 sq.m.)Carpet area: 1550 sq.ft. (144 sq.m.),3,3,3+,8.0,East,Relatively New,1790.0,,1550.0,1,0,0,0,0,0,150,516.6666666666666
flat,ambience creacions,sector 22,1.75,12699.564586357039,1378.0,Super Built up area 1380(128.21 sq.m.),2,2,2,11.0,,Undefined,1380.0,,,0,0,0,0,0,0,57,689.0
flat,aipl joy square,sector 63a,0.7,10101.0101010101,693.0,Built Up area: 693 (64.38 sq.m.)Carpet area: 350 sq.ft. (32.52 sq.m.),1,1,0,7.0,,Undefined,,693.0,350.0,0,0,0,0,0,0,0,693.0
flat,signature global the millennia,sector 37d,0.55,9166.666666666666,600.0,Super Built up area 600(55.74 sq.m.),2,2,3,3.0,,New Property,600.0,,,0,0,0,0,0,0,53,300.0
flat,citizen apartment,sector 51,3.55,6825.610459527014,5201.0,Built Up area: 5200 (483.1 sq.m.)Carpet area: 4700 sq.ft. (436.64 sq.m.),5,6,3+,11.0,North,Moderately Old,,5200.0,4700.0,1,1,1,1,0,1,157,1040.2
flat,bptp pedestal,sector 70a,1.6,10158.730158730159,1575.0,Carpet area: 1575 (146.32 sq.m.),3,3,3,2.0,North-East,New Property,,,1575.0,0,1,0,0,1,0,77,525.0
flat,bestech park view sanskruti,sector 92,1.55,9687.5,1600.0,Super Built up area 1995(185.34 sq.m.)Carpet area: 1600 sq.ft. (148.64 sq.m.),3,3,3,17.0,,Relatively New,1995.0,,1600.0,0,1,0,0,0,1,60,533.3333333333334
flat,orris carnation residency,sector 85,0.88,5953.991880920163,1478.0,Super Built up area 1485(137.96 sq.m.),3,3,1,1.0,South,Relatively New,1485.0,,,0,0,0,0,0,0,65,492.6666666666667
house,independent,sector 13,9.0,11111.111111111111,8100.0,Plot area 900(83.61 sq.m.),10,5,3+,4.0,,Old Property,,900.0,,0,0,0,0,0,0,0,810.0
flat,m3m woodshire,sector 107,1.29,8835.616438356165,1460.0,Super Built up area 1943(180.51 sq.m.)Carpet area: 1460 sq.ft. (135.64 sq.m.),3,3,3+,1.0,East,Relatively New,1943.0,,1460.0,0,0,0,1,0,1,174,486.6666666666667
flat,signature global solera,sector 107,0.36,6569.343065693431,548.0,Super Built up area 548(50.91 sq.m.),2,2,1,9.0,South,Relatively New,548.0,,,0,0,0,0,0,0,28,274.0
flat,conscient heritage max,sector 102,2.2,10237.319683573754,2149.0,Super Built up area 2149(199.65 sq.m.)Built Up area: 1186 sq.ft. (110.18 sq.m.)Carpet area: 1130 sq.ft. (104.98 sq.m.),3,4,3+,20.0,East,Relatively New,2149.0,1186.0,1130.0,1,1,0,0,0,1,45,716.3333333333334
flat,gls avenue 51,sector 92,0.45,7614.213197969543,591.0,Built Up area: 646 (60.02 sq.m.)Carpet area: 591 sq.ft. (54.91 sq.m.),2,2,1,10.0,,New Property,,646.0,591.0,1,0,0,0,0,1,20,295.5
flat,tulip violet,sector 69,1.68,8349.900596421472,2012.0,Super Built up area 2010(186.74 sq.m.),4,4,2,1.0,South-West,Relatively New,2010.0,,,0,0,0,1,0,0,102,503.0
house,independent,sector 23,2.7,18620.689655172413,1450.0,Plot area 1450(134.71 sq.m.),5,5,2,3.0,East,Old Property,,1450.0,,0,0,0,0,0,1,17,290.0
flat,dlf regal gardens,sector 90,1.7,7221.750212404418,2354.0,Super Built up area 2215(205.78 sq.m.),4,4,3+,15.0,North-West,Moderately Old,2215.0,,,0,1,0,0,0,0,38,588.5
flat,antriksh heights,sector 84,0.6,5000.0,1200.0,Super Built up area 1200(111.48 sq.m.),2,2,2,14.0,North,Relatively New,1200.0,,,0,0,0,0,0,0,52,600.0
flat,indiabulls enigma,sector 110,4.49,11572.164948453608,3880.0,Super Built up area 3880(360.46 sq.m.),5,5,3+,4.0,North-East,Relatively New,3880.0,,,0,1,0,0,0,0,165,776.0
flat,dlf the ultima,sector 81,2.3,10936.757013789824,2103.0,Super Built up area 2103(195.38 sq.m.)Built Up area: 1617 sq.ft. (150.22 sq.m.)Carpet area: 1257 sq.ft. (116.78 sq.m.),3,3,3+,19.0,East,Relatively New,2103.0,1617.0,1257.0,1,1,0,1,1,2,49,701.0
flat,suncity vatsal valley,gwal pahari,1.45,10139.86013986014,1430.0,Built Up area: 1430 (132.85 sq.m.)Carpet area: 760 sq.ft. (70.61 sq.m.),3,3,3,4.0,,Under Construction,,1430.0,760.0,0,0,0,0,0,0,49,476.6666666666667
flat,zara aavaas,sector 104,0.4,7029.8769771529,569.0,Super Built up area 568.46(52.81 sq.m.),2,2,1,4.0,North,Relatively New,568.46,,,0,0,0,0,0,0,52,284.5
flat,sunischit apartments,sector 54,1.69,7952.941176470588,2125.0,Super Built up area 2200(204.39 sq.m.),3,3,3+,5.0,North,Old Property,2200.0,,,0,1,0,0,0,1,65,708.3333333333334
flat,shree vardhman victoria,sector 70,1.6,8205.128205128205,1950.0,Carpet area: 1950 (181.16 sq.m.),3,5,3,6.0,West,Relatively New,,,1950.0,0,1,0,0,0,0,174,650.0
house,tata primanti,sector 72,8.5,13492.063492063493,6300.0,Plot area 6300(585.29 sq.m.),5,6,3+,10.0,East,Relatively New,,6300.0,,1,1,1,1,0,1,145,1260.0
flat,mapsko mount ville,sector 79,1.25,8389.261744966443,1490.0,Carpet area: 1490 (138.43 sq.m.),3,3,3+,16.0,North,Relatively New,,,1490.0,0,0,0,0,0,1,49,496.6666666666667
house,independent,sector 43,2.55,13178.29457364341,1935.0,Built Up area: 215 (179.77 sq.m.),3,3,2,3.0,,Relatively New,,215.0,,0,0,0,0,0,1,60,645.0
flat,ss residency,sector 12,0.53,4818.181818181818,1100.0,Super Built up area 1100(102.19 sq.m.),3,3,2,2.0,,Relatively New,1100.0,,,0,0,0,0,0,1,14,366.6666666666667
flat,zara aavaas,sector 104,0.4,7029.8769771529,569.0,Super Built up area 569(52.86 sq.m.),2,2,1,14.0,,Relatively New,569.0,,,0,0,0,0,0,0,38,284.5
flat,ambience creacions,sector 22,2.4,17391.304347826088,1380.0,Super Built up area 1380(128.21 sq.m.)Built Up area: 1200 sq.ft. (111.48 sq.m.)Carpet area: 900 sq.ft. (83.61 sq.m.),2,2,2,8.0,South-East,Relatively New,1380.0,1200.0,900.0,0,0,0,0,1,2,112,690.0
house,eros rosewood city,sector 49,4.05,20769.23076923077,1950.0,Plot area 1710(158.86 sq.m.)Built Up area: 2000 sq.ft. (185.81 sq.m.)Carpet area: 1950 sq.ft. (181.16 sq.m.),3,3,3,2.0,East,Moderately Old,,2000.0,1950.0,0,1,1,0,0,0,46,650.0
flat,antriksh heights,sector 84,0.89,4369.170348551792,2037.0,Super Built up area 2025(188.13 sq.m.),3,3,3,8.0,North,Relatively New,2025.0,,,0,0,0,1,0,0,67,679.0
flat,signature global city,sector 37d,1.25,6082.725060827251,2055.0,Carpet area: 2055 (190.92 sq.m.),3,3,3,4.0,,Undefined,,,2055.0,0,0,0,0,0,0,16,685.0
house,international city by sobha phase 1,sector 109,6.1,25102.880658436214,2430.0,Plot area 270(225.75 sq.m.),5,6,3+,2.0,,Moderately Old,,270.0,,0,1,0,0,0,0,30,486.0
flat,signature global park,sohna road,0.58,7055.961070559611,822.0,Built Up area: 822 (76.37 sq.m.)Carpet area: 600 sq.ft. (55.74 sq.m.),2,2,2,3.0,,Undefined,,822.0,600.0,0,0,0,0,0,0,58,411.0
flat,puri the aravallis,sector 61,3.87,17200.0,2250.0,Super Built up area 2250(209.03 sq.m.)Carpet area: 1249.65 sq.ft. (116.1 sq.m.),3,4,3+,21.0,East,Undefined,2250.0,,1249.65,0,1,0,0,0,0,58,750.0
house,independent,sector 43,8.25,30555.555555555555,2700.0,Plot area 300(250.84 sq.m.),5,6,3+,3.0,West,Moderately Old,,300.0,,1,1,1,1,0,1,64,540.0
flat,sare crescent parc,sector 92,0.71,4933.98193189715,1439.0,Carpet area: 1436 (133.41 sq.m.),3,3,2,6.0,,Relatively New,,,1436.0,0,0,0,0,0,0,37,479.6666666666667
flat,emaar mgf emerald estate,sector 65,1.42,13921.56862745098,1020.0,Super Built up area 1020(94.76 sq.m.)Built Up area: 1010 sq.ft. (93.83 sq.m.)Carpet area: 750 sq.ft. (69.68 sq.m.),2,2,2,6.0,North-East,Relatively New,1020.0,1010.0,750.0,1,0,0,0,0,1,174,510.0
flat,ss the leaf,sector 85,1.17,7001.795332136445,1671.0,Super Built up area 1671(155.24 sq.m.)Built Up area: 1660 sq.ft. (154.22 sq.m.)Carpet area: 1650 sq.ft. (153.29 sq.m.),2,2,3,11.0,East,Relatively New,1671.0,1660.0,1650.0,0,0,0,0,0,0,49,835.5
flat,paras dews,sector 106,1.25,10656.436487638533,1173.0,Super Built up area 1900(176.52 sq.m.)Built Up area: 1305 sq.ft. (121.24 sq.m.)Carpet area: 1173 sq.ft. (108.98 sq.m.),3,4,3,14.0,East,Relatively New,1900.0,1305.0,1173.0,1,1,0,0,0,0,167,391.0
flat,parsvnath green ville,sector 48,2.5,12820.51282051282,1950.0,Carpet area: 1950 (181.16 sq.m.),4,5,3,1.0,South-East,Moderately Old,,,1950.0,0,0,0,0,1,1,49,487.5
flat,bestech park view sanskruti,sector 92,2.0,8333.333333333334,2400.0,Super Built up area 2475(229.94 sq.m.)Carpet area: 2400 sq.ft. (222.97 sq.m.),4,5,3+,12.0,North,Relatively New,2475.0,,2400.0,0,1,0,0,0,1,60,600.0
house,independent,sector 26,15.0,33333.333333333336,4500.0,Built Up area: 4500 (418.06 sq.m.),4,4,3,3.0,,Moderately Old,,4500.0,,0,1,1,0,0,1,36,1125.0
flat,ss the leaf,sector 85,1.18,10094.09751924722,1169.0,Super Built up area 1671(155.24 sq.m.)Built Up area: 1420 sq.ft. (131.92 sq.m.)Carpet area: 1169 sq.ft. (108.6 sq.m.),2,3,3,12.0,North,Relatively New,1671.0,1420.0,1169.0,0,0,0,1,0,1,150,584.5
house,independent,sector 47,4.6,26620.37037037037,1728.0,Plot area 192(160.54 sq.m.),2,6,3+,4.0,,Moderately Old,,192.0,,0,0,0,0,0,2,51,864.0
flat,dlf the ultima,sector 81,2.35,11233.269598470364,2092.0,Super Built up area 2092(194.35 sq.m.)Carpet area: 1100 sq.ft. (102.19 sq.m.),3,4,3+,18.0,North,Relatively New,2092.0,,1100.0,0,1,0,0,0,0,106,697.3333333333334
flat,experion windchants,sector 112,3.1,20666.666666666668,1500.0,Carpet area: 1500 (139.35 sq.m.),2,2,3,9.0,,Relatively New,,,1500.0,1,1,1,0,0,1,80,750.0
flat,tata primanti,sector 72,4.1,14099.037138927099,2908.0,Super Built up area 2905(269.88 sq.m.),4,5,3+,39.0,,New Property,2905.0,,,0,1,0,0,1,0,103,727.0
flat,pyramid urban,sector 67a,0.56,7932.011331444759,706.0,Carpet area: 700 (65.03 sq.m.),2,2,2,0.0,North-East,Relatively New,,,700.0,0,0,0,0,1,0,49,353.0
flat,shapoorji pallonji joyville gurugram,sector 102,2.5,13997.760358342664,1786.0,Super Built up area 1827(169.73 sq.m.),3,3,3,15.0,,Undefined,1827.0,,,0,0,0,0,0,0,151,595.3333333333334
flat,hero homes,dwarka expressway,1.6,7823.960880195599,2045.0,Super Built up area 1689(156.91 sq.m.),3,3,3,1.0,,New Property,1689.0,,,0,0,0,0,0,0,49,681.6666666666666
flat,prime habitat,sector 99a,0.27,5432.595573440643,497.0,Carpet area: 497 (46.17 sq.m.),2,2,1,4.0,North-East,New Property,,,497.0,0,0,0,0,0,0,7,248.5
house,eldeco mansionz,sector 48,6.4,23703.703703703704,2700.0,Plot area 365(305.19 sq.m.)Built Up area: 366 sq.yards (306.02 sq.m.),4,4,3,3.0,West,Moderately Old,,366.0,,0,1,1,0,0,1,151,675.0
flat,shree vardhman flora,sector 90,0.65,6792.058516196447,957.0,Super Built up area 1350(125.42 sq.m.)Built Up area: 1050 sq.ft. (97.55 sq.m.)Carpet area: 950 sq.ft. (88.26 sq.m.),2,2,3,9.0,South-East,Relatively New,1350.0,1050.0,950.0,1,0,0,0,0,0,67,478.5
flat,siddhi vinayak apartments,sector 55,1.44,9600.0,1500.0,Super Built up area 1850(171.87 sq.m.)Built Up area: 1700 sq.ft. (157.94 sq.m.)Carpet area: 1500 sq.ft. (139.35 sq.m.),3,3,2,6.0,South,Moderately Old,1850.0,1700.0,1500.0,0,0,0,0,1,1,47,500.0
house,independent,sector 56,4.0,26613.43978709248,1503.0,Plot area 167(139.63 sq.m.),4,4,3+,2.0,,Relatively New,,167.0,,0,0,0,0,0,1,24,375.75
flat,parsvnath green ville,sector 48,1.75,7201.6460905349795,2430.0,Super Built up area 2430(225.75 sq.m.)Built Up area: 2200 sq.ft. (204.39 sq.m.)Carpet area: 1800 sq.ft. (167.23 sq.m.),3,3,3,7.0,South,Old Property,2430.0,2200.0,1800.0,0,1,0,0,0,1,109,810.0
flat,emaar mgf emerald floors premier,sector 65,2.36,14303.030303030304,1650.0,Super Built up area 1650(153.29 sq.m.)Carpet area: 1400 sq.ft. (130.06 sq.m.),3,3,3,2.0,North-East,Relatively New,1650.0,,1400.0,1,1,0,0,0,1,136,550.0
flat,spaze privy,sector 72,1.9,9620.253164556962,1975.0,Built Up area: 1975 (183.48 sq.m.),3,3,3,10.0,,Undefined,,1975.0,,0,0,0,0,0,0,0,658.3333333333334
house,independent,sector 12,1.5,11111.111111111111,1350.0,Plot area 150(125.42 sq.m.),5,5,2,3.0,,Old Property,,150.0,,0,0,0,0,0,0,16,270.0
house,independent,sector 17,0.29,3254.769921436588,891.0,Plot area 891(82.78 sq.m.),2,1,0,0.0,West,Old Property,,891.0,,0,0,0,0,0,0,0,445.5
flat,chd avenue,sector 71,1.25,7171.54331612163,1743.0,Super Built up area 1743(161.93 sq.m.),3,4,2,7.0,East,Relatively New,1743.0,,,0,1,0,0,0,1,160,581.0
flat,today callidora,sector 73,1.0,7692.307692307692,1300.0,Carpet area: 1300 (120.77 sq.m.),2,2,2,13.0,,New Property,,,1300.0,0,0,0,0,0,0,0,650.0
flat,jammu and kashmir bank employees cghs,sector 9a,0.95,6129.032258064516,1550.0,Super Built up area 1550(144 sq.m.),3,3,2,5.0,West,Moderately Old,1550.0,,,0,0,0,0,1,0,30,516.6666666666666
flat,godrej aria,sector 79,1.1,11482.254697286013,958.0,Super Built up area 89,2,2,3,9.0,,New Property,89.0,,,0,0,0,0,0,0,62,479.0
house,ashok vihar phase 3 gurgaon,sector 3 phase 3 extension,0.95,8878.504672897196,1070.0,Plot area 1070(99.41 sq.m.),4,3,2,1.0,East,Old Property,,1070.0,,0,0,0,0,0,0,8,267.5
flat,bestech park view grand spa,sector 81,2.91,9136.57770800628,3185.0,Super Built up area 3185(295.9 sq.m.)Carpet area: 2837 sq.ft. (263.57 sq.m.),4,5,2,6.0,North-East,Relatively New,3185.0,,2837.0,0,1,0,0,0,1,101,796.25
house,international city by sobha phase 2,sector 109,8.48,23555.555555555555,3600.0,Plot area 400(334.45 sq.m.),4,6,3+,3.0,North-East,New Property,,400.0,,1,1,1,1,0,0,153,900.0
flat,ireo the grand arch,sector 58,2.2,16000.0,1375.0,Carpet area: 1375 (127.74 sq.m.),2,2,1,5.0,East,Relatively New,,,1375.0,0,0,0,1,0,1,49,687.5
flat,shree vardhman victoria,sector 70,1.55,7948.717948717948,1950.0,Super Built up area 1950(181.16 sq.m.)Carpet area: 1161 sq.ft. (107.86 sq.m.),3,5,3,8.0,South,Relatively New,1950.0,,1161.0,0,1,0,0,0,0,174,650.0
flat,pareena laxmi apartments,sector 99a,0.32,5517.241379310345,580.0,Super Built up area 575(53.42 sq.m.)Carpet area: 570.17 sq.ft. (52.97 sq.m.),2,2,1,2.0,,New Property,575.0,,570.17,0,0,0,0,0,0,43,290.0
flat,bptp terra,sector 37d,1.4,7730.535615681943,1811.0,Super Built up area 1811(168.25 sq.m.)Built Up area: 1711 sq.ft. (158.96 sq.m.)Carpet area: 1611 sq.ft. (149.67 sq.m.),3,3,3,5.0,South-East,Relatively New,1811.0,1711.0,1611.0,0,0,0,0,0,1,149,603.6666666666666
flat,umang monsoon breeze,sector 78,0.88,4746.4940668824165,1854.0,Super Built up area 1854(172.24 sq.m.)Built Up area: 1668 sq.ft. (154.96 sq.m.)Carpet area: 1501 sq.ft. (139.45 sq.m.),3,4,3,8.0,North-West,Moderately Old,1854.0,1668.0,1501.0,0,1,0,1,0,0,111,618.0
house,huda ashok vihar phase,sector 4,0.7,10233.91812865497,684.0,Plot area 684(63.55 sq.m.),3,2,1,2.0,North-East,New Property,,684.0,,1,0,0,0,0,0,7,228.0
house,independent,sector 50,11.58,35740.74074074074,3240.0,Plot area 360(301.01 sq.m.),5,5,3,2.0,,Moderately Old,,360.0,,0,1,0,0,0,0,20,648.0
flat,vatika lifestyle homes,sector 83,1.05,7500.0,1400.0,Super Built up area 1755(163.04 sq.m.)Built Up area: 1600 sq.ft. (148.64 sq.m.)Carpet area: 1400 sq.ft. (130.06 sq.m.),3,2,2,1.0,South-West,Moderately Old,1755.0,1600.0,1400.0,0,0,0,0,0,1,106,466.6666666666667
flat,central park flower valley,sector 33,3.3,13750.0,2400.0,Carpet area: 2400 (222.97 sq.m.),3,3,3,2.0,,Undefined,,,2400.0,1,1,1,1,0,0,61,800.0
house,independent,sector 14,6.4,20317.460317460318,3150.0,Plot area 350(292.64 sq.m.)Built Up area: 349 sq.yards (291.81 sq.m.)Carpet area: 348 sq.yards (290.97 sq.m.),6,6,3+,3.0,North,Old Property,,349.0,348.0,0,0,0,0,1,0,35,525.0
flat,godrej,sector 79,1.3,8269.720101781171,1572.0,Super Built up area 1572(146.04 sq.m.),2,2,3,3.0,North-East,New Property,1572.0,,,1,0,0,0,0,0,49,786.0
flat,dlf regal gardens,sector 90,1.19,5504.162812210916,2162.0,Super Built up area 1726(160.35 sq.m.),3,3,2,11.0,South-East,Relatively New,1726.0,,,0,0,0,0,1,0,88,720.6666666666666
flat,ramprastha the edge towers,sector 37d,0.71,5419.847328244275,1310.0,Super Built up area 1310(121.7 sq.m.)Built Up area: 1100 sq.ft. (102.19 sq.m.)Carpet area: 1000 sq.ft. (92.9 sq.m.),2,2,3,10.0,South-East,New Property,1310.0,1100.0,1000.0,0,0,0,0,1,0,38,655.0
flat,shree vardhman victoria,sector 70,1.15,8518.518518518518,1350.0,Carpet area: 1350 (125.42 sq.m.),2,2,2,6.0,South-West,Relatively New,,,1350.0,1,0,0,0,0,0,85,675.0
flat,tulip ivory,sector 70,2.0,8333.333333333334,2400.0,Super Built up area 2400(222.97 sq.m.)Carpet area: 1850 sq.ft. (171.87 sq.m.),4,5,3+,6.0,East,Moderately Old,2400.0,,1850.0,0,1,0,0,0,1,95,600.0
flat,mapsko mount ville,sector 79,1.25,8389.261744966443,1490.0,Super Built up area 1490(138.43 sq.m.)Built Up area: 1058 sq.ft. (98.29 sq.m.)Carpet area: 863.91 sq.ft. (80.26 sq.m.),3,3,3,18.0,South,Relatively New,1490.0,1058.0,863.91,1,0,0,0,0,1,102,496.6666666666667
flat,signature the roselia,sector 95,0.41,7295.373665480427,562.0,Built Up area: 670 (62.25 sq.m.)Carpet area: 569 sq.ft. (52.86 sq.m.),2,2,2,12.0,South,New Property,,670.0,569.0,0,0,0,0,0,1,93,281.0
flat,pyramid urban homes 2,sector 86,0.44,7321.131447587354,601.0,Carpet area: 601 (55.83 sq.m.),2,2,2,6.0,East,Relatively New,,,601.0,0,0,0,0,0,1,63,300.5
flat,bestech park view grand spa,sector 81,2.35,8834.586466165414,2660.0,Super Built up area 2660(247.12 sq.m.)Carpet area: 2356 sq.ft. (218.88 sq.m.),3,4,3+,6.0,North-East,Relatively New,2660.0,,2356.0,0,1,0,0,0,1,101,886.6666666666666
flat,umang winter hills,sector 77,1.2,6586.169045005488,1822.0,Built Up area: 1822 (169.27 sq.m.)Carpet area: 1200 sq.ft. (111.48 sq.m.),3,3,3,14.0,East,Undefined,,1822.0,1200.0,0,0,0,0,0,0,46,607.3333333333334
flat,bestech park view residency,sector 2,0.56,8628.659476117104,649.0,Carpet area: 651 (60.48 sq.m.),1,1,2,6.0,South,Moderately Old,,,651.0,0,0,0,0,0,0,77,649.0
house,anamika enclave,sector 12,6.0,14492.753623188406,4140.0,Plot area 4140(384.62 sq.m.)Built Up area: 9000 sq.ft. (836.13 sq.m.),9,9,3+,3.0,North-West,Old Property,,9000.0,,0,0,0,0,0,0,9,460.0
flat,gls avenue 51,sector 92,0.39,6074.7663551401865,642.0,Carpet area: 641.74 (59.62 sq.m.),3,3,3+,6.0,North,Relatively New,,,641.743718,0,0,0,0,0,0,104,214.0
flat,sidhartha ncr one,sector 95,0.56,4105.571847507332,1364.0,Built Up area: 1364 (126.72 sq.m.)Carpet area: 1200 sq.ft. (111.48 sq.m.),2,2,2,10.0,,Undefined,,1364.0,1200.0,0,0,0,0,0,0,0,682.0
house,row house,sector 105,0.43,9129.511677282379,471.0,Plot area 52(43.48 sq.m.)Built Up area: 1050 sq.yards (877.93 sq.m.),3,3,3,2.0,,Relatively New,,1050.0,,0,0,0,0,0,0,0,157.0
flat,global height,sohna road,0.45,6338.028169014085,710.0,Carpet area: 710 (65.96 sq.m.),2,2,2,6.0,East,Relatively New,,,710.0,0,0,0,0,0,2,49,355.0
flat,vatika inxt floors,sector 82a,0.75,7500.0,1000.0,Built Up area: 1000 (92.9 sq.m.)Carpet area: 650 sq.ft. (60.39 sq.m.),2,2,2,1.0,,Undefined,,1000.0,650.0,0,0,0,0,0,0,0,500.0
flat,shree vardhman flora,sector 90,0.7,5177.514792899408,1352.0,Super Built up area 1352(125.6 sq.m.),2,2,3,9.0,East,New Property,1352.0,,,1,0,0,0,0,0,97,676.0
flat,lotus homz,sector 111,0.36,8888.888888888889,405.0,Carpet area: 405 (37.63 sq.m.),1,1,1,10.0,,Relatively New,,,405.0,0,0,0,0,0,0,44,405.0
flat,the lions cghs,sector 56,2.09,8708.333333333334,2400.0,Super Built up area 2400(222.97 sq.m.)Built Up area: 2300 sq.ft. (213.68 sq.m.)Carpet area: 2200 sq.ft. (204.39 sq.m.),4,4,3+,7.0,East,Relatively New,2400.0,2300.0,2200.0,0,0,0,0,1,1,125,600.0
flat,ss the leaf,sector 85,2.15,7645.8036984352775,2812.0,Super Built up area 2812(261.24 sq.m.),4,5,3+,1.0,South,Relatively New,2812.0,,,0,1,0,0,0,0,165,703.0
flat,ss the leaf,sector 85,1.3,7926.829268292683,1640.0,Super Built up area 1640(152.36 sq.m.),2,2,2,17.0,,New Property,1640.0,,,0,0,0,0,0,0,90,820.0
flat,ats triumph,sector 104,2.65,8412.698412698413,3150.0,Super Built up area 3150(292.64 sq.m.)Carpet area: 2650 sq.ft. (246.19 sq.m.),4,4,3+,14.0,East,Relatively New,3150.0,,2650.0,0,1,0,0,0,0,21,787.5
house,ansal sushant residency,sector 57,4.6,17037.037037037036,2700.0,Plot area 300(250.84 sq.m.),6,6,3,3.0,East,Old Property,,300.0,,1,1,1,1,0,2,102,450.0
flat,godrej oasis,sector 88a,1.15,7116.336633663366,1616.0,Super Built up area 1616(150.13 sq.m.)Carpet area: 1168 sq.ft. (108.51 sq.m.),2,2,3,14.0,South-East,Relatively New,1616.0,,1168.0,1,0,0,1,0,0,174,808.0
flat,ansal heights 86,sector 86,0.87,5367.057371992597,1621.0,Super Built up area 1360(126.35 sq.m.),2,2,1,12.0,North-East,New Property,1360.0,,,0,0,0,0,1,1,45,810.5
flat,tata primanti,sector 72,3.4,15560.640732265447,2185.0,Super Built up area 2185(202.99 sq.m.),3,4,3+,9.0,,Moderately Old,2185.0,,,0,1,0,0,0,0,38,728.3333333333334
house,independent,sector 26,4.0,29629.62962962963,1350.0,Plot area 150(125.42 sq.m.),4,4,3,2.0,North,Old Property,,150.0,,0,0,1,0,0,0,41,337.5
flat,emaar mgf emerald floors premier,sector 65,2.8,16969.696969696968,1650.0,Carpet area: 1650 (153.29 sq.m.),3,3,3+,3.0,,Relatively New,,,1650.0,1,1,0,0,0,1,38,550.0
house,independent,sector 28,12.0,42194.09282700422,2844.0,Plot area 316(264.22 sq.m.),4,5,3+,4.0,East,Relatively New,,316.0,,0,1,1,1,0,1,60,711.0
flat,adani m2k oyster grande,sector 102,4.55,10000.0,4550.0,Super Built up area 4650(432 sq.m.)Built Up area: 4630 sq.ft. (430.14 sq.m.)Carpet area: 4550 sq.ft. (422.71 sq.m.),4,4,3+,11.0,North-East,Relatively New,4650.0,4630.0,4550.0,0,0,0,0,0,1,60,1137.5
flat,signature global grand iva,sector 103,0.3,8287.292817679558,362.0,Carpet area: 361.88 (33.62 sq.m.),1,2,2,5.0,,New Property,,,361.882318,0,0,0,0,0,0,37,362.0
flat,shree vardhman victoria,sector 70,1.15,8518.518518518518,1350.0,Super Built up area 1350(125.42 sq.m.),2,2,3,8.0,South-East,Relatively New,1350.0,,,1,0,0,0,1,0,49,675.0
flat,ireo victory valley,sector 67,2.95,12110.016420361248,2436.0,Super Built up area 2436(226.31 sq.m.)Built Up area: 2236 sq.ft. (207.73 sq.m.)Carpet area: 2036 sq.ft. (189.15 sq.m.),3,3,3+,14.0,South,Moderately Old,2436.0,2236.0,2036.0,0,1,0,1,0,1,165,812.0
flat,godrej nature plus,sector 33,1.45,15658.747300215982,926.0,Built Up area: 118 Carpet area: 86 sq.m.,3,2,3+,20.0,,Under Construction,,118.0,86.0,1,0,0,0,0,0,144,308.6666666666667
flat,lig flat,sector 40,1.5,5555.555555555556,2700.0,Built Up area: 300 (27.87 sq.m.),1,1,0,0.0,,Undefined,,300.0,,0,0,0,0,0,0,0,2700.0
house,rwa sector 46,sector 46,3.5,21604.938271604937,1620.0,Plot area 180(150.5 sq.m.),4,4,2,2.0,South-East,Relatively New,,180.0,,0,0,0,1,0,1,30,405.0
flat,mvn athens,sohna road,0.25,5197.505197505197,481.0,Built Up area: 481 (44.69 sq.m.),2,2,0,0.0,,Relatively New,,481.0,,0,0,0,0,0,0,37,240.5
house,independent,sector 28,10.5,32407.40740740741,3240.0,Plot area 360(301.01 sq.m.),5,6,3+,3.0,,New Property,,360.0,,1,1,0,1,0,1,153,648.0
flat,irwo westend towers,sector 47,0.65,12059.369202226346,539.0,Carpet area: 539 (50.07 sq.m.),1,1,2,3.0,,Old Property,,,539.0,0,0,0,0,0,0,56,539.0
house,international city by sobha phase 2,sector 109,6.25,10035.324341682723,6228.0,Plot area 692(578.6 sq.m.),5,7,3+,3.0,North-East,Relatively New,,692.0,,1,1,1,1,0,0,147,1245.6
flat,pyramid pride,sector 76,0.5,6578.9473684210525,760.0,Carpet area: 760 (70.61 sq.m.),2,2,1,8.0,North,Under Construction,,,760.0,0,0,0,0,0,0,76,380.0
house,housing board colony,sector 28,2.1,23333.333333333332,900.0,Plot area 100(83.61 sq.m.),2,8,3+,4.0,South-East,Moderately Old,,100.0,,0,0,0,0,1,1,38,450.0
flat,indiabulls enigma,sector 110,3.25,9558.823529411764,3400.0,Super Built up area 3400(315.87 sq.m.),4,4,3,11.0,South,Relatively New,3400.0,,,0,1,0,0,1,0,125,850.0
flat,pioneer park,sector 61,2.04,14623.655913978495,1395.0,Super Built up area 1795(166.76 sq.m.)Built Up area: 1595 sq.ft. (148.18 sq.m.)Carpet area: 1395 sq.ft. (129.6 sq.m.),3,3,3+,16.0,South,Moderately Old,1795.0,1595.0,1395.0,0,1,0,0,0,1,165,465.0
flat,shapoorji pallonji joyville gurugram,sector 102,0.97,16440.677966101695,590.0,Super Built up area 915(85.01 sq.m.)Carpet area: 589.49 sq.ft. (54.77 sq.m.),2,2,2,10.0,North-East,Relatively New,915.0,,589.49,0,0,0,0,0,0,151,295.0
house,independent,sohna road,0.07,2527.075812274368,277.0,Plot area 33(27.59 sq.m.),1,1,0,1.0,,Relatively New,,33.0,,0,0,0,0,0,0,0,277.0
flat,ss radiance residency,sector 12,0.6,5660.377358490566,1060.0,Carpet area: 1060 (98.48 sq.m.),3,3,2,3.0,North-East,Relatively New,,,1060.0,0,0,0,0,0,0,44,353.3333333333333
flat,m3m heights,sector 65,1.99,15793.650793650793,1260.0,Super Built up area 1260(117.06 sq.m.),2,2,2,26.0,,Undefined,1260.0,,,0,0,0,0,0,0,48,630.0
flat,ss,sector 85,2.17,7716.927453769559,2812.0,Super Built up area 2812(261.24 sq.m.)Built Up area: 2600 sq.ft. (241.55 sq.m.)Carpet area: 2400 sq.ft. (222.97 sq.m.),4,4,3,7.0,North,Relatively New,2812.0,2600.0,2400.0,1,1,0,1,0,0,49,703.0
flat,godrej,sector 79,2.0,8453.085376162298,2366.0,Carpet area: 2366 (219.81 sq.m.),3,4,3+,2.0,North-East,Relatively New,,,2366.0,0,1,0,0,0,1,156,788.6666666666666
house,independent,sector 56,2.99,20634.920634920636,1449.0,Plot area 161(134.62 sq.m.),4,4,2,2.0,South,Moderately Old,,161.0,,1,1,0,1,0,1,49,362.25
house,vipul tatvam villa,sector 48,7.25,22376.543209876545,3240.0,Plot area 360(33.45 sq.m.),4,4,3,2.0,,Relatively New,,360.0,,1,1,1,1,0,1,103,810.0
flat,ambience creacions,sector 22,1.99,15546.875,1280.0,Super Built up area 1380(128.21 sq.m.)Built Up area: 1285 sq.ft. (119.38 sq.m.)Carpet area: 1280 sq.ft. (118.92 sq.m.),2,2,2,9.0,North-East,New Property,1380.0,1285.0,1280.0,0,0,0,0,0,0,49,640.0
flat,espire south,sector 68,1.32,9047.292666209732,1459.0,Built Up area: 1460 (135.64 sq.m.),2,2,2,9.0,,New Property,,1460.0,,0,0,0,0,0,0,0,729.5
flat,godrej nature plus,sector 33,1.2,13363.0289532294,898.0,Carpet area: 76.44,2,2,0,11.0,,Under Construction,,,76.44,0,0,0,0,0,0,56,449.0
flat,breez global heights,sohna road,0.4,6688.963210702341,598.0,Super Built up area 950(88.26 sq.m.)Carpet area: 597.53 sq.ft. (55.51 sq.m.),2,2,2,7.0,,Relatively New,950.0,,597.53,0,0,0,0,0,0,57,299.0
flat,bptp amstoria,sector 102,1.9,8444.444444444445,2250.0,Super Built up area 2727(253.35 sq.m.)Built Up area: 2500 sq.ft. (232.26 sq.m.)Carpet area: 2250 sq.ft. (209.03 sq.m.),3,3,3+,1.0,North-East,Relatively New,2727.0,2500.0,2250.0,0,1,0,0,0,0,174,750.0
flat,shree vardhman flora,sector 90,1.27,4951.267056530214,2565.0,Super Built up area 2575(239.23 sq.m.)Carpet area: 1950 sq.ft. (181.16 sq.m.),4,5,2,9.0,North-East,New Property,2575.0,,1950.0,1,1,0,0,0,0,83,641.25
house,independent,sector 21,1.6,11851.851851851852,1350.0,Plot area 150(125.42 sq.m.)Built Up area: 120 sq.yards (100.34 sq.m.),5,5,2,3.0,,Relatively New,,120.0,,0,0,0,0,0,0,0,270.0
flat,experion the heartsong,sector 108,2.0,7196.833393306945,2779.0,Super Built up area 2779(258.18 sq.m.)Built Up area: 2500 sq.ft. (232.26 sq.m.)Carpet area: 2300 sq.ft. (213.68 sq.m.),4,4,3+,10.0,North-East,Relatively New,2779.0,2500.0,2300.0,0,1,0,1,0,1,174,694.75
house,vatika the seven lamps,sector 82,1.6,6597.938144329897,2425.0,Plot area 2425(225.29 sq.m.),4,4,3+,16.0,North,Moderately Old,,2425.0,,0,1,0,0,0,0,94,606.25
flat,ambience creacions,sector 22,4.1,28101.439342015077,1459.0,Super Built up area 2781(258.36 sq.m.)Carpet area: 1459 sq.ft. (135.55 sq.m.),3,3,3+,2.0,North-East,New Property,2781.0,,1459.0,0,0,0,0,0,2,119,486.3333333333333
flat,suncity vatsal valley,gwal pahari,1.38,9650.34965034965,1430.0,Super Built up area 1430(132.85 sq.m.),3,3,2,1.0,East,Relatively New,1430.0,,,0,0,0,0,0,1,151,476.6666666666667
flat,umang winter hills,sector 77,1.35,7780.979827089337,1735.0,Super Built up area 1735(161.19 sq.m.)Carpet area: 1199 sq.ft. (111.39 sq.m.),3,3,3+,7.0,,New Property,1735.0,,1199.0,0,0,1,0,0,1,96,578.3333333333334
flat,ats tourmaline,sector 109,1.4,8000.0,1750.0,Super Built up area 1750(162.58 sq.m.)Built Up area: 1466 sq.ft. (136.2 sq.m.),3,3,3+,5.0,East,Relatively New,1750.0,1466.0,,0,0,0,0,0,0,44,583.3333333333334
flat,breez global hill view,sohna road,0.35,5600.0,625.0,Carpet area: 625 (58.06 sq.m.),2,2,2,14.0,,Relatively New,,,625.0,0,0,0,0,0,0,98,312.5
flat,ashiana mulberry,sohna road,0.74,6197.654941373535,1194.0,Carpet area: 1210 (112.41 sq.m.),2,2,3+,12.0,North-West,New Property,,,1210.0,0,0,0,0,0,0,67,597.0
flat,umang winter hills,sector 77,1.05,5762.897914379802,1822.0,Super Built up area 1822(169.27 sq.m.)Built Up area: 1600 sq.ft. (148.64 sq.m.)Carpet area: 1400 sq.ft. (130.06 sq.m.),3,3,3,7.0,East,Relatively New,1822.0,1600.0,1400.0,0,0,0,0,0,0,49,607.3333333333334
flat,mapsko mount ville,sector 79,1.5,8264.462809917355,1815.0,Super Built up area 1815(168.62 sq.m.)Carpet area: 1071.33 sq.ft. (99.53 sq.m.),3,4,3+,11.0,South,Relatively New,1815.0,,1071.33,0,1,0,0,0,1,144,605.0
house,independent,sector 43,5.3,27390.180878552972,1935.0,Plot area 215(179.77 sq.m.),3,9,3+,3.0,East,Moderately Old,,215.0,,0,1,0,0,0,1,71,645.0
flat,godrej,sector 79,1.18,8532.176428054952,1383.0,Super Built up area 1383(128.48 sq.m.),2,2,3,7.0,North-West,Relatively New,1383.0,,,0,0,0,0,0,0,158,691.5
house,independent,sector 46,2.25,2723.3115468409587,8262.0,Plot area 102(85.28 sq.m.)Built Up area: 90 sq.yards (75.25 sq.m.)Carpet area: 85 sq.yards (71.07 sq.m.),4,3,3,3.0,North-East,Relatively New,,90.0,85.0,1,0,0,0,0,1,35,2065.5
flat,krrish provence estate,gwal pahari,5.5,9482.758620689656,5800.0,Super Built up area 5800(538.84 sq.m.),4,5,3+,11.0,East,New Property,5800.0,,,1,1,0,1,0,0,151,1450.0
flat,shri ram apartments,sector 4,0.46,5111.111111111111,900.0,Carpet area: 900 (83.61 sq.m.),2,2,1,1.0,East,Relatively New,,,900.0,0,0,0,0,0,1,69,450.0
flat,bestech spa signature,sector 81,4.45,10595.238095238095,4200.0,Super Built up area 4200(390.19 sq.m.)Built Up area: 3850 sq.ft. (357.68 sq.m.)Carpet area: 3600 sq.ft. (334.45 sq.m.),4,4,3+,8.0,South-West,Relatively New,4200.0,3850.0,3600.0,1,1,0,1,1,1,49,1050.0
house,independent,sector 26,4.5,33333.333333333336,1350.0,Plot area 150(125.42 sq.m.),3,3,2,2.0,West,Old Property,,150.0,,0,0,0,1,0,1,58,450.0
flat,ramsons kshitij,sector 95,0.4,5839.41605839416,685.0,Carpet area: 685 (63.64 sq.m.),3,2,2,6.0,,Undefined,,,685.0,0,0,0,0,0,0,0,228.33333333333334
flat,the lions cghs,sector 56,2.05,9534.883720930233,2150.0,Super Built up area 2150(199.74 sq.m.)Built Up area: 2000 sq.ft. (185.81 sq.m.)Carpet area: 1950 sq.ft. (181.16 sq.m.),4,4,3,7.0,West,Relatively New,2150.0,2000.0,1950.0,0,1,0,0,1,1,49,537.5
house,independent,sector 25,9.9,29333.333333333332,3375.0,Plot area 375(313.55 sq.m.),5,5,2,2.0,South-East,Moderately Old,,375.0,,0,0,0,1,0,1,106,675.0
flat,ireo victory valley,sector 67,3.49,12998.137802607076,2685.0,Carpet area: 2452 (227.8 sq.m.),3,3,3,19.0,South-East,Relatively New,,,2452.0,0,1,0,0,0,0,103,895.0
flat,tulip violet,sector 69,1.68,8358.208955223881,2010.0,Super Built up area 2010(186.74 sq.m.),4,4,2,2.0,North-West,Relatively New,2010.0,,,0,0,0,1,0,0,112,502.5
flat,shapoorji pallonji joyville gurugram,sector 102,1.26,10370.37037037037,1215.0,Super Built up area 1215(112.88 sq.m.),2,2,3,7.0,East,Relatively New,1215.0,,,0,0,0,0,0,1,49,607.5
flat,adani m2k oyster grande,sector 102,2.5,7817.385866166354,3198.0,Super Built up area 3198(297.1 sq.m.)Built Up area: 2600 sq.ft. (241.55 sq.m.)Carpet area: 2350 sq.ft. (218.32 sq.m.),4,5,3+,10.0,North-East,Relatively New,3198.0,2600.0,2350.0,0,1,0,1,0,1,174,799.5
flat,mittal surya vihar,sector 21,0.8,7079.646017699115,1130.0,Carpet area: 1130 (104.98 sq.m.),2,2,2,6.0,,Old Property,,,1130.0,0,0,0,0,0,0,0,565.0
flat,tulip violet,sector 69,1.43,9039.190897597977,1582.0,Super Built up area 1578(146.6 sq.m.),3,3,2,1.0,North-East,Relatively New,1578.0,,,0,0,0,1,0,0,102,527.3333333333334
flat,ss the leaf,sector 85,2.03,7229.34472934473,2808.0,Super Built up area 2812(261.24 sq.m.)Built Up area: 2225 sq.ft. (206.71 sq.m.)Carpet area: 2175 sq.ft. (202.06 sq.m.),4,4,3+,3.0,North-East,Relatively New,2812.0,2225.0,2175.0,0,0,0,0,1,0,49,702.0
house,independent,sector 38,4.0,21786.49237472767,1836.0,Plot area 204(170.57 sq.m.),6,6,3+,4.0,North-East,Old Property,,204.0,,1,1,0,1,1,1,137,306.0
flat,m3m woodshire,sector 107,0.8,5856.515373352855,1366.0,Super Built up area 1366(126.91 sq.m.),2,2,3+,7.0,North-East,Relatively New,1366.0,,,0,0,0,0,0,1,165,683.0
flat,antriksh heights,sector 84,0.84,4869.565217391304,1725.0,Super Built up area 1725(160.26 sq.m.),3,3,3+,8.0,,New Property,1725.0,,,0,0,0,1,0,0,60,575.0
flat,tulip violet,sector 69,1.76,9513.513513513513,1850.0,Super Built up area 1850(171.87 sq.m.),3,4,2,0.0,South-West,Relatively New,1850.0,,,0,0,0,0,0,0,157,616.6666666666666
house,independent,sector 15,1.8,10000.0,1800.0,Plot area 200(167.23 sq.m.),4,3,1,1.0,North-East,Old Property,,200.0,,0,0,0,0,0,0,16,450.0
flat,ats triumph,sector 104,1.85,8078.602620087337,2290.0,Super Built up area 2290(212.75 sq.m.),3,3,3+,24.0,East,Relatively New,2290.0,,,0,1,0,0,0,0,174,763.3333333333334
flat,emaar digihomes,sector 62,2.1,13925.729442970822,1508.0,Super Built up area 1508(140.1 sq.m.)Built Up area: 1500 sq.ft. (139.35 sq.m.)Carpet area: 1200 sq.ft. (111.48 sq.m.),2,2,3,12.0,North-East,New Property,1508.0,1500.0,1200.0,0,0,0,0,1,1,49,754.0
flat,rof ananda,sector 95,0.26,6842.105263157895,380.0,Carpet area: 380 (35.3 sq.m.),1,1,1,8.0,North,New Property,,,380.0,0,0,0,0,0,0,49,380.0
house,independent,sector 45,17.0,37777.77777777778,4500.0,Plot area 4500(418.06 sq.m.),5,8,3+,3.0,North-East,Relatively New,,4500.0,,1,1,1,1,0,2,152,900.0
house,independent,sector 43,5.5,19298.245614035088,2850.0,Plot area 215(179.77 sq.m.)Built Up area: 2850 sq.yards (2382.96 sq.m.)Carpet area: 2250 sq.yards (1881.29 sq.m.),8,7,3+,3.0,East,Moderately Old,,2850.0,2250.0,1,1,0,1,1,1,123,356.25
flat,signature global park,sohna road,0.65,7907.542579075426,822.0,Carpet area: 822 (76.37 sq.m.),2,1,2,3.0,,New Property,,,822.0,0,0,0,0,0,0,87,411.0
flat,ireo victory valley,sector 67,4.75,13929.618768328446,3410.0,Super Built up area 3410(316.8 sq.m.)Built Up area: 3200 sq.ft. (297.29 sq.m.)Carpet area: 3100 sq.ft. (288 sq.m.),4,4,3+,0.0,West,Relatively New,3410.0,3200.0,3100.0,1,1,1,1,0,1,165,852.5
flat,signature global park,sohna road,0.75,6938.020351526365,1081.0,Carpet area: 1081 (100.43 sq.m.),3,2,3+,4.0,East,New Property,,,1081.0,0,0,0,0,0,0,101,360.3333333333333
house,iffco nagar and 17b rwa,sector 17,3.5,24305.555555555555,1440.0,Plot area 1440(133.78 sq.m.),2,5,3,3.0,East,Old Property,,1440.0,,0,0,0,0,0,0,44,720.0
flat,bptp park generations,sector 37d,1.5,9868.421052631578,1520.0,Super Built up area 1520(141.21 sq.m.),3,2,3+,17.0,North-East,Relatively New,1520.0,,,0,0,0,0,0,0,42,506.6666666666667
flat,puri emerald bay,sector 104,1.8,8823.529411764706,2040.0,Super Built up area 1700(157.94 sq.m.),2,3,3,23.0,,New Property,1700.0,,,0,1,0,0,0,0,36,1020.0
flat,vatika gurgaon,sector 83,1.15,5808.080808080808,1980.0,Super Built up area 1980(183.95 sq.m.)Built Up area: 1350 sq.ft. (125.42 sq.m.)Carpet area: 1308 sq.ft. (121.52 sq.m.),3,3,2,3.0,South,Relatively New,1980.0,1350.0,1308.0,1,1,1,1,0,1,165,660.0
flat,bestech park view city,sector 49,2.7,12505.789717461788,2159.0,Super Built up area 2159(200.58 sq.m.),3,4,3+,6.0,,Moderately Old,2159.0,,,0,0,0,0,0,0,0,719.6666666666666
flat,tata primanti,sector 72,4.1,13726.146635420155,2987.0,Super Built up area 2550(236.9 sq.m.),3,3,3,8.0,,Moderately Old,2550.0,,,0,1,0,0,0,0,38,995.6666666666666
flat,ss the leaf,sector 85,1.05,6161.971830985915,1704.0,Super Built up area 1671(155.24 sq.m.),2,2,3+,7.0,West,Relatively New,1671.0,,,0,0,1,0,0,0,144,852.0
flat,rof ananda,sector 95,0.31,5646.630236794172,549.0,Carpet area: 549.16 (51.02 sq.m.),2,2,1,5.0,North,Relatively New,,,549.174178,0,0,0,1,0,1,74,274.5
house,dlf city plots,sector 26,19.0,42054.00619743249,4518.0,Plot area 502(419.74 sq.m.),6,6,3,2.0,East,Relatively New,,502.0,,1,1,0,0,0,1,121,753.0
flat,dlf the belaire,sector 54,10.0,24557.95677799607,4072.0,Super Built up area 4072(378.3 sq.m.)Built Up area: 3000 sq.ft. (278.71 sq.m.)Carpet area: 2800 sq.ft. (260.13 sq.m.),4,5,3+,17.0,North,Moderately Old,4072.0,3000.0,2800.0,0,1,0,0,0,2,167,1018.0
flat,adani m2k oyster grande,sector 102,1.8,9528.851244044468,1889.0,Super Built up area 1889(175.49 sq.m.),3,4,3,17.0,South-East,Relatively New,1889.0,,,0,1,0,0,0,0,49,629.6666666666666
flat,ireo skyon,sector 60,2.65,13125.309559187717,2019.0,Super Built up area 2045(189.99 sq.m.)Built Up area: 2037 sq.ft. (189.24 sq.m.)Carpet area: 2019 sq.ft. (187.57 sq.m.),3,4,3+,7.0,North-East,Moderately Old,2045.0,2037.0,2019.0,0,1,0,0,0,1,152,673.0
house,international city by sobha phase 2,sector 109,7.0,12962.962962962964,5400.0,Plot area 600(501.68 sq.m.),5,6,2,2.0,West,Relatively New,,600.0,,0,1,0,0,0,0,154,1080.0
house,dlf pink town house,sector 24,1.9,3786.3690713431647,5018.0,Built Up area: 5018 (466.19 sq.m.),10,9,3+,3.0,North,Relatively New,,5018.0,,0,0,0,0,1,2,29,501.8
flat,godrej oasis,sector 88a,1.0,6896.551724137931,1450.0,Carpet area: 1450 (134.71 sq.m.),2,2,3,7.0,,Relatively New,,,1450.0,1,0,0,0,0,0,72,725.0
flat,the close north,sector 50,2.35,11767.651477215824,1997.0,Super Built up area 1997(185.53 sq.m.)Built Up area: 1950 sq.ft. (181.16 sq.m.)Carpet area: 1850 sq.ft. (171.87 sq.m.),3,3,3+,8.0,North-East,Moderately Old,1997.0,1950.0,1850.0,0,0,0,0,0,1,165,665.6666666666666
house,independent,sector 11,1.35,3857.1428571428573,3500.0,Plot area 3500(325.16 sq.m.),10,6,3+,3.0,,Old Property,,3500.0,,0,0,0,0,0,0,0,350.0
flat,m3m the marina,sector 68,2.22,14322.58064516129,1550.0,Super Built up area 1550(144 sq.m.),3,2,3,4.0,East,Relatively New,1550.0,,,0,0,0,0,0,0,44,516.6666666666666
house,independent,sector 25,9.0,28490.02849002849,3159.0,Plot area 351(293.48 sq.m.),10,10,3,3.0,East,Old Property,,351.0,,0,0,0,1,0,1,64,315.9
flat,millenium bajrang society,sector 43,2.5,9433.962264150943,2650.0,Super Built up area 2650(246.19 sq.m.),4,4,3+,2.0,South,Relatively New,2650.0,,,0,0,0,0,0,1,94,662.5
flat,bestech park view ananda,sector 81,0.95,6985.294117647059,1360.0,Super Built up area 1360(126.35 sq.m.)Built Up area: 1260 sq.ft. (117.06 sq.m.)Carpet area: 894 sq.ft. (83.06 sq.m.),2,2,2,14.0,North-East,Relatively New,1360.0,1260.0,894.0,0,0,0,0,0,1,165,680.0
flat,godrej,sector 79,2.03,9046.345811051693,2244.0,Super Built up area 2244(208.47 sq.m.),3,4,3+,7.0,South-East,Relatively New,2244.0,,,0,1,0,0,0,0,118,748.0
house,independent,sector 24,6.5,22855.133614627284,2844.0,Plot area 316(264.22 sq.m.),4,4,2,2.0,,Old Property,,316.0,,0,0,0,1,0,0,35,711.0
flat,dlf new town heights,sector 86,1.4,5942.275042444821,2356.0,Super Built up area 2356(218.88 sq.m.),4,4,3+,20.0,South-East,Relatively New,2356.0,,,0,1,0,1,0,0,65,589.0
flat,experion windchants,sector 112,5.6,11551.15511551155,4848.0,Super Built up area 4848(450.39 sq.m.)Built Up area: 3655.35 sq.ft. (339.59 sq.m.),4,6,3+,8.0,North-East,Relatively New,4848.0,3655.35,,0,1,0,0,0,1,168,1212.0
flat,conscient heritage max,sector 102,2.15,10004.653327128897,2149.0,Super Built up area 2149(199.65 sq.m.),3,4,3+,18.0,South,Relatively New,2149.0,,,1,1,0,0,0,1,134,716.3333333333334
house,independent,sector 26,13.5,29880.478087649404,4518.0,Plot area 502(419.74 sq.m.),5,5,3+,2.0,North-East,Relatively New,,502.0,,1,1,0,1,1,2,49,903.6
flat,bestech park view grand spa,sector 81,2.25,8458.646616541353,2660.0,Super Built up area 2660(247.12 sq.m.)Built Up area: 2300 sq.ft. (213.68 sq.m.)Carpet area: 2100 sq.ft. (195.1 sq.m.),3,4,3+,8.0,West,Relatively New,2660.0,2300.0,2100.0,1,1,1,0,0,1,122,886.6666666666666
house,independent,sector 14,3.5,18087.85529715762,1935.0,Plot area 215(179.77 sq.m.)Built Up area: 214 sq.yards (178.93 sq.m.)Carpet area: 180 sq.yards (150.5 sq.m.),6,4,2,2.0,West,Old Property,,214.0,180.0,0,0,0,0,1,1,27,322.5
flat,vatika sovereign next,sector 82a,3.85,7500.487044613286,5133.0,Carpet area: 5140 (477.52 sq.m.),5,6,3+,6.0,,New Property,,,5140.0,0,1,0,1,0,0,148,1026.6
flat,bestech park view city,sector 48,2.65,10323.334631865991,2567.0,Super Built up area 2567(238.48 sq.m.)Carpet area: 1750 sq.ft. (162.58 sq.m.),4,4,3+,11.0,North-East,Moderately Old,2567.0,,1750.0,1,1,0,0,0,1,174,641.75
flat,m3m merlin,sector 67,2.98,14557.889594528579,2047.0,Super Built up area 2047(190.17 sq.m.),3,3,3,0.0,North,Relatively New,2047.0,,,0,0,0,0,1,1,49,682.3333333333334
house,independent,sector 28,8.4,34567.9012345679,2430.0,Plot area 270(225.75 sq.m.),4,4,3+,2.0,North-East,Relatively New,,270.0,,0,1,1,1,0,1,139,607.5
house,uppal southend,sector 49,3.75,25562.37218813906,1467.0,Plot area 163(136.29 sq.m.),2,6,3,3.0,East,Moderately Old,,163.0,,0,0,0,0,1,0,49,733.5
flat,dlf express greens,manesar,1.2,6504.065040650406,1845.0,Super Built up area 1845(171.41 sq.m.),3,4,2,5.0,East,Relatively New,1845.0,,,0,1,0,0,1,0,43,615.0
flat,the lions cghs,sector 56,2.05,7884.615384615385,2600.0,Built Up area: 2600 (241.55 sq.m.)Carpet area: 2400 sq.ft. (222.97 sq.m.),4,4,3+,7.0,West,Old Property,,2600.0,2400.0,0,0,1,0,0,1,120,650.0
flat,emaar palm heights,sector 77,1.75,11666.666666666666,1500.0,Super Built up area 2025(188.13 sq.m.)Built Up area: 1900 sq.ft. (176.52 sq.m.)Carpet area: 1500 sq.ft. (139.35 sq.m.),3,3,3+,11.0,South-West,Relatively New,2025.0,1900.0,1500.0,0,1,0,0,0,0,94,500.0
flat,ss the leaf,sector 85,1.87,7778.702163061564,2404.0,Super Built up area 2408(223.71 sq.m.)Built Up area: 2225 sq.ft. (206.71 sq.m.)Carpet area: 2175 sq.ft. (202.06 sq.m.),3,4,3,7.0,North-East,Relatively New,2408.0,2225.0,2175.0,0,0,0,0,0,0,49,801.3333333333334
flat,micasa sec 68,sohna road road,1.5,12244.897959183674,1225.0,Carpet area: 1225 (113.81 sq.m.),2,2,3,11.0,,New Property,,,1225.0,0,0,0,0,0,0,44,612.5
flat,emaar mgf emerald floors premier,sector 65,2.3,13939.39393939394,1650.0,Carpet area: 1650 (153.29 sq.m.),3,4,3,3.0,South-West,Relatively New,,,1650.0,1,1,1,1,0,2,174,550.0
house,independent,sector 23,5.1,16569.200779727096,3078.0,Plot area 342(285.96 sq.m.)Built Up area: 125 sq.yards (104.52 sq.m.)Carpet area: 100 sq.yards (83.61 sq.m.),3,2,0,1.0,East,Old Property,,125.0,100.0,0,0,0,0,1,0,27,1026.0
flat,ansal heights 86,sector 86,0.67,5098.934550989346,1314.0,Super Built up area 1360(126.35 sq.m.),2,2,1,10.0,,Relatively New,1360.0,,,0,0,0,0,0,0,115,657.0
flat,orris carnation residency,sector 85,0.8,4857.316332726169,1647.0,Super Built up area 1645(152.83 sq.m.)Built Up area: 1390 sq.ft. (129.14 sq.m.)Carpet area: 1275 sq.ft. (118.45 sq.m.),3,4,3,4.0,West,Relatively New,1645.0,1390.0,1275.0,0,1,0,0,0,1,40,549.0
flat,imt view society,manesar,0.95,3652.4413687043443,2601.0,Super Built up area 2600(241.55 sq.m.)Carpet area: 1900 sq.ft. (176.52 sq.m.),3,4,3,6.0,South-East,Moderately Old,2600.0,,1900.0,0,1,0,0,0,0,81,867.0
flat,signature global park,sohna road,0.67,5537.190082644628,1210.0,Super Built up area 1210(112.41 sq.m.),2,2,3,4.0,North-East,Relatively New,1210.0,,,0,0,0,1,0,0,127,605.0
flat,emaar gurgaon greens,sector 102,1.3,7878.787878787879,1650.0,Super Built up area 1650(153.29 sq.m.)Carpet area: 1022.58 sq.ft. (95 sq.m.),3,3,3,4.0,East,Relatively New,1650.0,,1022.58,0,1,0,0,0,1,125,550.0
house,independent,sector 8,0.82,9111.111111111111,900.0,Plot area 100(83.61 sq.m.),2,3,3,2.0,North,Moderately Old,,100.0,,0,0,0,0,0,0,12,450.0
flat,alpha corp gurgaonone,sector 84,2.28,8769.23076923077,2600.0,Super Built up area 3434(319.03 sq.m.)Carpet area: 2600 sq.ft. (241.55 sq.m.),4,4,3+,8.0,South-East,Relatively New,3434.0,,2600.0,0,1,0,0,0,0,61,650.0
flat,godrej air,sector 85,1.05,10606.060606060606,990.0,Built Up area: 97 Carpet area: 92 sq.m.,2,2,1,15.0,East,Undefined,,97.0,92.0,0,0,0,0,0,0,45,495.0
flat,m3m merlin,sector 67,2.9,14167.073766487543,2047.0,Super Built up area 2047(190.17 sq.m.),3,3,3,0.0,West,Relatively New,2047.0,,,0,0,0,0,1,1,49,682.3333333333334
flat,aipl zen residences,sector 70a,1.34,10276.073619631901,1304.0,Super Built up area 1304(121.15 sq.m.),2,2,3+,17.0,East,New Property,1304.0,,,0,0,0,0,0,1,110,652.0
flat,hsiidc sidco aravali,manesar,0.9,3477.5888717156104,2588.0,Super Built up area 2588(240.43 sq.m.)Built Up area: 1900 sq.ft. (176.52 sq.m.),3,3,3+,8.0,East,Moderately Old,2588.0,1900.0,,0,1,0,0,0,0,23,862.6666666666666
flat,bestech park view residency,sector 2,1.55,8072.916666666667,1920.0,Super Built up area 1920(178.37 sq.m.),3,4,3+,4.0,East,Old Property,1920.0,,,0,1,0,0,0,0,84,640.0
house,independent,sector 3,0.9,8928.57142857143,1008.0,Built Up area: 112 (10.41 sq.m.),3,3,0,2.0,,Undefined,,112.0,,0,0,0,0,0,0,0,336.0
flat,dlf regency park,sector 28,1.24,12400.0,1000.0,Super Built up area 1150(106.84 sq.m.)Built Up area: 1050 sq.ft. (97.55 sq.m.)Carpet area: 1000 sq.ft. (92.9 sq.m.),2,2,3+,19.0,South,Moderately Old,1150.0,1050.0,1000.0,0,0,0,1,0,1,157,500.0
flat,smart world orchard,sector 61,1.6,13913.04347826087,1150.0,Carpet area: 1150 (106.84 sq.m.),2,2,2,3.0,,Undefined,,,1150.0,1,0,0,0,0,0,37,575.0
flat,trisara our homes 3,sohna road,0.21,4338.842975206611,484.0,Built Up area: 484 (44.97 sq.m.),1,1,0,2.0,,Undefined,,484.0,,0,0,0,0,0,0,0,484.0
house,dlf city plots phase 2,sector 25,6.3,35000.0,1800.0,Plot area 200(167.23 sq.m.),4,4,3+,2.0,East,Old Property,,200.0,,0,1,1,0,0,0,89,450.0
flat,bajrang apartments,sector 6,0.38,4470.588235294118,850.0,Carpet area: 850 (78.97 sq.m.),2,2,2,1.0,,Moderately Old,,,850.0,0,0,0,0,0,0,0,425.0
flat,mittal cosmos executive apartments,sector 2,0.75,6550.218340611354,1145.0,Super Built up area 1145(106.37 sq.m.)Built Up area: 1100 sq.ft. (102.19 sq.m.),2,2,2,15.0,,Old Property,1145.0,1100.0,,0,0,0,0,0,1,42,572.5
flat,conscient habitat,sector 99a,0.27,5601.659751037344,482.0,Carpet area: 484 (44.97 sq.m.),2,2,1,8.0,South-West,Relatively New,,,484.0,0,0,0,0,1,0,49,241.0
house,independent,sector 12,0.38,4222.222222222223,900.0,Plot area 900(83.61 sq.m.),3,3,3,3.0,,Relatively New,,900.0,,0,0,0,0,0,0,0,300.0
flat,smriti apartment,sector 56,0.45,7500.0,600.0,Super Built up area 600(55.74 sq.m.),1,1,2,3.0,,Old Property,600.0,,,0,0,0,0,0,0,57,600.0
flat,sobha city,sector 108,1.9,13758.146270818248,1381.0,Super Built up area 1381(128.3 sq.m.),2,2,2,8.0,East,Relatively New,1381.0,,,0,0,0,0,0,0,85,690.5
flat,tulip violet,sector 69,1.4,8928.57142857143,1568.0,Super Built up area 1568(145.67 sq.m.)Carpet area: 1200 sq.ft. (111.48 sq.m.),3,3,1,12.0,North,Relatively New,1568.0,,1200.0,0,0,0,1,0,0,174,522.6666666666666
house,independent,sector 4,3.25,14444.444444444445,2250.0,Plot area 250(209.03 sq.m.),3,3,2,2.0,South-East,Old Property,,250.0,,0,0,0,0,0,0,27,750.0
flat,emaar mgf the enclave,sector 66,2.1,12352.941176470587,1700.0,Super Built up area 1920(178.37 sq.m.)Built Up area: 1800 sq.ft. (167.23 sq.m.)Carpet area: 1700 sq.ft. (157.94 sq.m.),3,4,2,12.0,North-East,Relatively New,1920.0,1800.0,1700.0,0,1,0,0,0,1,156,566.6666666666666
flat,assotech blith,sector 99,1.6,6666.666666666667,2400.0,Built Up area: 2400 (222.97 sq.m.),3,4,0,15.0,,Undefined,,2400.0,,0,0,0,0,0,0,51,800.0
house,emaar mgf marbella,sector 66,8.7,38666.666666666664,2250.0,Plot area 250(209.03 sq.m.)Built Up area: 267 sq.yards (223.25 sq.m.),4,5,2,3.0,East,New Property,,267.0,,1,1,0,0,0,0,144,562.5
house,unitech espace,sector 50,7.5,34722.22222222222,2160.0,Plot area 240(200.67 sq.m.)Built Up area: 241 sq.yards (201.51 sq.m.)Carpet area: 240 sq.yards (200.67 sq.m.),3,3,2,2.0,West,Moderately Old,,241.0,240.0,0,1,0,0,0,1,66,720.0
flat,apna enclave,sector 3,0.5,7692.307692307692,650.0,Carpet area: 650 (60.39 sq.m.),2,2,1,1.0,West,Old Property,,,650.0,0,0,0,0,0,1,37,325.0
flat,tulip orange,sector 70,1.1,8148.148148148148,1350.0,Built Up area: 1350 (125.42 sq.m.)Carpet area: 1080 sq.ft. (100.34 sq.m.),3,2,2,5.0,East,Undefined,,1350.0,1080.0,0,0,0,0,0,0,0,450.0
flat,kiran residency,sector 56,1.55,6888.888888888889,2250.0,Super Built up area 2250(209.03 sq.m.)Built Up area: 1900 sq.ft. (176.52 sq.m.)Carpet area: 1750 sq.ft. (162.58 sq.m.),3,3,3+,5.0,North,Moderately Old,2250.0,1900.0,1750.0,0,1,0,1,0,1,92,750.0
flat,unitech the palms,sector 41,2.75,16768.29268292683,1640.0,Super Built up area 1640(152.36 sq.m.),3,3,2,14.0,,Old Property,1640.0,,,0,0,0,0,0,2,79,546.6666666666666
flat,capital residences 360,sector 70a,1.55,7844.12955465587,1976.0,Super Built up area 1976(183.58 sq.m.)Built Up area: 1600 sq.ft. (148.64 sq.m.)Carpet area: 1400 sq.ft. (130.06 sq.m.),3,3,3,8.0,South,Relatively New,1976.0,1600.0,1400.0,1,1,0,1,1,0,42,658.6666666666666
flat,uphaar residency 2,sector 105,0.42,5600.0,750.0,Carpet area: 750 (69.68 sq.m.),3,2,1,0.0,East,Moderately Old,,,750.0,0,0,0,0,1,0,7,250.0
flat,uphaar homes,sector 105,0.45,4736.8421052631575,950.0,Carpet area: 950 (88.26 sq.m.),3,2,1,1.0,,Relatively New,,,950.0,0,0,0,0,0,1,44,316.6666666666667
flat,afnhb jalvayu vihar,sector 30,1.3,10000.0,1300.0,Super Built up area 1500(139.35 sq.m.)Carpet area: 1300 sq.ft. (120.77 sq.m.),3,3,2,2.0,North-East,Old Property,1500.0,,1300.0,0,0,0,0,0,0,19,433.3333333333333
flat,experion windchants,sector 112,3.4,12134.189864382584,2802.0,Super Built up area 2802(260.31 sq.m.)Built Up area: 2225.56 sq.ft. (206.76 sq.m.),3,3,2,14.0,North-East,Relatively New,2802.0,2225.56,,0,0,0,0,0,1,159,934.0
house,independent,sector 3,0.6,6000.0,1000.0,Built Up area: 1000 (92.9 sq.m.),1,1,0,1.0,,Undefined,,1000.0,,0,0,0,0,0,0,0,1000.0
flat,chd avenue,sector 71,1.15,6526.674233825199,1762.0,Super Built up area 1762(163.7 sq.m.)Carpet area: 1339 sq.ft. (124.4 sq.m.),3,3,2,15.0,East,Moderately Old,1762.0,,1339.0,0,1,0,0,0,1,66,587.3333333333334
flat,raheja vanya,sector 99a,0.59,3975.7412398921833,1484.0,Super Built up area 1252.13(116.33 sq.m.),2,2,3,1.0,East,Undefined,1252.13,,,0,0,0,0,1,0,96,742.0
house,international city by sobha phase 2,sector 109,6.2,25514.40329218107,2430.0,Plot area 270(225.75 sq.m.),5,5,2,2.0,South-West,Relatively New,,270.0,,0,1,0,0,0,0,135,486.0
house,independent,sector 4,1.1,6111.111111111111,1800.0,Plot area 200(167.23 sq.m.),4,4,3+,2.0,West,Old Property,,200.0,,0,0,0,0,0,0,7,450.0
flat,experion the heartsong,sector 108,2.0,8554.31993156544,2338.0,Super Built up area 2338(217.21 sq.m.),3,3,3+,14.0,East,Relatively New,2338.0,,,0,1,0,0,0,0,95,779.3333333333334
house,unitech deerwood chase,sector 50,8.45,26152.893840916124,3231.0,Plot area 359(33.35 sq.m.),3,3,2,2.0,North-East,Old Property,,359.0,,1,1,0,0,0,1,102,1077.0
flat,central park 2 bellevue,sector 48,5.0,11627.906976744185,4300.0,Carpet area: 4300 (399.48 sq.m.),3,4,3,14.0,North-East,Moderately Old,,,4300.0,0,0,0,0,0,0,82,1433.3333333333333
flat,kiran residency,sector 56,1.55,7750.0,2000.0,Super Built up area 2000(185.81 sq.m.),3,3,3,5.0,North,Old Property,2000.0,,,0,1,0,0,0,1,52,666.6666666666666
flat,ashiana anmol,sohna road,0.93,7294.117647058823,1275.0,Super Built up area 1275(118.45 sq.m.)Built Up area: 1000 sq.ft. (92.9 sq.m.)Carpet area: 875 sq.ft. (81.29 sq.m.),2,2,2,9.0,,Under Construction,1275.0,1000.0,875.0,0,0,0,0,1,0,31,637.5
flat,chintels paradiso,sector 109,2.0,7604.5627376425855,2630.0,Super Built up area 2630(244.33 sq.m.),4,4,2,11.0,,Relatively New,2630.0,,,0,1,0,1,0,0,64,657.5
house,sushant lok 1 builder floors,sector 43,6.25,30727.63028515241,2034.0,Plot area 226(188.96 sq.m.),7,7,3+,3.0,North,Moderately Old,,226.0,,1,1,1,0,0,0,46,290.57142857142856
flat,vatika the seven lamps,sector 82,1.39,6411.439114391144,2168.0,Super Built up area 2160(200.67 sq.m.),3,3,3+,11.0,East,Relatively New,2160.0,,,1,1,0,0,0,1,117,722.6666666666666
flat,ireo victory valley,sector 67,2.99,11832.21210922042,2527.0,Super Built up area 2527(234.77 sq.m.)Built Up area: 2200 sq.ft. (204.39 sq.m.)Carpet area: 2100 sq.ft. (195.1 sq.m.),3,3,3,4.0,East,Relatively New,2527.0,2200.0,2100.0,0,1,0,0,0,1,37,842.3333333333334
flat,dlf regal gardens,sector 90,1.23,7052.752293577982,1744.0,Super Built up area 1744(162.02 sq.m.),3,3,2,19.0,North,Relatively New,1744.0,,,0,0,0,0,1,0,6,581.3333333333334
house,tata primanti,sector 72,8.6,12285.714285714286,7000.0,Built Up area: 7000 (650.32 sq.m.),4,5,3+,3.0,,Relatively New,,7000.0,,0,0,0,0,0,1,30,1750.0
house,independent,sector 11,2.5,17857.14285714286,1400.0,Plot area 1400(130.06 sq.m.)Built Up area: 1850 sq.ft. (171.87 sq.m.),5,4,3,1.0,East,Old Property,,1850.0,,0,0,1,0,0,0,0,280.0
flat,tulip violet,sector 69,1.36,8618.50443599493,1578.0,Super Built up area 1578(146.6 sq.m.)Carpet area: 1039 sq.ft. (96.53 sq.m.),3,3,1,12.0,West,Relatively New,1578.0,,1039.0,0,0,0,1,0,0,95,526.0
flat,conscient heritage max,sector 102,1.78,9218.0217503884,1931.0,Super Built up area 1931(179.4 sq.m.),3,4,3+,5.0,East,Moderately Old,1931.0,,,0,1,0,0,0,0,125,643.6666666666666
flat,sbtl caladium,sector 109,1.7,6679.764243614931,2545.0,Super Built up area 2545(236.44 sq.m.),3,3,3+,9.0,North-East,Relatively New,2545.0,,,0,1,0,0,0,0,159,848.3333333333334
flat,bestech park view grand spa,sector 81,3.3,12222.222222222223,2700.0,Super Built up area 3470(322.37 sq.m.)Carpet area: 2700 sq.ft. (250.84 sq.m.),4,5,3+,4.0,North-East,Relatively New,3470.0,,2700.0,1,1,0,0,0,1,174,675.0
flat,trisara our homes 3,sohna road,0.36,5980.066445182724,602.0,Super Built up area 602(55.93 sq.m.)Carpet area: 450 sq.ft. (41.81 sq.m.),2,2,1,1.0,,New Property,602.0,,450.0,0,0,0,0,0,0,45,301.0
flat,green court,sector 90,0.5,8333.333333333334,600.0,Super Built up area 700(65.03 sq.m.)Carpet area: 600 sq.ft. (55.74 sq.m.),2,2,1,8.0,,New Property,700.0,,600.0,0,0,0,0,0,0,42,300.0
flat,ansal api sushant estate,sector 52,0.29,11600.0,250.0,Carpet area: 250 (23.23 sq.m.),1,1,0,0.0,,Moderately Old,,,250.0,0,0,0,0,0,1,49,250.0
flat,dlf belvedere towers,sector 25,3.7,17619.04761904762,2100.0,Carpet area: 2100 (195.1 sq.m.),4,4,3,18.0,North-West,Old Property,,,2100.0,0,1,0,0,0,1,26,525.0
flat,dlf beverly park,sector 25,8.0,15384.615384615385,5200.0,Carpet area: 5200 (483.1 sq.m.),5,5,3+,2.0,North-East,Old Property,,,5200.0,1,1,0,1,1,2,26,1040.0
flat,orris aster court,sector 85,0.9,5671.077504725898,1587.0,Super Built up area 1587(147.44 sq.m.),3,3,3,8.0,North-East,Relatively New,1587.0,,,0,0,0,0,0,0,49,529.0
flat,tata primanti,sector 72,3.25,10545.10058403634,3082.0,Super Built up area 3300(306.58 sq.m.),3,3,3,2.0,South,Moderately Old,3300.0,,,0,1,0,0,0,0,94,1027.3333333333333
flat,pareena coban residences,sector 99a,1.02,8793.103448275862,1160.0,Super Built up area 1550(144 sq.m.)Built Up area: 1430 sq.ft. (132.85 sq.m.)Carpet area: 1160 sq.ft. (107.77 sq.m.),2,2,3,3.0,North,Relatively New,1550.0,1430.0,1160.0,1,0,0,0,0,0,174,580.0
flat,piedmont taksila heights,sector 37c,1.05,4792.332268370607,2191.0,Super Built up area 1920(178.37 sq.m.),3,3,3,7.0,,Relatively New,1920.0,,,0,0,0,0,0,1,81,730.3333333333334
house,independent,sector 56,3.25,21494.708994708995,1512.0,Plot area 168(140.47 sq.m.),5,6,3+,4.0,East,Relatively New,,168.0,,0,0,0,1,1,1,27,302.4
flat,m3m woodshire,sector 107,1.3,10815.3078202995,1202.0,Super Built up area 1943(180.51 sq.m.)Carpet area: 1202 sq.ft. (111.67 sq.m.),3,3,3,7.0,,Relatively New,1943.0,,1202.0,0,0,0,1,0,0,89,400.6666666666667
flat,rof ananda,sector 95,0.2,5464.48087431694,366.0,Carpet area: 366.08 (34.01 sq.m.),1,1,1,10.0,West,Relatively New,,,366.080239,0,0,0,0,0,0,82,366.0
flat,mariners home,sector 56,2.11,8612.244897959185,2450.0,Super Built up area 2450(227.61 sq.m.)Built Up area: 2250 sq.ft. (209.03 sq.m.)Carpet area: 2150 sq.ft. (199.74 sq.m.),3,2,3,4.0,South,Relatively New,2450.0,2250.0,2150.0,0,0,0,0,1,1,126,816.6666666666666
house,experion windchants,sector 112,7.46,10259.936734974557,7271.0,Built Up area: 6350 (589.93 sq.m.),4,4,3+,2.0,East,Relatively New,,6350.0,,0,1,0,1,0,1,62,1817.75
flat,raheja sampada,sector 92,0.9,6569.343065693431,1370.0,Super Built up area 1370(127.28 sq.m.),3,2,3,11.0,East,Relatively New,1370.0,,,0,0,0,0,0,0,88,456.6666666666667
flat,godrej habitat,sector 3,1.3,9002.770083102492,1444.0,Carpet area: 1444 (134.15 sq.m.),2,2,2,6.0,,Under Construction,,,1444.0,0,0,0,0,0,0,36,722.0
flat,shapoorji pallonji joyville gurugram,sector 102,1.2,14563.106796116504,824.0,Super Built up area 1359(126.26 sq.m.)Carpet area: 824 sq.ft. (76.55 sq.m.),2,2,3,0.0,North-East,Relatively New,1359.0,,824.0,0,0,0,0,0,0,49,412.0
house,independent,sector 3 phase 3 extension,0.85,8500.0,1000.0,Built Up area: 1000 (92.9 sq.m.),1,1,0,1.0,,Undefined,,1000.0,,0,0,0,0,0,0,0,1000.0
house,independent,sector 15,1.07,11888.888888888889,900.0,Plot area 900(83.61 sq.m.),2,2,1,1.0,,Old Property,,900.0,,0,1,0,0,0,0,7,450.0
flat,emaar palm gardens,sector 83,1.8,12000.0,1500.0,Carpet area: 1500 (139.35 sq.m.),3,4,3+,6.0,South-West,Relatively New,,,1500.0,0,1,0,0,0,1,96,500.0
flat,dlf new town heights,sector 86,1.55,6578.9473684210525,2356.0,Super Built up area 2356(218.88 sq.m.)Carpet area: 1750 sq.ft. (162.58 sq.m.),4,4,3+,12.0,North-East,Moderately Old,2356.0,,1750.0,0,1,0,1,0,1,120,589.0
house,independent,sector 7,2.25,15625.0,1440.0,Plot area 160(133.78 sq.m.),3,3,2,2.0,North-West,Old Property,,160.0,,0,0,0,0,0,1,27,480.0
house,unitech uniworld resorts,sector 33,11.5,24572.649572649574,4680.0,Plot area 520(434.79 sq.m.),5,6,3+,4.0,East,Relatively New,,520.0,,0,1,0,0,0,0,84,936.0
flat,vipul world,sector 48,1.38,9484.536082474227,1455.0,Carpet area: 1450 (134.71 sq.m.),3,3,1,2.0,,Relatively New,,,1450.0,0,0,0,0,0,0,60,485.0
flat,m3m merlin,sector 67,3.5,14843.08736217133,2358.0,Super Built up area 2358(219.07 sq.m.),3,4,3+,15.0,South,Relatively New,2358.0,,,0,1,0,0,0,1,158,786.0
flat,dlf the ultima,sector 81,3.46,12047.353760445683,2872.0,Super Built up area 2872(266.82 sq.m.),4,4,3+,10.0,East,New Property,2872.0,,,0,1,0,0,0,2,161,718.0
flat,dlf the skycourt,sector 86,1.55,8031.088082901554,1930.0,Super Built up area 1930(179.3 sq.m.)Built Up area: 1900 sq.ft. (176.52 sq.m.)Carpet area: 1720 sq.ft. (159.79 sq.m.),3,3,3,5.0,South,Relatively New,1930.0,1900.0,1720.0,0,0,0,0,0,0,49,643.3333333333334
flat,bptp terra,sector 37d,1.8,8215.426745778184,2191.0,Super Built up area 2191(203.55 sq.m.)Carpet area: 1860 sq.ft. (172.8 sq.m.),4,3,3,18.0,North-West,Relatively New,2191.0,,1860.0,1,1,0,1,0,0,49,547.75
flat,puri emerald bay,sector 104,2.45,10000.0,2450.0,Super Built up area 2450(227.61 sq.m.)Carpet area: 1840 sq.ft. (170.94 sq.m.),3,4,3+,14.0,South,Relatively New,2450.0,,1840.0,0,1,0,0,0,1,56,816.6666666666666
flat,dhoot time residency,sector 63,2.2,12813.046010483402,1717.0,Super Built up area 1717(159.51 sq.m.),3,4,3+,8.0,North-West,Moderately Old,1717.0,,,1,0,0,0,0,1,61,572.3333333333334
flat,wings apartment,sector 9,1.2,6666.666666666667,1800.0,Carpet area: 1800 (167.23 sq.m.),4,3,2,4.0,South-East,Moderately Old,,,1800.0,0,0,0,0,0,1,23,450.0
flat,pivotal riddhi siddhi,sector 99,0.5,8517.887563884156,587.0,Carpet area: 587 (54.53 sq.m.),2,1,2,7.0,,New Property,,,587.0,0,0,0,0,0,0,24,293.5
flat,shree vardhman victoria,sector 70,1.75,8974.358974358975,1950.0,Built Up area: 1950 (181.16 sq.m.),3,4,2,16.0,,Relatively New,,1950.0,,0,1,0,1,0,0,49,650.0
flat,m3m heights,sector 65,2.5,13601.741022850925,1838.0,Super Built up area 1828(169.83 sq.m.),3,3,3,19.0,,Undefined,1828.0,,,0,0,0,0,0,0,48,612.6666666666666
flat,ramprastha skyz,sector 37d,1.2,6000.0,2000.0,Super Built up area 2000(185.81 sq.m.)Built Up area: 1900 sq.ft. (176.52 sq.m.)Carpet area: 1850 sq.ft. (171.87 sq.m.),3,2,1,9.0,East,Under Construction,2000.0,1900.0,1850.0,0,1,0,0,1,0,53,666.6666666666666
flat,vatika lifestyle homes,sector 83,1.04,5698.630136986301,1825.0,Super Built up area 1755(163.04 sq.m.)Built Up area: 1500 sq.ft. (139.35 sq.m.)Carpet area: 1100 sq.ft. (102.19 sq.m.),3,2,2,2.0,South-West,Moderately Old,1755.0,1500.0,1100.0,0,0,0,0,0,0,95,608.3333333333334
flat,shree vardhman victoria,sector 70,1.67,14384.151593453918,1161.0,Super Built up area 1950(181.16 sq.m.)Carpet area: 1161 sq.ft. (107.86 sq.m.),3,5,3,5.0,North-East,Moderately Old,1950.0,,1161.0,0,1,0,0,0,0,108,387.0
flat,signature global synera,sector 81,0.5,7886.435331230284,634.0,Carpet area: 634 (58.9 sq.m.),2,2,1,11.0,East,New Property,,,634.0,0,0,0,0,0,2,97,317.0
flat,ambience creacions,sector 22,4.3,13915.857605177993,3090.0,Super Built up area 3090(287.07 sq.m.)Built Up area: 2600 sq.ft. (241.55 sq.m.)Carpet area: 2100 sq.ft. (195.1 sq.m.),3,4,3+,6.0,South-West,Relatively New,3090.0,2600.0,2100.0,0,1,0,0,1,2,120,1030.0
flat,afnhb jalvayu vihar,sector 30,1.45,11153.846153846154,1300.0,Built Up area: 1300 (120.77 sq.m.)Carpet area: 1090 sq.ft. (101.26 sq.m.),3,2,2,2.0,North,Old Property,,1300.0,1090.0,0,0,0,0,0,2,75,433.3333333333333
house,eros rosewood villas,sector 49,2.8,15555.555555555555,1800.0,Plot area 1530(142.14 sq.m.)Built Up area: 1900 sq.ft. (176.52 sq.m.)Carpet area: 1800 sq.ft. (167.23 sq.m.),3,3,3,2.0,East,Moderately Old,,1900.0,1800.0,0,0,0,1,0,0,68,600.0
flat,unitech uniworld gardens,sector 47,2.15,10306.807286673058,2086.0,Super Built up area 2086(193.8 sq.m.)Built Up area: 1950 sq.ft. (181.16 sq.m.)Carpet area: 1750 sq.ft. (162.58 sq.m.),3,4,3+,10.0,East,Moderately Old,2086.0,1950.0,1750.0,0,1,0,0,0,0,49,695.3333333333334
house,independent,sector 4,0.47,3517.9640718562873,1336.0,Built Up area: 1350 (125.42 sq.m.),3,4,0,3.0,,Undefined,,1350.0,,0,0,0,0,0,0,0,445.3333333333333
flat,godrej,sector 79,1.12,7147.415443522655,1567.0,Super Built up area 1572(146.04 sq.m.)Built Up area: 1325 sq.ft. (123.1 sq.m.)Carpet area: 1200 sq.ft. (111.48 sq.m.),2,2,3,6.0,North-East,Relatively New,1572.0,1325.0,1200.0,1,0,0,0,0,0,49,783.5
flat,dlf the ultima,sector 81,2.2,11190.233977619531,1966.0,Super Built up area 2100(195.1 sq.m.),3,4,3+,7.0,North-East,Relatively New,2100.0,,,0,1,0,0,0,2,104,655.3333333333334
flat,bestech park view ananda,sector 81,1.35,7541.899441340782,1790.0,Carpet area: 1790 (166.3 sq.m.),3,3,3+,8.0,North,Old Property,,,1790.0,0,0,0,0,0,0,114,596.6666666666666
house,independent,sector 28,9.0,27777.777777777777,3240.0,Plot area 360(301.01 sq.m.),6,7,3+,3.0,North,Moderately Old,,360.0,,1,1,1,1,0,0,67,540.0
house,independent,sector 7,8.0,22222.222222222223,3600.0,Plot area 400(334.45 sq.m.),4,5,3+,1.0,North-East,Old Property,,400.0,,1,1,0,1,0,0,31,900.0
house,independent,sector 9,0.5,6082.725060827251,822.0,Built Up area: 822 (76.37 sq.m.)Carpet area: 750 sq.ft. (69.68 sq.m.),3,2,1,1.0,,Undefined,,822.0,750.0,0,0,0,0,0,0,0,274.0
house,independent,sector 55,5.0,44444.444444444445,1125.0,Plot area 125(104.52 sq.m.)Built Up area: 115 sq.yards (96.15 sq.m.)Carpet area: 100 sq.yards (83.61 sq.m.),2,9,3+,5.0,East,New Property,,115.0,100.0,0,0,0,0,1,1,44,562.5
flat,bestech park view grand spa,sector 81,4.2,10000.0,4200.0,Super Built up area 4200(390.19 sq.m.)Carpet area: 2900 sq.ft. (269.42 sq.m.),4,4,3+,25.0,South,Relatively New,4200.0,,2900.0,0,1,0,0,0,1,90,1050.0
flat,orris aster court premier,sector 85,1.25,5896.226415094339,2120.0,Super Built up area 2120(196.95 sq.m.)Built Up area: 1616 sq.ft. (150.13 sq.m.),3,4,2,6.0,East,Relatively New,2120.0,1616.0,,0,1,0,0,0,1,49,706.6666666666666
flat,central park flower valley aqua front towers,sector 33,2.96,13870.66541705717,2134.0,Carpet area: 2134 (198.26 sq.m.),4,4,3,1.0,,New Property,,,2134.0,0,1,0,0,0,1,24,533.5
house,ansals palam vihar,sector 2,5.0,12500.0,4000.0,Built Up area: 4000 (371.61 sq.m.),6,4,0,3.0,,Undefined,,4000.0,,0,0,0,0,0,0,0,666.6666666666666
flat,ireo victory valley,sector 67,3.05,12650.352550808793,2411.0,Super Built up area 2411(223.99 sq.m.)Carpet area: 1688 sq.ft. (156.82 sq.m.),3,3,3+,21.0,South-West,Relatively New,2411.0,,1688.0,0,1,0,0,0,1,157,803.6666666666666
house,independent,sector 3,0.9,10000.0,900.0,Plot area 900(83.61 sq.m.)Built Up area: 3500 sq.ft. (325.16 sq.m.),3,4,3,3.0,,Moderately Old,,3500.0,,0,0,0,0,1,1,42,300.0
flat,signature andour heights,sector 71,0.37,8222.222222222223,450.0,Built Up area: 450 (41.81 sq.m.)Carpet area: 366.48 sq.ft. (34.05 sq.m.),1,1,2,2.0,North-East,Relatively New,,450.0,366.48,0,0,0,0,0,0,65,450.0
flat,shree vardhman flora,sector 90,1.0,5128.205128205128,1950.0,Super Built up area 1950(181.16 sq.m.),3,4,3,8.0,North-East,New Property,1950.0,,,0,1,0,0,0,0,95,650.0
flat,bptp mansions park prime,sector 66,3.0,10853.83502170767,2764.0,Super Built up area 2764(256.78 sq.m.)Built Up area: 2700 sq.ft. (250.84 sq.m.)Carpet area: 2500 sq.ft. (232.26 sq.m.),4,4,3,3.0,North,Relatively New,2764.0,2700.0,2500.0,1,1,0,1,1,1,174,691.0
flat,emaar palm gardens,sector 83,1.38,8023.2558139534885,1720.0,Super Built up area 1720(159.79 sq.m.)Built Up area: 1350 sq.ft. (125.42 sq.m.)Carpet area: 1150 sq.ft. (106.84 sq.m.),3,3,3,5.0,South-West,Relatively New,1720.0,1350.0,1150.0,0,1,0,0,0,1,8,573.3333333333334
flat,breeze global heights,sector 33,0.4,6420.545746388443,623.0,Built Up area: 623 (57.88 sq.m.)Carpet area: 599 sq.ft. (55.65 sq.m.),2,2,2,4.0,,Undefined,,623.0,599.0,0,0,0,0,0,0,0,311.5
house,dlf city plots phase 2,sector 25,4.25,31481.48148148148,1350.0,Plot area 150(125.42 sq.m.),3,2,3,2.0,North,Old Property,,150.0,,1,0,0,0,0,0,35,450.0
flat,aipl the peaceful homes,sector 70a,2.6,12009.237875288683,2165.0,Carpet area: 2165 (201.14 sq.m.),3,2,2,12.0,,Moderately Old,,,2165.0,0,1,0,0,0,0,52,721.6666666666666
flat,indiabulls centrum park,sector 103,1.05,5859.375,1792.0,Built Up area: 1365 (126.81 sq.m.)Carpet area: 900 sq.ft. (83.61 sq.m.),2,2,3,1.0,West,Relatively New,,1365.0,900.0,0,0,0,0,0,1,51,896.0
flat,signature global solera,sector 107,0.28,5725.971370143149,489.0,Carpet area: 489 (45.43 sq.m.),2,2,2,10.0,South,Relatively New,,,489.0,0,0,0,0,0,0,38,244.5
flat,the roselia 2,sector 95,0.45,6474.820143884892,695.0,Built Up area: 695 (64.57 sq.m.)Carpet area: 595 sq.ft. (55.28 sq.m.),2,2,2,19.0,North,Undefined,,695.0,595.0,0,0,0,0,0,0,0,347.5
flat,ambience creacions,sector 22,4.8,19200.0,2500.0,Carpet area: 2500 (232.26 sq.m.),4,6,3+,10.0,North-East,New Property,,,2500.0,0,1,0,1,0,2,49,625.0
flat,vatika gurgaon,sector 83,1.25,7812.5,1600.0,Super Built up area 2390(222.04 sq.m.)Carpet area: 1600 sq.ft. (148.64 sq.m.),4,4,3,12.0,South-West,Moderately Old,2390.0,,1600.0,0,1,0,0,0,0,103,400.0
flat,godrej frontier,sector 80,1.1,5705.39419087137,1928.0,Super Built up area 1928(179.12 sq.m.)Built Up area: 1580 sq.ft. (146.79 sq.m.)Carpet area: 1391 sq.ft. (129.23 sq.m.),3,3,3,8.0,North-West,Moderately Old,1928.0,1580.0,1391.0,0,1,0,0,0,0,111,642.6666666666666
flat,gls arawali homes,sohna road,0.29,6029.106029106029,481.0,Carpet area: 480.53 (44.64 sq.m.),2,2,2,9.0,East,Relatively New,,,480.500496,0,0,0,0,0,0,55,240.5
house,surendra homes dayaindependentd colony,sector 6,0.75,15625.0,480.0,Built Up area: 480 (44.59 sq.m.),4,4,2,1.0,,Undefined,,480.0,,0,0,0,0,0,0,0,120.0
flat,supertech araville,sector 79,1.45,7455.012853470437,1945.0,Carpet area: 1945 (180.7 sq.m.),3,3,3,3.0,North,Relatively New,,,1945.0,0,0,0,0,0,0,0,648.3333333333334
flat,ireo victory valley,sector 67,4.5,14097.744360902256,3192.0,Super Built up area 3192(296.55 sq.m.)Built Up area: 3160 sq.ft. (293.57 sq.m.)Carpet area: 3000 sq.ft. (278.71 sq.m.),4,4,3+,0.0,North,Relatively New,3192.0,3160.0,3000.0,0,1,0,1,0,1,42,798.0
house,independent,sector 23,1.2,6230.529595015576,1926.0,Plot area 214(178.93 sq.m.)Built Up area: 1500 sq.yards (1254.19 sq.m.),3,2,2,3.0,,New Property,,1500.0,,0,0,0,0,0,1,79,642.0
flat,adani m2k oyster grande,sector 102,2.61,10046.189376443417,2598.0,Super Built up area 2598(241.36 sq.m.)Built Up area: 2200 sq.ft. (204.39 sq.m.)Carpet area: 2000 sq.ft. (185.81 sq.m.),3,3,3,14.0,North-East,Relatively New,2598.0,2200.0,2000.0,1,1,0,0,0,0,21,866.0
house,independent,sector 7,3.1,13777.777777777777,2250.0,Plot area 250(209.03 sq.m.),3,3,2,2.0,North-West,Old Property,,250.0,,0,0,0,0,0,0,22,750.0
house,dlf city plots phase 3,sector 24,1.44,2962.962962962963,4860.0,Plot area 60(50.17 sq.m.),4,2,2,1.0,,Old Property,,60.0,,0,0,0,0,0,0,8,1215.0
flat,m3m merlin,sector 67,3.4,14418.99915182358,2358.0,Super Built up area 2358(219.07 sq.m.),3,4,3+,16.0,West,Relatively New,2358.0,,,0,1,0,0,0,1,158,786.0
flat,godrej nature plus serenity,sector 33,1.45,8677.438659485339,1671.0,Super Built up area 1671(155.24 sq.m.),3,2,3,3.0,South,Undefined,1671.0,,,0,0,0,0,0,0,49,557.0
flat,sobha city,sector 108,2.33,14463.06641837368,1611.0,Built Up area: 1711 (158.96 sq.m.)Carpet area: 1611 sq.ft. (149.67 sq.m.),3,3,3,17.0,North-East,Relatively New,,1711.0,1611.0,0,0,1,0,0,1,159,537.0
flat,shapoorji pallonji joyville gurugram,sector 102,1.6,11695.906432748538,1368.0,Built Up area: 1368 (127.09 sq.m.),2,2,3,14.0,,Moderately Old,,1368.0,,0,0,0,0,0,0,0,684.0
flat,m3m woodshire,sector 107,0.82,6002.928257686676,1366.0,Super Built up area 1366(126.91 sq.m.),2,2,3+,7.0,North-East,Relatively New,1366.0,,,0,0,0,0,0,0,111,683.0
flat,la vida by tata housing,sector 113,2.35,10599.909788001803,2217.0,Super Built up area 2217(205.97 sq.m.)Built Up area: 2210 sq.ft. (205.32 sq.m.)Carpet area: 1720 sq.ft. (159.79 sq.m.),3,3,3,11.0,North-East,New Property,2217.0,2210.0,1720.0,0,1,0,0,0,0,174,739.0
flat,greenopolis,sector 89,0.8,4819.277108433735,1660.0,Super Built up area 1660(154.22 sq.m.),2,3,3,8.0,,Under Construction,1660.0,,,1,0,0,0,1,0,60,830.0
flat,dlf new town heights,sector 90,1.54,6514.382402707276,2364.0,Super Built up area 2364(219.62 sq.m.)Built Up area: 2200 sq.ft. (204.39 sq.m.)Carpet area: 1850 sq.ft. (171.87 sq.m.),4,4,3+,12.0,South-West,Moderately Old,2364.0,2200.0,1850.0,0,1,0,1,0,1,111,591.0
flat,dlf the ultima,sector 81,3.45,12012.534818941504,2872.0,Super Built up area 2872(266.82 sq.m.),4,4,3+,10.0,East,New Property,2872.0,,,0,1,0,0,0,2,165,718.0
flat,unitech greenwood city,sector 45,2.4,12345.67901234568,1944.0,Super Built up area 216(180.6 sq.m.),3,3,2,1.0,North-West,New Property,216.0,,,0,1,0,0,0,1,19,648.0
flat,elevate,sector 50,6.75,19882.17967599411,3395.0,Built Up area: 3395 (315.41 sq.m.),4,4,0,10.0,,Undefined,,3395.0,,0,0,0,0,0,0,0,848.75
flat,breez global hill view,sohna road,0.3,5405.405405405405,555.0,Super Built up area 655(60.85 sq.m.)Carpet area: 555 sq.ft. (51.56 sq.m.),2,2,2,6.0,North-East,New Property,655.0,,555.0,0,0,0,0,0,0,109,277.5
flat,tulip violet,sector 69,1.36,8842.652795838752,1538.0,Super Built up area 1538(142.88 sq.m.),3,3,1,12.0,North-West,Relatively New,1538.0,,,0,0,0,1,0,0,86,512.6666666666666
flat,m3m golfestate,sector 65,5.2,17455.521987244043,2979.0,Super Built up area 2979(276.76 sq.m.),3,3,3,18.0,North,Relatively New,2979.0,,,1,1,0,0,0,1,76,993.0
flat,godrej icon,sector 88a,1.75,14893.617021276596,1175.0,Carpet area: 1175.11,3,3,3+,6.0,,New Property,,,1175.11,0,0,0,0,0,0,55,391.6666666666667
house,independent,sector 24,2.75,7666.573738500139,3587.0,Built Up area: 3000 (278.71 sq.m.),7,7,3+,3.0,North-East,Moderately Old,,3000.0,,0,0,0,0,1,1,0,512.4285714285714
house,vipul tatvam villa,sector 48,8.5,26234.567901234568,3240.0,Plot area 360(301.01 sq.m.),4,4,1,,,Relatively New,,360.0,,0,0,0,0,0,0,21,810.0
flat,tulip monsella,sector 53,6.02,20816.044260027662,2892.0,Built Up area: 2892 (268.68 sq.m.),3,3,3,29.0,,Undefined,,2892.0,,0,0,0,0,0,0,68,964.0
house,independent,sector 41,1.65,13750.0,1200.0,Built Up area: 1200 (111.48 sq.m.),1,1,0,1.0,,Undefined,,1200.0,,0,0,0,0,0,0,0,1200.0
house,ats tourmaline,sector 109,1.87,8697.67441860465,2150.0,Built Up area: 2150 (199.74 sq.m.),3,4,0,12.0,,Undefined,,2150.0,,0,0,0,0,0,0,0,716.6666666666666
flat,dlf the ultima,sector 81,2.5,11726.078799249532,2132.0,Super Built up area 2132(198.07 sq.m.)Built Up area: 1700 sq.ft. (157.94 sq.m.)Carpet area: 1350 sq.ft. (125.42 sq.m.),3,3,2,20.0,West,Relatively New,2132.0,1700.0,1350.0,0,1,0,0,0,2,174,710.6666666666666
house,independent,sector 7,0.53,5888.888888888889,900.0,Built Up area: 900 (83.61 sq.m.),2,2,0,1.0,,Undefined,,900.0,,0,0,0,0,0,0,0,450.0
flat,emaar mgf emerald floors premier,sector 65,2.8,14177.215189873417,1975.0,Carpet area: 1975 (183.48 sq.m.),4,4,3,2.0,South,Relatively New,,,1975.0,1,1,0,0,0,1,108,493.75
flat,bestech spa signature,sector 81,4.4,12571.42857142857,3500.0,Super Built up area 4200(390.19 sq.m.)Built Up area: 3700 sq.ft. (343.74 sq.m.)Carpet area: 3500 sq.ft. (325.16 sq.m.),4,4,3+,6.0,South-West,New Property,4200.0,3700.0,3500.0,1,1,0,1,1,2,49,875.0
flat,puri emerald bay,sector 104,2.25,10465.116279069767,2150.0,Super Built up area 2450(227.61 sq.m.)Carpet area: 2150 sq.ft. (199.74 sq.m.),3,4,3+,4.0,North,Relatively New,2450.0,,2150.0,0,1,0,0,0,1,159,716.6666666666666
house,bptp visionnaire,sector 70a,5.25,20114.94252873563,2610.0,Plot area 290(242.48 sq.m.),5,4,3+,3.0,North-East,New Property,,290.0,,0,1,0,0,0,1,49,522.0
flat,bptp freedom park life,sector 57,5.5,8982.524906091785,6123.0,Built Up area: 5010 (465.44 sq.m.),5,6,3+,19.0,East,Moderately Old,,5010.0,,0,1,0,1,0,1,153,1224.6
flat,dlf the primus,sector 82a,1.85,10283.49082823791,1799.0,Super Built up area 1799(167.13 sq.m.)Carpet area: 1538 sq.ft. (142.88 sq.m.),3,3,3+,2.0,South,Relatively New,1799.0,,1538.0,0,0,0,0,0,1,44,599.6666666666666
flat,ss the leaf,sector 85,1.25,7179.781734635267,1741.0,Super Built up area 1741(161.74 sq.m.)Built Up area: 1730 sq.ft. (160.72 sq.m.)Carpet area: 1720 sq.ft. (159.79 sq.m.),2,2,3,10.0,South-East,Relatively New,1741.0,1730.0,1720.0,0,0,0,0,0,0,49,870.5
flat,dlf the ultima,sector 81,2.2,10461.245839277222,2103.0,Super Built up area 2103(195.38 sq.m.)Built Up area: 1570 sq.ft. (145.86 sq.m.)Carpet area: 1257 sq.ft. (116.78 sq.m.),3,3,3+,5.0,East,Relatively New,2103.0,1570.0,1257.0,1,1,0,1,1,2,49,701.0
flat,m3m skywalk,sector 74,1.52,13345.03950834065,1139.0,Super Built up area 1400(130.06 sq.m.)Built Up area: 1250 sq.ft. (116.13 sq.m.)Carpet area: 1139.2 sq.ft. (105.84 sq.m.),2,2,3,6.0,South-East,Relatively New,1400.0,1250.0,1139.2,0,0,1,0,0,0,174,569.5
house,independent,sector 91,3.6,14814.814814814816,2430.0,Plot area 270(225.75 sq.m.),4,4,3,2.0,North-East,New Property,,270.0,,0,0,0,0,0,1,49,607.5
flat,adani m2k oyster grande,sector 102,1.95,7561.070182241178,2579.0,Super Built up area 2579(239.6 sq.m.),3,4,3,9.0,South,Relatively New,2579.0,,,1,1,0,0,0,1,83,859.6666666666666
flat,smart world orchard,sector 61,1.6,13913.04347826087,1150.0,Carpet area: 1150 (106.84 sq.m.),2,2,2,3.0,East,New Property,,,1150.0,1,0,0,0,0,0,122,575.0
flat,shree vardhman victoria,sector 70,1.6,8205.128205128205,1950.0,Super Built up area 1950(181.16 sq.m.)Carpet area: 1161 sq.ft. (107.86 sq.m.),3,5,3,6.0,North,Relatively New,1950.0,,1161.0,0,1,0,0,0,0,108,650.0
house,independent,sector 48,5.5,23504.273504273504,2340.0,Plot area 260(217.39 sq.m.),4,4,2,2.0,North,Relatively New,,260.0,,0,1,0,0,0,1,22,585.0
flat,hcbs sports ville,sohna road,0.29,5587.668593448941,519.0,Carpet area: 519 (48.22 sq.m.),2,2,1,4.0,,Relatively New,,,519.0,0,0,0,0,0,0,44,259.5
flat,zara aavaas,sector 104,0.49,6577.181208053691,745.0,Super Built up area 745(69.21 sq.m.)Carpet area: 645 sq.ft. (59.92 sq.m.),3,2,2,7.0,,Under Construction,745.0,,645.0,0,0,0,0,0,0,74,248.33333333333334
house,independent,sector 109,1.55,6567.796610169492,2360.0,Built Up area: 2360 (219.25 sq.m.),3,2,0,1.0,,Undefined,,2360.0,,0,0,0,0,0,0,0,786.6666666666666
flat,professional society,manesar,0.75,3067.4846625766872,2445.0,Carpet area: 2445 (227.15 sq.m.),3,4,3,3.0,East,Relatively New,,,2445.0,0,1,0,0,0,0,21,815.0
flat,pareena mi casa,sector 68,1.1,8835.341365461847,1245.0,Super Built up area 1245(115.66 sq.m.),2,2,3,11.0,North,New Property,1245.0,,,0,0,0,0,0,0,95,622.5
house,independent,sector 39,7.0,10000.0,7000.0,Plot area 350(32.52 sq.m.)Built Up area: 7000 sq.ft. (650.32 sq.m.),10,11,3+,4.0,South-East,Relatively New,,7000.0,,0,0,0,1,0,1,38,700.0
flat,gls arawali homes,sohna road,0.26,4513.888888888889,576.0,Carpet area: 576 (53.51 sq.m.),2,2,2,5.0,East,New Property,,,576.0,0,0,0,0,0,0,78,288.0
flat,m3m heights,sector 65,2.86,13999.021047479197,2043.0,Carpet area: 2040 (189.52 sq.m.),3,3,3,45.0,East,Undefined,,,2040.0,0,1,0,0,0,0,48,681.0
flat,supertech araville,sector 79,0.95,6209.150326797386,1530.0,Super Built up area 1530(142.14 sq.m.),2,2,3,7.0,North-East,New Property,1530.0,,,1,0,0,0,0,0,49,765.0
flat,smart world gems,sector 89,1.1,9972.801450589302,1103.0,Built Up area: 1103 (102.47 sq.m.),3,1,0,0.0,,Undefined,,1103.0,,0,0,0,0,0,0,45,367.6666666666667
flat,paras dews,sector 106,1.05,8536.585365853658,1230.0,Super Built up area 1760(163.51 sq.m.)Built Up area: 1345 sq.ft. (124.95 sq.m.)Carpet area: 1230 sq.ft. (114.27 sq.m.),3,4,3+,10.0,North-East,Relatively New,1760.0,1345.0,1230.0,0,1,0,0,0,0,174,410.0
flat,capital residences 360,sector 70a,1.1,7586.206896551724,1450.0,Super Built up area 1450(134.71 sq.m.),2,2,3+,8.0,,New Property,1450.0,,,0,0,0,0,0,0,60,725.0
flat,lotus homz,sector 111,0.7,10057.471264367816,696.0,Carpet area: 696 (64.66 sq.m.),2,2,2,8.0,East,Relatively New,,,696.0,0,0,0,0,0,0,68,348.0
flat,emaar gurgaon greens,sector 102,1.49,9030.30303030303,1650.0,Super Built up area 1650(153.29 sq.m.)Carpet area: 1022.58 sq.ft. (95 sq.m.),3,3,3,10.0,North-East,Relatively New,1650.0,,1022.58,0,0,0,0,0,1,159,550.0
house,independent,sector 26,4.45,35177.865612648224,1265.0,Plot area 150(125.42 sq.m.),4,4,3,3.0,West,Old Property,,150.0,,0,0,0,0,0,0,25,316.25
flat,hsiidc sidco shivalik apartments,manesar,0.73,3559.2393954168697,2051.0,Super Built up area 2050(190.45 sq.m.)Carpet area: 1400 sq.ft. (130.06 sq.m.),3,3,3+,2.0,South,Moderately Old,2050.0,,1400.0,0,1,0,0,0,0,80,683.6666666666666
flat,m3m woodshire,sector 107,1.21,6227.483273288729,1943.0,Super Built up area 1943(180.51 sq.m.)Carpet area: 1500 sq.ft. (139.35 sq.m.),3,3,3,7.0,East,Moderately Old,1943.0,,1500.0,0,0,0,0,0,1,126,647.6666666666666
flat,capital residences 360,sector 70a,1.64,8299.595141700405,1976.0,Super Built up area 1976(183.58 sq.m.)Built Up area: 1950 sq.ft. (181.16 sq.m.)Carpet area: 1642 sq.ft. (152.55 sq.m.),3,3,3+,4.0,North-East,New Property,1976.0,1950.0,1642.0,0,1,0,0,0,0,144,658.6666666666666
flat,puri diplomatic greens,sector 111,3.4,11525.42372881356,2950.0,Super Built up area 2950(274.06 sq.m.),4,5,3+,14.0,East,Relatively New,2950.0,,,0,1,0,0,0,0,94,737.5
flat,m3m soulitude,sector 89,1.0,9066.183136899366,1103.0,Carpet area: 1103 (102.47 sq.m.),2,2,2,2.0,,New Property,,,1103.0,1,0,0,0,0,0,49,551.5
house,independent,sector 55,3.55,24499.65493443754,1449.0,Plot area 161(134.62 sq.m.),4,4,3+,2.0,,Old Property,,161.0,,0,0,0,0,0,1,27,362.25
flat,capital residences 360,sector 70a,1.66,8400.80971659919,1976.0,Super Built up area 1976(183.58 sq.m.)Built Up area: 1900 sq.ft. (176.52 sq.m.)Carpet area: 1500 sq.ft. (139.35 sq.m.),3,3,3+,8.0,East,New Property,1976.0,1900.0,1500.0,0,1,0,0,0,0,132,658.6666666666666
flat,pioneer park,sector 61,1.6,11594.202898550724,1380.0,Carpet area: 1380 (128.21 sq.m.),2,2,2,21.0,,Relatively New,,,1380.0,0,1,0,0,0,0,105,690.0
house,independent,sector 37d,2.5,13157.894736842105,1900.0,Plot area 1900(176.52 sq.m.),5,5,3+,2.0,,Relatively New,,1900.0,,0,0,0,0,0,0,0,380.0
house,independent,sector 13,1.5,11538.461538461539,1300.0,Plot area 1300(120.77 sq.m.),2,7,3,4.0,East,Moderately Old,,1300.0,,0,0,0,0,0,0,0,650.0
flat,mapsko royale ville,sector 82,1.15,6424.581005586592,1790.0,Super Built up area 1790(166.3 sq.m.),3,4,2,15.0,North-East,Relatively New,1790.0,,,0,1,0,1,0,1,104,596.6666666666666
flat,bptp astaire gardens,sector 70a,1.25,8771.929824561403,1425.0,Super Built up area 1425(132.39 sq.m.)Built Up area: 1300 sq.ft. (120.77 sq.m.)Carpet area: 1200 sq.ft. (111.48 sq.m.),3,3,2,1.0,South-East,Relatively New,1425.0,1300.0,1200.0,0,0,0,0,1,0,49,475.0
flat,indiabulls enigma,sector 110,3.79,9895.56135770235,3830.0,Super Built up area 3830(355.82 sq.m.),5,5,3,4.0,South-West,Relatively New,3830.0,,,0,1,0,0,1,0,125,766.0
house,greenopolis,sector 89,0.7,5397.070161912105,1297.0,Built Up area: 1297 (120.5 sq.m.),2,2,2,14.0,North-East,Undefined,,1297.0,,0,0,0,0,0,0,0,648.5
flat,alpha corp gurgaonone,sector 84,2.2,6406.523005241701,3434.0,Super Built up area 3434(319.03 sq.m.),4,4,3+,15.0,South-West,Relatively New,3434.0,,,0,1,0,0,0,0,97,858.5
house,ansals palam vihar,sector 2,2.68,17212.588310854208,1557.0,Plot area 173(144.65 sq.m.),4,3,2,3.0,,Moderately Old,,173.0,,0,0,1,0,0,1,74,389.25
flat,godrej summit,sector 104,1.16,6387.665198237885,1816.0,Carpet area: 1816 (168.71 sq.m.),3,4,3+,8.0,East,Relatively New,,,1816.0,0,1,0,0,0,1,96,605.3333333333334
flat,bestech park view residency,sector 2,1.5,7824.726134585289,1917.0,Super Built up area 1920(178.37 sq.m.),3,4,3+,10.0,North-East,Moderately Old,1920.0,,,0,1,0,0,0,0,93,639.0
flat,conscient elevate,sector 59,4.02,17501.088376142794,2297.0,Carpet area: 2295 (213.21 sq.m.),3,3,1,3.0,,Under Construction,,,2295.0,0,0,0,0,0,0,31,765.6666666666666
flat,ireo skyon,sector 60,2.15,23344.191096634095,921.0,Super Built up area 1524(141.58 sq.m.)Built Up area: 1250 sq.ft. (116.13 sq.m.)Carpet area: 921 sq.ft. (85.56 sq.m.),2,3,2,5.0,East,Relatively New,1524.0,1250.0,921.0,0,1,0,0,0,1,49,460.5
flat,hcbs sports ville,sohna road,0.22,3142.8571428571427,700.0,Carpet area: 700 (65.03 sq.m.),1,1,1,1.0,,New Property,,,700.0,0,0,0,0,0,0,86,700.0
flat,ss,sector 85,2.1,7467.994310099573,2812.0,Super Built up area 2812(261.24 sq.m.)Built Up area: 2600 sq.ft. (241.55 sq.m.)Carpet area: 2400 sq.ft. (222.97 sq.m.),4,4,3,2.0,North-West,Relatively New,2812.0,2600.0,2400.0,0,0,0,0,0,0,49,703.0
flat,tulip violet,sector 69,1.32,8413.00191204589,1569.0,Super Built up area 1568(145.67 sq.m.),3,3,1,12.0,South-East,Relatively New,1568.0,,,0,0,0,1,0,0,86,523.0
flat,mapsko mount ville,sector 79,1.65,9090.90909090909,1815.0,Built Up area: 1815 (168.62 sq.m.),3,3,0,12.0,,Undefined,,1815.0,,0,0,0,0,0,0,0,605.0
flat,ss the leaf,sector 85,1.22,13318.777292576418,916.0,Super Built up area 1772(164.62 sq.m.)Built Up area: 1300 sq.ft. (120.77 sq.m.)Carpet area: 916 sq.ft. (85.1 sq.m.),2,2,3,16.0,North-East,Relatively New,1772.0,1300.0,916.0,0,0,1,0,0,0,81,458.0
flat,m3m heights,sector 65,2.65,18492.672714584787,1433.0,Super Built up area 1433(133.13 sq.m.),2,2,3,4.0,North-East,New Property,1433.0,,,1,0,0,0,0,0,38,716.5
flat,m3m golfestate,sector 65,5.0,18518.51851851852,2700.0,Super Built up area 2979(276.76 sq.m.)Built Up area: 2800 sq.ft. (260.13 sq.m.)Carpet area: 2700 sq.ft. (250.84 sq.m.),3,3,3+,28.0,North-East,Relatively New,2979.0,2800.0,2700.0,0,1,0,1,0,1,165,900.0
flat,signature global park 4,sector 36,0.72,6428.571428571428,1120.0,Carpet area: 1120 (104.05 sq.m.),3,2,3,2.0,,Undefined,,,1120.0,0,0,0,0,0,0,0,373.3333333333333
house,independent,sector 43,9.5,42222.22222222222,2250.0,Plot area 302(252.51 sq.m.)Built Up area: 300 sq.yards (250.84 sq.m.)Carpet area: 250 sq.yards (209.03 sq.m.),5,5,3+,2.0,North-East,Relatively New,,300.0,250.0,0,1,0,1,0,1,88,450.0
flat,emaar palm gardens,sector 83,1.55,9011.627906976744,1720.0,Super Built up area 1720(159.79 sq.m.)Built Up area: 1400 sq.ft. (130.06 sq.m.)Carpet area: 1095 sq.ft. (101.73 sq.m.),3,3,3,4.0,West,Relatively New,1720.0,1400.0,1095.0,0,1,0,0,0,1,174,573.3333333333334
flat,sidhartha ncr one phase,sector 95,0.43,3152.492668621701,1364.0,Super Built up area 1364(126.72 sq.m.)Built Up area: 1300 sq.ft. (120.77 sq.m.)Carpet area: 1020 sq.ft. (94.76 sq.m.),2,2,2,6.0,North,Relatively New,1364.0,1300.0,1020.0,0,0,0,0,0,0,120,682.0
flat,mapsko paradise,sector 83,0.95,6299.73474801061,1508.0,Carpet area: 1340 (124.49 sq.m.),3,3,3,1.0,,Moderately Old,,,1340.0,0,0,0,0,0,0,0,502.6666666666667
flat,green court,sector 76,0.38,5507.246376811594,690.0,Carpet area: 690 (64.1 sq.m.),2,2,1,7.0,,Under Construction,,,690.0,0,0,0,0,0,0,35,345.0
flat,ireo the corridors,sector 67a,1.62,9380.428488708743,1727.0,Super Built up area 1727(160.44 sq.m.)Carpet area: 1017 sq.ft. (94.48 sq.m.),3,3,2,4.0,North,New Property,1727.0,,1017.0,0,0,1,0,0,1,142,575.6666666666666
flat,m3m skycity,sector 65,2.0,15267.175572519083,1310.0,Super Built up area 1310(121.7 sq.m.),2,2,2,16.0,East,New Property,1310.0,,,0,0,0,0,0,1,174,655.0
flat,shree vardhman victoria,sector 70,1.63,8358.97435897436,1950.0,Super Built up area 1950(181.16 sq.m.)Carpet area: 1161 sq.ft. (107.86 sq.m.),3,5,3,12.0,East,Relatively New,1950.0,,1161.0,0,1,0,0,0,0,43,650.0
flat,antriksh heights,sector 84,0.85,4927.536231884058,1725.0,Super Built up area 1725(160.26 sq.m.),3,3,3+,10.0,North,Relatively New,1725.0,,,1,0,0,0,0,0,52,575.0
flat,mahindra luminare,sector 59,5.5,18181.81818181818,3025.0,Super Built up area 3025(281.03 sq.m.),3,3,1,26.0,,Undefined,3025.0,,,0,1,0,0,0,0,24,1008.3333333333334
flat,smart world orchard,sector 61,2.6,14722.536806342016,1766.0,Super Built up area 1630(151.43 sq.m.),3,3,2,2.0,,New Property,1630.0,,,0,0,0,0,0,0,47,588.6666666666666
house,independent,sector 12,0.7,4117.64705882353,1700.0,Plot area 1700(157.94 sq.m.),4,4,1,2.0,,Moderately Old,,1700.0,,0,0,0,0,0,0,0,425.0
flat,dlf royalton tower,sector 43,6.5,20687.46021642266,3142.0,Super Built up area 2997(278.43 sq.m.),4,4,3+,9.0,,Moderately Old,2997.0,,,0,1,0,0,0,0,7,785.5
flat,ramprastha skyz,sector 37d,1.25,7250.580046403712,1724.0,Built Up area: 1725 (160.26 sq.m.),3,3,3+,2.0,North-East,Undefined,,1725.0,,0,0,0,0,0,0,8,574.6666666666666
flat,dlf regal gardens,sector 90,1.29,7103.52422907489,1816.0,Super Built up area 1818(168.9 sq.m.)Built Up area: 1817 sq.ft. (168.8 sq.m.)Carpet area: 1816 sq.ft. (168.71 sq.m.),3,3,3+,12.0,South-East,Relatively New,1818.0,1817.0,1816.0,0,1,0,0,0,0,152,605.3333333333334
flat,signature global solera,sector 107,0.5,7751.937984496124,645.0,Carpet area: 645 (59.92 sq.m.),3,2,2,6.0,South-East,Relatively New,,,645.0,0,0,0,0,1,0,15,215.0
flat,vatika city,sector 49,1.72,7818.181818181818,2200.0,Carpet area: 2200 (204.39 sq.m.),3,3,2,2.0,North-East,Old Property,,,2200.0,0,0,0,0,0,1,144,733.3333333333334
flat,signature global park,sohna road,0.9,8035.714285714285,1120.0,Super Built up area 1120(104.05 sq.m.),3,2,2,2.0,South,Undefined,1120.0,,,0,0,0,0,0,0,144,373.3333333333333
house,independent,sector 7,0.66,12000.0,550.0,Plot area 550(51.1 sq.m.),3,1,1,3.0,East,Relatively New,,550.0,,0,0,0,0,1,0,22,183.33333333333334
flat,dlf new town heights,sector 86,1.54,5785.123966942148,2662.0,Super Built up area 2364(219.62 sq.m.),4,4,3+,21.0,North-West,Moderately Old,2364.0,,,1,1,0,1,0,0,80,665.5
flat,sare homes,sector 92,0.6,5000.0,1200.0,Carpet area: 1200 (111.48 sq.m.),3,2,3,4.0,,Moderately Old,,,1200.0,0,0,0,0,0,1,49,400.0
flat,tulip violet,sector 69,1.44,9125.475285171102,1578.0,Super Built up area 1578(146.6 sq.m.)Carpet area: 1200 sq.ft. (111.48 sq.m.),3,3,2,1.0,South,Relatively New,1578.0,,1200.0,0,0,0,1,0,0,174,526.0
flat,ss the leaf,sector 85,1.78,7392.02657807309,2408.0,Super Built up area 2408(223.71 sq.m.),3,4,3+,6.0,West,New Property,2408.0,,,0,0,1,0,0,0,113,802.6666666666666
flat,smart world gems,sector 89,1.0,9009.009009009009,1110.0,Carpet area: 1110 (103.12 sq.m.),2,2,3,3.0,,New Property,,,1110.0,1,0,0,0,1,0,99,555.0
flat,pareena laxmi apartments,sector 99a,0.32,6106.8702290076335,524.0,Super Built up area 524(48.68 sq.m.)Carpet area: 424.8 sq.ft. (39.47 sq.m.),2,2,2,2.0,,New Property,524.0,,424.8,0,0,0,0,0,0,50,262.0
flat,paras dews,sector 106,1.15,6534.090909090909,1760.0,Super Built up area 1760(163.51 sq.m.)Built Up area: 1186 sq.ft. (110.18 sq.m.)Carpet area: 1130 sq.ft. (104.98 sq.m.),3,4,3+,12.0,East,Relatively New,1760.0,1186.0,1130.0,1,1,0,0,0,1,174,586.6666666666666
flat,viridian the plaza 106,sector 106,0.46,6571.428571428572,700.0,Carpet area: 700 (65.03 sq.m.),1,1,1,18.0,,New Property,,,700.0,0,0,0,0,0,0,104,700.0
house,independent,sector 12,3.71,19818.37606837607,1872.0,Plot area 208(173.91 sq.m.),3,3,1,4.0,,Moderately Old,,208.0,,0,0,0,1,0,0,0,624.0
flat,godrej summit,sector 104,1.3,9027.777777777777,1440.0,Super Built up area 1440(133.78 sq.m.),3,2,3+,16.0,,Relatively New,1440.0,,,1,0,1,1,0,1,0,480.0
house,eldeco mansionz,sector 48,4.75,20299.1452991453,2340.0,Plot area 260(217.39 sq.m.),7,7,3,2.0,North-East,Moderately Old,,260.0,,1,0,0,0,0,1,33,334.2857142857143
house,independent,sector 14,7.5,16600.265604249667,4518.0,Plot area 502(419.74 sq.m.),3,3,2,1.0,West,Old Property,,502.0,,1,1,0,1,0,1,27,1506.0
flat,emaar mgf emerald floors premier,sector 65,2.79,14126.582278481013,1975.0,Carpet area: 1975 (183.48 sq.m.),4,4,3+,2.0,South-West,Relatively New,,,1975.0,1,1,0,0,0,2,174,493.75
flat,eldeco accolade,sohna road,1.1,7549.759780370625,1457.0,Super Built up area 1457(135.36 sq.m.),3,2,3,13.0,,Relatively New,1457.0,,,0,0,0,0,0,0,56,485.6666666666667
flat,experion the heartsong,sector 108,0.9,7014.809041309431,1283.0,Super Built up area 1283(119.19 sq.m.)Built Up area: 978.23 sq.ft. (90.88 sq.m.)Carpet area: 734.43 sq.ft. (68.23 sq.m.),2,3,3,2.0,South,Relatively New,1283.0,978.23,734.43,0,1,0,0,0,0,94,641.5
flat,godrej nature plus,sector 33,1.31,15975.609756097561,820.0,Carpet area: 76.44,2,2,2,4.0,,Under Construction,,,76.44,0,0,0,0,0,0,92,410.0
flat,godrej,sector 79,1.34,8524.173027989822,1572.0,Super Built up area 1572(146.04 sq.m.),3,3,3,7.0,East,Relatively New,1572.0,,,0,0,0,0,0,0,158,524.0
house,independent,sector 43,7.85,29074.074074074073,2700.0,Plot area 300(250.84 sq.m.),9,9,3+,3.0,West,Relatively New,,300.0,,1,1,0,1,1,2,49,300.0
flat,bestech park view city,sector 48,1.78,10022.522522522522,1776.0,Super Built up area 1776(165 sq.m.)Carpet area: 1300 sq.ft. (120.77 sq.m.),3,4,2,5.0,,Relatively New,1776.0,,1300.0,1,0,0,1,0,0,53,592.0
house,international city by sobha phase 1,sector 109,5.7,10555.555555555555,5400.0,Plot area 600(501.68 sq.m.),4,5,3+,3.0,East,Relatively New,,600.0,,1,1,1,1,0,0,160,1350.0
flat,kiran residency,sector 56,1.54,8324.324324324325,1850.0,Super Built up area 2000(185.81 sq.m.)Built Up area: 1900 sq.ft. (176.52 sq.m.)Carpet area: 1850 sq.ft. (171.87 sq.m.),3,4,3+,5.0,South,Old Property,2000.0,1900.0,1850.0,0,1,0,0,0,1,98,616.6666666666666
flat,zara aavaas,sector 104,0.26,7807.807807807808,333.0,Built Up area: 301 (27.96 sq.m.),1,1,2,0.0,North-East,Relatively New,,301.0,,0,0,0,0,0,0,91,333.0
flat,gls arawali homes,sohna road,0.3,4687.5,640.0,Carpet area: 640 (59.46 sq.m.),2,2,2,4.0,,Relatively New,,,640.0,0,0,0,0,0,0,42,320.0
flat,vipul belmonte,sector 53,6.5,21922.428330522765,2965.0,Super Built up area 2965(275.46 sq.m.),3,4,3+,0.0,,Old Property,2965.0,,,1,0,0,0,1,0,72,988.3333333333334
flat,mapsko mount ville,sector 79,1.2,8053.6912751677855,1490.0,Super Built up area 1490(138.43 sq.m.),3,3,3,24.0,West,Relatively New,1490.0,,,0,0,0,0,0,1,8,496.6666666666667
flat,central park resorts,sector 48,5.15,20900.974025974025,2464.0,Super Built up area 2464(228.91 sq.m.)Built Up area: 2364 sq.ft. (219.62 sq.m.)Carpet area: 2264 sq.ft. (210.33 sq.m.),3,3,3+,8.0,North-West,Moderately Old,2464.0,2364.0,2264.0,0,1,0,0,0,2,53,821.3333333333334
flat,hcbs sports ville,sohna road,0.3,4010.695187165775,748.0,Built Up area: 743 (69.03 sq.m.)Carpet area: 621 sq.ft. (57.69 sq.m.),2,2,2,3.0,,Undefined,,743.0,621.0,0,0,0,0,0,0,0,374.0
flat,tata gurgaon gateway,sector 113,3.21,11823.204419889502,2715.0,Super Built up area 2520(234.12 sq.m.),3,3,3,9.0,,New Property,2520.0,,,0,0,0,0,0,0,49,905.0
house,independent,sector 7,0.95,21111.11111111111,450.0,Plot area 450(41.81 sq.m.),2,1,1,3.0,,New Property,,450.0,,0,0,0,0,0,0,15,225.0
flat,signature global the millennia 3,sector 37d,0.45,7627.118644067797,590.0,Carpet area: 590 (54.81 sq.m.),2,3,2,8.0,,Undefined,,,590.0,0,0,0,0,0,0,8,295.0
flat,dlf the ultima,sector 81,2.26,10761.904761904761,2100.0,Super Built up area 2100(195.1 sq.m.),3,4,3+,17.0,West,New Property,2100.0,,,0,1,0,0,0,2,174,700.0
house,independent,sector 17b,7.2,15925.6801592568,4521.0,Plot area 420,4,4,2,1.0,,Old Property,,420.0,,0,1,1,0,0,0,0,1130.25
flat,signature global orchard avenue,sector 93,0.36,6716.417910447762,536.0,Carpet area: 543.53 (50.5 sq.m.),2,2,2,6.0,North,Relatively New,,,543.57695,0,0,0,0,0,0,16,268.0
flat,shree arihant apartment,sector 54,1.5,8108.108108108108,1850.0,Super Built up area 1850(171.87 sq.m.)Built Up area: 1700 sq.ft. (157.94 sq.m.)Carpet area: 1550 sq.ft. (144 sq.m.),3,3,3+,4.0,West,Moderately Old,1850.0,1700.0,1550.0,0,0,0,1,0,1,75,616.6666666666666
flat,smart world gems,sector 89,1.3,9135.628952916373,1423.0,Carpet area: 1423 (132.2 sq.m.),3,3,2,2.0,,New Property,,,1423.0,1,0,0,0,0,0,44,474.3333333333333
flat,emaar gurgaon greens,sector 102,1.54,9333.333333333334,1650.0,Super Built up area 1650(153.29 sq.m.)Carpet area: 1022.58 sq.ft. (95 sq.m.),3,3,3,12.0,North-East,Relatively New,1650.0,,1022.58,0,1,0,0,0,0,61,550.0
flat,experion the heartsong,sector 108,0.98,13351.49863760218,734.0,Built Up area: 978.23 (90.88 sq.m.)Carpet area: 734.43 sq.ft. (68.23 sq.m.),2,3,3,12.0,South-East,Relatively New,,978.223232,734.43,1,1,1,1,0,0,31,367.0
flat,signature global park,sohna road,0.75,6938.020351526365,1081.0,Built Up area: 1081 (100.43 sq.m.),2,2,0,1.0,,Undefined,,1081.0,,0,0,0,0,0,0,58,540.5
flat,ireo victory valley,sector 67,2.87,11903.774367482372,2411.0,Super Built up area 2411(223.99 sq.m.)Carpet area: 1808 sq.ft. (167.97 sq.m.),3,3,3+,16.0,North-West,Relatively New,2411.0,,1808.0,0,1,0,0,0,1,174,803.6666666666666
flat,signature global park,sohna road,0.95,7851.239669421488,1210.0,Built Up area: 1210 (112.41 sq.m.),3,2,3+,3.0,East,New Property,,1210.0,,0,0,0,0,0,0,85,403.3333333333333
house,raj villas,sector 52,8.0,25542.784163473818,3132.0,Carpet area: 348 (290.97 sq.m.),6,5,3+,4.0,East,Undefined,,,348.0,0,0,0,0,0,0,0,522.0
flat,signature global synera,sector 81,0.45,7525.083612040134,598.0,Carpet area: 598 (55.56 sq.m.),2,2,2,6.0,North-East,Relatively New,,,598.0,0,0,1,0,0,1,39,299.0
flat,dlf ridgewood estate,sector 28,2.0,14598.540145985402,1370.0,Super Built up area 1370(127.28 sq.m.),3,3,1,12.0,North-East,Old Property,1370.0,,,0,0,0,0,0,1,96,456.6666666666667
flat,ambience lagoon,sector 24,4.25,13281.25,3200.0,Super Built up area 3200(297.29 sq.m.)Carpet area: 3156 sq.ft. (293.2 sq.m.),3,4,3+,3.0,East,Old Property,3200.0,,3156.0,0,1,1,0,0,1,131,1066.6666666666667
flat,bestech park view grand spa,sector 81,2.29,8609.022556390977,2660.0,Super Built up area 2660(247.12 sq.m.)Carpet area: 2000 sq.ft. (185.81 sq.m.),3,4,3+,10.0,North-East,Relatively New,2660.0,,2000.0,1,1,0,0,0,2,174,886.6666666666666
flat,tarc maceo,sector 91,1.8,7758.620689655172,2320.0,Carpet area: 2320 (215.54 sq.m.),3,3,3+,0.0,North,Relatively New,,,2320.0,0,0,0,1,0,2,45,773.3333333333334
flat,dlf the arbour,sector 63,7.52,18999.494694290046,3958.0,Built Up area: 3956 (367.52 sq.m.)Carpet area: 2200 sq.ft. (204.39 sq.m.),4,4,3,15.0,West,Undefined,,3956.0,2200.0,0,0,0,0,0,0,61,989.5
house,independent,sohna road,1.55,14719.848053181386,1053.0,Plot area 117(97.83 sq.m.),2,3,2,1.0,North,New Property,,117.0,,1,0,0,1,0,1,49,526.5
flat,godrej aria,sector 79,1.45,9062.5,1600.0,Super Built up area 1495(138.89 sq.m.)Built Up area: 1494 sq.ft. (138.8 sq.m.),2,2,3+,9.0,East,Relatively New,1495.0,1494.0,,1,0,0,0,0,0,113,800.0
house,naman residency,sector 4,0.5,11111.111111111111,450.0,Plot area 450(41.81 sq.m.),2,2,2,2.0,West,New Property,,450.0,,1,1,0,1,1,0,14,225.0
flat,emaar mgf emerald floors premier,sector 65,2.0,12121.212121212122,1650.0,Carpet area: 1650 (153.29 sq.m.),3,3,3,1.0,North-West,Relatively New,,,1650.0,0,1,0,0,0,1,124,550.0
flat,kendriya vihar,sector 56,0.55,9016.393442622952,610.0,Carpet area: 610 (56.67 sq.m.),1,2,1,0.0,,Old Property,,,610.0,0,0,0,0,0,0,68,610.0
flat,smart world gems,sector 89,0.9,8144.796380090498,1105.0,Built Up area: 1105 (102.66 sq.m.),2,2,2,1.0,,Undefined,,1105.0,,0,0,0,0,0,0,45,552.5
house,ansals palam vihar,sector 2,4.0,16666.666666666668,2400.0,Plot area 2400(222.97 sq.m.),4,4,3+,2.0,North-East,Moderately Old,,2400.0,,0,1,0,0,0,0,0,600.0
flat,ats triumph,sector 104,2.63,9563.636363636364,2750.0,Super Built up area 3150(292.64 sq.m.)Carpet area: 2750 sq.ft. (255.48 sq.m.),4,4,3+,21.0,North,Relatively New,3150.0,,2750.0,0,1,0,0,0,1,161,687.5
flat,orchid petals,sector 49,4.79,11629.0361738286,4119.0,Super Built up area 4115(382.3 sq.m.),5,5,3+,14.0,South,Relatively New,4115.0,,,1,1,0,1,0,0,49,823.8
flat,emaar palm gardens,sector 83,1.6,8648.648648648648,1850.0,Super Built up area 1850(171.87 sq.m.),3,3,3+,6.0,East,Relatively New,1850.0,,,1,1,1,1,0,1,167,616.6666666666666
house,independent,sector 105,0.74,7400.0,1000.0,Built Up area: 1000 (92.9 sq.m.),3,3,0,2.0,,Undefined,,1000.0,,0,0,0,0,0,0,0,333.3333333333333
flat,bptp terra,sector 37d,1.95,14444.444444444445,1350.0,Super Built up area 2191(203.55 sq.m.)Built Up area: 1650 sq.ft. (153.29 sq.m.)Carpet area: 1350 sq.ft. (125.42 sq.m.),4,3,3,7.0,,Undefined,2191.0,1650.0,1350.0,0,0,0,0,0,0,53,337.5
flat,emaar mgf palm hills,sector 77,1.09,5382.716049382716,2025.0,Super Built up area 2025(188.13 sq.m.),3,4,3+,5.0,South,Relatively New,2025.0,,,0,1,0,0,1,1,167,675.0
house,independent,sector 2,19.5,27083.333333333332,7200.0,Plot area 800(668.9 sq.m.),8,9,3+,2.0,North,New Property,,800.0,,1,1,0,1,0,0,122,900.0
flat,godrej air,sector 85,1.3,14541.3870246085,894.0,Super Built up area 1400(130.06 sq.m.)Carpet area: 894 sq.ft. (83.06 sq.m.),2,2,3,30.0,,Undefined,1400.0,,894.0,0,0,0,0,0,0,111,447.0
flat,sbtl caladium,sector 109,1.9,6219.312602291326,3055.0,Super Built up area 3055(283.82 sq.m.),4,4,3,8.0,North-East,Relatively New,3055.0,,,0,1,0,0,0,0,151,763.75
house,independent,sector 10a,1.7,18888.88888888889,900.0,Plot area 900(83.61 sq.m.),2,1,2,2.0,East,Old Property,,900.0,,0,0,0,0,1,0,8,450.0
flat,ramprastha primera,sector 37d,1.2,13333.333333333334,900.0,Carpet area: 900 (83.61 sq.m.),3,3,3,5.0,North-East,Relatively New,,,900.0,0,0,1,0,0,0,50,300.0
flat,signature global synera,sector 81,0.5,6802.721088435374,735.0,Super Built up area 735(68.28 sq.m.)Built Up area: 700 sq.ft. (65.03 sq.m.)Carpet area: 635 sq.ft. (58.99 sq.m.),2,2,3,6.0,South,Relatively New,735.0,700.0,635.0,0,0,0,0,0,0,117,367.5
flat,chd avenue,sector 71,1.12,6215.316315205328,1802.0,Super Built up area 1802(167.41 sq.m.),3,4,3,0.0,South-East,Moderately Old,1802.0,,,0,1,0,0,0,0,65,600.6666666666666
flat,m3m golfestate,sector 65,5.0,16666.666666666668,3000.0,Super Built up area 3246(301.56 sq.m.)Built Up area: 3245 sq.ft. (301.47 sq.m.)Carpet area: 3000 sq.ft. (278.71 sq.m.),3,3,3,2.0,East,Relatively New,3246.0,3245.0,3000.0,0,1,0,0,0,1,174,1000.0
flat,m3m skywalk,sector 74,1.55,13790.035587188611,1124.0,Super Built up area 1406(130.62 sq.m.)Built Up area: 1300 sq.ft. (120.77 sq.m.)Carpet area: 1124 sq.ft. (104.42 sq.m.),2,2,3+,18.0,South,Relatively New,1406.0,1300.0,1124.0,0,0,0,0,1,0,137,562.0
house,international city by sobha phase 2,sector 109,9.5,26388.88888888889,3600.0,Plot area 400(334.45 sq.m.),7,6,3,3.0,West,Relatively New,,400.0,,1,1,0,1,0,0,138,514.2857142857143
flat,tulip violet,sector 69,1.75,8706.467661691542,2010.0,Super Built up area 2010(186.74 sq.m.),4,4,2,10.0,North-East,Relatively New,2010.0,,,0,0,0,0,0,1,109,502.5
house,bhawani enclave,sector 12,0.42,8235.29411764706,510.0,Plot area 565(52.49 sq.m.)Carpet area: 510 sq.ft. (47.38 sq.m.),3,3,0,2.0,East,New Property,,,510.0,0,0,0,1,0,0,0,170.0
flat,smart world orchard,sector 61,1.58,13739.130434782608,1150.0,Carpet area: 1150 (106.84 sq.m.),2,2,2,3.0,South,New Property,,,1150.0,1,0,0,0,0,0,15,575.0
house,independent,sector 4,0.85,7522.123893805309,1130.0,Built Up area: 1130 (104.98 sq.m.),3,3,0,1.0,,Undefined,,1130.0,,0,0,0,0,0,0,0,376.6666666666667
house,independent,sector 9,0.6,10752.68817204301,558.0,Plot area 62(51.84 sq.m.),2,2,1,1.0,North-East,Moderately Old,,62.0,,0,0,0,0,0,0,8,279.0
flat,imperia the esfera,sector 37c,0.99,5454.545454545455,1815.0,Super Built up area 1815(168.62 sq.m.)Built Up area: 1400 sq.ft. (130.06 sq.m.)Carpet area: 1270 sq.ft. (117.99 sq.m.),3,5,3+,5.0,North-West,Relatively New,1815.0,1400.0,1270.0,0,1,0,0,0,0,49,605.0
house,international city by sobha phase 1,sector 109,6.0,24691.35802469136,2430.0,Plot area 270(225.75 sq.m.),4,4,3+,2.0,North-East,Relatively New,,270.0,,1,1,1,1,0,0,160,607.5
house,ss hibiscus,sector 50,12.25,20940.17094017094,5850.0,Plot area 5850(543.48 sq.m.),5,7,3+,1.0,South-East,Relatively New,,5850.0,,1,1,0,1,1,1,160,1170.0
flat,signature global park,sohna road,0.55,6690.997566909976,822.0,Carpet area: 822 (76.37 sq.m.),2,2,3,3.0,East,Undefined,,,822.0,0,0,0,0,0,0,58,411.0
flat,paras dews,sector 106,0.87,9255.31914893617,940.0,Super Built up area 1385(128.67 sq.m.)Built Up area: 1120 sq.ft. (104.05 sq.m.)Carpet area: 940 sq.ft. (87.33 sq.m.),2,2,3+,1.0,North-East,New Property,1385.0,1120.0,940.0,0,0,0,0,0,0,174,470.0
flat,global hill view,sector 11,0.33,4269.08150064683,773.0,Built Up area: 761 (70.7 sq.m.),2,2,0,11.0,,Undefined,,761.0,,0,0,0,0,0,0,0,386.5
flat,greenopolis,sector 89,0.65,5195.843325339728,1251.0,Carpet area: 1251 (116.22 sq.m.),2,2,2,15.0,,Undefined,,,1251.0,0,0,0,0,0,0,37,625.5
flat,central park flower valley,sector 33,1.35,10384.615384615385,1300.0,Carpet area: 1300 (120.77 sq.m.),3,2,2,3.0,West,New Property,,,1300.0,0,0,0,0,0,0,87,433.3333333333333
house,independent,sector 5,3.5,15555.555555555555,2250.0,Plot area 2050(190.45 sq.m.)Built Up area: 2250 sq.ft. (209.03 sq.m.),6,5,2,3.0,North-East,Old Property,,2250.0,,1,1,0,1,1,2,155,375.0
flat,ashiana anmol,sohna road,0.9,7058.823529411765,1275.0,Built Up area: 1275 (118.45 sq.m.)Carpet area: 1039 sq.ft. (96.53 sq.m.),2,2,2,8.0,,Undefined,,1275.0,1039.0,0,0,0,0,0,0,0,637.5
flat,emaar gurgaon greens,sector 102,1.45,8787.878787878788,1650.0,Super Built up area 1650(153.29 sq.m.),3,3,3,7.0,North-East,Relatively New,1650.0,,,0,1,0,0,0,0,159,550.0
flat,shri banke bihari society,sector 56,1.37,9133.333333333334,1500.0,Super Built up area 1500(139.35 sq.m.)Built Up area: 1450 sq.ft. (134.71 sq.m.)Carpet area: 1400 sq.ft. (130.06 sq.m.),3,3,3+,2.0,North-East,Old Property,1500.0,1450.0,1400.0,0,0,0,0,1,0,174,500.0
flat,samadhan shri kamal cghs,sector 1,2.01,11426.947129050597,1759.0,Carpet area: 1760 (163.51 sq.m.),4,4,3+,10.0,,Moderately Old,,,1760.0,0,0,0,0,0,2,0,439.75
flat,dlf the crest,sector 54,11.0,35222.54242715338,3123.0,Super Built up area 3123(290.14 sq.m.),4,6,3,7.0,,Relatively New,3123.0,,,0,1,0,0,0,2,125,780.75
house,independent,sector 8,0.45,9000.0,500.0,Carpet area: 500 (46.45 sq.m.),1,1,1,3.0,East,Undefined,,,500.0,0,0,0,0,0,0,0,500.0
flat,tata primanti,sector 72,3.19,12152.380952380952,2625.0,Super Built up area 2625(243.87 sq.m.),4,5,3+,20.0,North,Relatively New,2625.0,,,0,1,0,0,0,1,159,656.25
flat,chd avenue,sector 71,0.95,7916.666666666667,1200.0,Built Up area: 1200 (111.48 sq.m.),2,2,0,5.0,South,Undefined,,1200.0,,0,0,0,0,0,0,0,600.0
flat,tata primanti,sector 72,3.5,11426.705843943846,3063.0,Built Up area: 2625 (243.87 sq.m.),4,5,3+,16.0,East,Relatively New,,2625.0,,0,1,0,0,1,0,31,765.75
flat,ashok vihar phase 2,sector 3 phase 2,0.28,4307.692307692308,650.0,Super Built up area 650(60.39 sq.m.)Carpet area: 550 sq.ft. (51.1 sq.m.),2,2,1,3.0,North,Relatively New,650.0,,550.0,0,0,0,0,0,0,64,325.0
flat,bestech altura,sector 79,2.69,12500.0,2152.0,Super Built up area 2150(199.74 sq.m.),3,4,3+,3.0,,New Property,2150.0,,,0,1,0,0,0,0,49,717.3333333333334
flat,godrej aria,sector 79,1.69,8522.440746343924,1983.0,Super Built up area 1983(184.23 sq.m.),3,3,2,7.0,South,Relatively New,1983.0,,,0,0,0,0,0,0,112,661.0
house,independent,sector 56,2.95,20233.196159122086,1458.0,Built Up area: 162 (135.45 sq.m.),2,2,0,1.0,North,Undefined,,162.0,,0,0,0,0,0,0,0,729.0
flat,raheja vedaanta,sector 108,1.0,4854.368932038835,2060.0,Built Up area: 2060 (191.38 sq.m.)Carpet area: 1890 sq.ft. (175.59 sq.m.),2,2,2,0.0,North,Undefined,,2060.0,1890.0,0,0,0,0,0,0,0,1030.0
flat,godrej icon,sector 88a,1.31,8101.422387136673,1617.0,Super Built up area 1617(150.22 sq.m.),2,2,3+,3.0,North-West,Relatively New,1617.0,,,1,0,0,0,0,0,102,808.5
flat,m3m woodshire,sector 107,0.9,6588.579795021962,1366.0,Super Built up area 1366(126.91 sq.m.),2,2,3+,4.0,,Relatively New,1366.0,,,0,0,0,0,0,0,21,683.0
flat,suncity vatsal valley,gwal pahari,1.28,9552.23880597015,1340.0,Carpet area: 1340 (124.49 sq.m.),3,3,3,1.0,North,Relatively New,,,1340.0,0,0,0,0,0,1,49,446.6666666666667
flat,m3m golfestate,sector 65,5.9,17543.859649122805,3363.0,Super Built up area 3363(312.43 sq.m.),3,3,3,9.0,,Moderately Old,3363.0,,,1,0,0,0,0,2,21,1121.0
flat,ireo victory valley,sector 67,3.65,13528.539659006672,2698.0,Super Built up area 2698(250.65 sq.m.)Built Up area: 2490 sq.ft. (231.33 sq.m.),3,4,3+,18.0,North,Relatively New,2698.0,2490.0,,0,1,0,1,0,1,61,899.3333333333334
flat,signature global solera,sector 107,0.28,5679.513184584179,493.0,Carpet area: 489 (45.43 sq.m.),2,2,2,6.0,West,Relatively New,,,489.0,0,0,0,0,0,0,45,246.5
house,nul,sector 25,15.0,23437.5,6400.0,Built Up area: 6400 (594.58 sq.m.),5,5,3,2.0,West,Moderately Old,,6400.0,,1,1,0,1,0,1,112,1280.0
flat,ardee city,sector 52,1.55,7380.952380952381,2100.0,Built Up area: 2100 (195.1 sq.m.)Carpet area: 1600 sq.ft. (148.64 sq.m.),4,4,3,1.0,,Moderately Old,,2100.0,1600.0,0,0,0,0,0,0,0,525.0
flat,smart world orchard,sector 61,2.3,14110.42944785276,1630.0,Super Built up area 1630(151.43 sq.m.),3,3,2,2.0,,Undefined,1630.0,,,1,0,0,0,0,0,79,543.3333333333334
flat,m3m capital,sector 113,2.87,12489.12097476066,2298.0,Carpet area: 2298 (213.49 sq.m.),4,4,3+,3.0,North-East,Under Construction,,,2298.0,0,1,0,0,0,0,65,574.5
flat,shapoorji pallonji joyville gurugram,sector 102,2.4,10544.815465729349,2276.0,Super Built up area 2162(200.86 sq.m.),4,4,3+,15.0,North-East,Relatively New,2162.0,,,0,0,0,0,0,0,108,569.0
flat,bestech park view grand spa,sector 81,2.35,8834.586466165414,2660.0,Super Built up area 2660(247.12 sq.m.)Carpet area: 2354 sq.ft. (218.69 sq.m.),3,4,3+,10.0,North-West,Relatively New,2660.0,,2354.0,0,1,0,0,0,0,109,886.6666666666666
house,eldeco mansionz,sector 48,5.15,18885.221855518885,2727.0,Plot area 303(253.35 sq.m.)Built Up area: 302 sq.yards (252.51 sq.m.)Carpet area: 300 sq.yards (250.84 sq.m.),5,7,3,2.0,East,Moderately Old,,302.0,300.0,0,1,0,1,0,1,145,545.4
flat,umang monsoon breeze,sector 78,0.95,5491.329479768786,1730.0,Built Up area: 1730 (160.72 sq.m.),3,3,2,9.0,East,Relatively New,,1730.0,,0,0,0,0,0,1,65,576.6666666666666
flat,m3m merlin,sector 67,3.4,14418.99915182358,2358.0,Super Built up area 2358(219.07 sq.m.),3,4,3,17.0,North,Relatively New,2358.0,,,0,1,0,0,0,1,174,786.0
flat,signature global solera,sector 107,0.5,4761.9047619047615,1050.0,Super Built up area 1050(97.55 sq.m.)Built Up area: 850 sq.ft. (78.97 sq.m.)Carpet area: 645 sq.ft. (59.92 sq.m.),3,2,2,5.0,South,Relatively New,1050.0,850.0,645.0,0,0,0,0,1,0,35,350.0
flat,signature global synera,sector 81,0.48,8450.704225352112,568.0,Super Built up area 657(61.04 sq.m.)Carpet area: 568 sq.ft. (52.77 sq.m.),2,2,1,7.0,South-East,Relatively New,657.0,,568.0,0,0,0,0,0,1,70,284.0
flat,indiabulls centrum park,sector 103,2.2,7652.173913043478,2875.0,Super Built up area 2875(267.1 sq.m.),4,6,3+,4.0,North-East,Relatively New,2875.0,,,0,1,0,0,0,1,108,718.75
flat,malibu towne,sector 47,2.4,10000.0,2400.0,Carpet area: 2400 (222.97 sq.m.),3,3,0,0.0,West,Moderately Old,,,2400.0,0,0,0,0,0,1,22,800.0
house,independent,sector 110,0.34,6800.0,500.0,Built Up area: 500 (46.45 sq.m.),1,1,0,1.0,,Undefined,,500.0,,0,0,0,0,0,0,0,500.0
house,independent,sector 13,0.62,3587.962962962963,1728.0,Built Up area: 192 (17.84 sq.m.),6,6,0,3.0,,Undefined,,192.0,,0,0,0,0,0,0,0,288.0
flat,orchid island,sector 51,1.7,10651.629072681704,1596.0,Carpet area: 1596 (148.27 sq.m.),3,4,3,2.0,West,Moderately Old,,,1596.0,0,0,1,1,0,0,90,532.0
flat,ireo the corridors,sector 67a,1.6,9264.620729588882,1727.0,Super Built up area 1727(160.44 sq.m.)Carpet area: 1017 sq.ft. (94.48 sq.m.),3,3,2,3.0,North,New Property,1727.0,,1017.0,0,0,1,0,0,1,142,575.6666666666666
flat,eldeco accolade,sohna road,0.95,6542.699724517906,1452.0,Super Built up area 1452(134.9 sq.m.)Carpet area: 849 sq.ft. (78.87 sq.m.),2,2,3+,6.0,East,New Property,1452.0,,849.0,1,0,0,0,0,1,56,726.0
house,independent,sector 43,8.49,31444.444444444445,2700.0,Plot area 300(250.84 sq.m.),3,3,2,4.0,North,Relatively New,,300.0,,0,1,0,1,0,1,21,900.0
flat,godrej,sector 79,1.93,8532.272325375774,2262.0,Super Built up area 2262(210.15 sq.m.),3,4,3+,5.0,East,Relatively New,2262.0,,,0,1,0,0,0,0,158,754.0
flat,vatika independent floors,sector 82,0.67,5826.086956521739,1150.0,Built Up area: 1150 (106.84 sq.m.),2,2,3,2.0,,Moderately Old,,1150.0,,0,0,0,0,0,0,53,575.0
house,independent,sector 26,8.9,32962.96296296296,2700.0,Plot area 300(250.84 sq.m.),4,4,3+,2.0,South-East,Old Property,,300.0,,1,1,1,1,0,0,82,675.0
flat,m3m heights,sector 65,3.29,17997.81181619256,1828.0,Super Built up area 1828(169.83 sq.m.),3,3,3,33.0,East,New Property,1828.0,,,0,0,0,0,0,0,49,609.3333333333334
flat,m3m crown,sector 111,4.67,17000.36403349108,2747.0,Carpet area: 2750 (255.48 sq.m.),4,4,3+,8.0,,Undefined,,,2750.0,0,0,0,0,0,0,73,686.75
flat,ss the leaf,sector 85,1.58,7714.84375,2048.0,Super Built up area 2408(223.71 sq.m.)Carpet area: 2048 sq.ft. (190.27 sq.m.),3,4,3,8.0,East,Relatively New,2408.0,,2048.0,0,1,0,0,0,0,159,682.6666666666666
flat,m3m sky lofts,sector 71,0.9,13177.159590043924,683.0,Built Up area: 683 (63.45 sq.m.),1,1,0,6.0,,New Property,,683.0,,0,0,0,0,0,0,77,683.0
flat,pioneer park,sector 61,2.1,11666.666666666666,1800.0,Super Built up area 1800(167.23 sq.m.)Carpet area: 1400 sq.ft. (130.06 sq.m.),3,3,3,15.0,South-East,Relatively New,1800.0,,1400.0,0,0,0,0,0,1,49,600.0
flat,godrej,sector 33,0.95,6859.205776173285,1385.0,Super Built up area 1385(128.67 sq.m.),2,2,3+,3.0,South-East,Under Construction,1385.0,,,0,0,0,0,0,0,0,692.5
flat,piedmont taksila heights,sector 37c,1.0,6506.180871828236,1537.0,Carpet area: 1537 (142.79 sq.m.),3,3,3+,8.0,,Relatively New,,,1537.0,0,0,0,0,0,1,49,512.3333333333334
house,independent,sector 69,0.8,10484.927916120576,763.0,Built Up area: 763 (70.89 sq.m.),1,1,0,1.0,,Undefined,,763.0,,0,0,0,0,0,0,0,763.0
flat,ambience creacions,sector 22,2.79,15000.0,1860.0,Super Built up area 1860(172.8 sq.m.)Carpet area: 1300 sq.ft. (120.77 sq.m.),3,3,3,13.0,East,New Property,1860.0,,1300.0,0,0,0,0,0,2,158,620.0
flat,kiran residency,sector 56,1.5,6648.936170212766,2256.0,Built Up area: 2250 (209.03 sq.m.),3,5,3+,4.0,South-East,Moderately Old,,2250.0,,1,0,0,1,0,1,134,752.0
flat,ansal harmony homes,sector 57,1.12,10666.666666666666,1050.0,Super Built up area 1050(97.55 sq.m.),2,2,1,0.0,,Old Property,1050.0,,,0,0,0,0,0,0,72,525.0
flat,sare homes,sector 92,1.19,5219.298245614035,2280.0,Carpet area: 2280 (211.82 sq.m.),4,3,3,14.0,North,Relatively New,,,2280.0,0,1,0,0,0,0,100,570.0
house,independent,sector 13,0.45,4807.692307692308,936.0,Built Up area: 936 (86.96 sq.m.),1,1,0,1.0,,Undefined,,936.0,,0,0,0,0,0,0,0,936.0
flat,m3m woodshire,sector 107,1.39,5887.335874629394,2361.0,Super Built up area 2361(219.34 sq.m.)Carpet area: 1780 sq.ft. (165.37 sq.m.),3,4,3+,6.0,East,Relatively New,2361.0,,1780.0,0,1,0,1,0,1,174,787.0
flat,microtek greenburg,sector 86,1.65,8707.12401055409,1895.0,Super Built up area 1895(176.05 sq.m.),3,4,3,8.0,North-West,Relatively New,1895.0,,,0,1,0,0,0,0,124,631.6666666666666
flat,trisara our homes 3,sohna road,0.38,6312.292358803987,602.0,Built Up area: 602 (55.93 sq.m.),2,2,2,1.0,,Undefined,,602.0,,0,0,0,0,0,0,0,301.0
flat,ats triumph,sector 104,2.78,8825.396825396825,3150.0,Super Built up area 3150(292.64 sq.m.),4,4,3+,11.0,South,Relatively New,3150.0,,,0,1,0,0,0,0,110,787.5
flat,godrej,sector 79,2.01,8495.350803043111,2366.0,Super Built up area 2366(219.81 sq.m.),3,4,3+,6.0,East,Relatively New,2366.0,,,0,1,0,0,0,0,158,788.6666666666666
flat,smart world orchard,sector 61,1.47,12782.608695652174,1150.0,Carpet area: 1150 (106.84 sq.m.),2,2,2,4.0,East,Undefined,,,1150.0,1,0,0,0,0,0,31,575.0
house,independent,sector 14,6.46,18888.88888888889,3420.0,Plot area 380(317.73 sq.m.)Built Up area: 380 sq.yards (317.73 sq.m.)Carpet area: 300 sq.yards (250.84 sq.m.),5,5,2,3.0,East,Moderately Old,,380.0,300.0,1,1,0,1,0,1,27,684.0
flat,breez global heights,sohna road,0.21,5329.94923857868,394.0,Carpet area: 394 (36.6 sq.m.),1,1,1,2.0,,Relatively New,,,394.0,0,0,0,0,0,0,21,394.0
flat,shree vardhman flora,sector 90,0.65,4814.814814814815,1350.0,Super Built up area 1350(125.42 sq.m.),2,2,3,10.0,North,Moderately Old,1350.0,,,1,0,0,0,0,1,83,675.0
flat,tulip violet,sector 69,1.68,10071.942446043166,1668.0,Super Built up area 1668(154.96 sq.m.),3,3,2,0.0,West,Relatively New,1668.0,,,0,0,0,0,0,0,157,556.0
flat,sare green parc 2,sector 92,0.61,4837.430610626487,1261.0,Super Built up area 1261(117.15 sq.m.),3,2,2,6.0,,Under Construction,1261.0,,,0,0,0,0,1,0,0,420.3333333333333
house,independent,sector 81,0.89,8127.853881278539,1095.0,Built Up area: 1095 (101.73 sq.m.),1,1,0,1.0,,Undefined,,1095.0,,0,0,0,0,0,0,0,1095.0
house,independent,sector 4,5.0,10101.0101010101,4950.0,Plot area 550(459.87 sq.m.),3,3,2,1.0,North-East,Old Property,,550.0,,0,0,0,0,0,0,22,1650.0
house,unitech south city,sector 50,5.88,27222.222222222223,2160.0,Plot area 240(200.67 sq.m.),3,9,3+,3.0,East,Relatively New,,240.0,,1,1,0,1,1,2,128,720.0
flat,ireo the corridors,sector 67a,1.85,9531.1695002576,1941.0,Built Up area: 1941 (180.32 sq.m.),3,4,3,4.0,East,New Property,,1941.0,,1,0,1,0,0,1,150,647.0
flat,ireo the corridors,sector 67a,1.7,9843.659525188188,1727.0,Super Built up area 1727(160.44 sq.m.)Carpet area: 1017 sq.ft. (94.48 sq.m.),3,3,2,10.0,North-East,New Property,1727.0,,1017.0,0,1,0,0,1,1,44,575.6666666666666
flat,mapsko mount ville,sector 79,1.85,9640.437727983324,1919.0,Super Built up area 1815(168.62 sq.m.),3,4,3,21.0,,New Property,1815.0,,,0,1,0,1,0,0,49,639.6666666666666
flat,smart world gems,sector 89,1.2,12526.096033402922,958.0,Carpet area: 958 (89 sq.m.),3,3,3,3.0,East,Undefined,,,958.0,0,0,1,1,0,0,131,319.3333333333333
flat,"ganpati apartment  2, laxman vihar phase 1",sector 4,0.45,4707.112970711297,956.0,Carpet area: 850 (78.97 sq.m.),2,2,1,0.0,East,Relatively New,,,850.0,0,0,0,0,0,0,46,478.0
house,independent,sector 2,3.0,19267.82273603083,1557.0,Plot area 173(144.65 sq.m.),6,4,3+,3.0,South,Old Property,,173.0,,0,0,0,0,0,1,28,259.5
flat,bestech park view residency,sector 2,1.01,7137.809187279152,1415.0,Super Built up area 1415(131.46 sq.m.),2,2,3,0.0,East,Moderately Old,1415.0,,,0,0,0,0,0,0,92,707.5
flat,tulip violet,sector 69,1.38,8972.691807542262,1538.0,Carpet area: 1538 (142.88 sq.m.),3,3,1,12.0,West,Relatively New,,,1538.0,0,0,0,0,0,0,174,512.6666666666666
flat,the center court,sector 88a,2.1,12173.91304347826,1725.0,Super Built up area 2175(202.06 sq.m.)Built Up area: 1745 sq.ft. (162.12 sq.m.)Carpet area: 1725 sq.ft. (160.26 sq.m.),4,4,3,0.0,East,New Property,2175.0,1745.0,1725.0,1,1,0,0,0,0,142,431.25
house,eldeco mansionz,sector 48,6.0,22222.222222222223,2700.0,Plot area 300(250.84 sq.m.),4,4,3+,2.0,East,Moderately Old,,300.0,,0,1,0,0,0,0,69,675.0
flat,indiabulls enigma,sector 110,3.4,10000.0,3400.0,Super Built up area 3400(315.87 sq.m.)Built Up area: 3000 sq.ft. (278.71 sq.m.)Carpet area: 2800 sq.ft. (260.13 sq.m.),4,5,3,10.0,South-West,Relatively New,3400.0,3000.0,2800.0,0,1,0,0,0,0,152,850.0
flat,m3m heights,sector 65,2.1,16653.449643140364,1261.0,Super Built up area 1261(117.15 sq.m.)Carpet area: 800 sq.ft. (74.32 sq.m.),2,2,3,8.0,,New Property,1261.0,,800.0,0,0,0,0,0,0,31,630.5
house,independent,sector 26,15.0,33200.531208499335,4518.0,Plot area 502(419.74 sq.m.),5,6,3+,3.0,North,Moderately Old,,502.0,,1,1,1,1,0,1,78,903.6
flat,emaar mgf the palm drive,sector 66,3.5,15909.09090909091,2200.0,Super Built up area 2200(204.39 sq.m.)Built Up area: 2125 sq.ft. (197.42 sq.m.)Carpet area: 2000 sq.ft. (185.81 sq.m.),3,3,3,7.0,North-East,Moderately Old,2200.0,2125.0,2000.0,0,1,1,0,0,1,149,733.3333333333334
flat,godrej nature plus,sector 33,1.35,8231.707317073171,1640.0,Super Built up area 1640(152.36 sq.m.),3,2,3+,7.0,North-East,Undefined,1640.0,,,0,0,0,1,0,0,49,546.6666666666666
flat,ild greens,sector 37c,0.75,5244.755244755244,1430.0,Built Up area: 1430 (132.85 sq.m.),2,2,3+,13.0,East,Undefined,,1430.0,,0,0,0,0,0,0,51,715.0
flat,godrej oasis,sector 88a,1.38,6679.574056147144,2066.0,Carpet area: 2066 (191.94 sq.m.),3,3,3+,7.0,North,Relatively New,,,2066.0,0,1,0,0,0,0,72,688.6666666666666
flat,vatika lifestyle homes,sector 83,1.25,6838.074398249453,1828.0,Super Built up area 1827.5(169.78 sq.m.),3,2,1,6.0,South-West,Relatively New,1827.5,,,1,1,1,1,0,2,174,609.3333333333334
flat,chd avenue,sector 71,1.1,6104.328523862375,1802.0,Super Built up area 1802(167.41 sq.m.),3,4,3,3.0,South,Moderately Old,1802.0,,,0,1,0,0,0,0,26,600.6666666666666
flat,smriti apartment,sector 56,0.6,10000.0,600.0,Super Built up area 600(55.74 sq.m.),1,1,1,2.0,,Moderately Old,600.0,,,0,0,0,0,0,0,49,600.0
flat,m3m golfestate,sector 65,5.5,16959.605303731114,3243.0,Super Built up area 3243(301.28 sq.m.)Built Up area: 2803 sq.ft. (260.41 sq.m.)Carpet area: 2388 sq.ft. (221.85 sq.m.),3,4,3,3.0,North-East,Relatively New,3243.0,2803.0,2388.0,0,1,0,0,0,0,49,1081.0
flat,signature global park,sohna road,0.65,7295.173961840628,891.0,Built Up area: 822 (76.37 sq.m.)Carpet area: 520 sq.ft. (48.31 sq.m.),2,2,3,1.0,,New Property,,822.0,520.0,0,0,0,0,0,0,58,445.5
flat,experion the heartsong,sector 108,1.6,7988.01797304044,2003.0,Super Built up area 2003(186.08 sq.m.)Built Up area: 1500.29 sq.ft. (139.38 sq.m.)Carpet area: 1140.98 sq.ft. (106 sq.m.),3,4,3+,3.0,South,Relatively New,2003.0,1500.29,1140.98,0,1,0,0,0,1,60,667.6666666666666
flat,bsf chs,gwal pahari,0.95,5937.5,1600.0,Carpet area: 1600 (148.64 sq.m.),3,3,3,13.0,,Old Property,,,1600.0,0,0,0,0,0,0,37,533.3333333333334
flat,experion the heartsong,sector 108,1.02,7950.116913484022,1283.0,Built Up area: 1283 (119.19 sq.m.)Carpet area: 734.43 sq.ft. (68.23 sq.m.),2,3,3,4.0,,Relatively New,,1283.0,734.43,1,0,0,0,0,0,112,641.5
house,ansal sushant lok plots,sector 43,11.5,17692.30769230769,6500.0,Plot area 3762(349.5 sq.m.)Built Up area: 9000 sq.ft. (836.13 sq.m.)Carpet area: 6500 sq.ft. (603.87 sq.m.),7,8,3+,3.0,,Old Property,,9000.0,6500.0,0,1,1,1,0,1,31,928.5714285714286
house,international city by sobha phase 1,sector 109,6.0,9633.911368015415,6228.0,Plot area 692(578.6 sq.m.),4,5,3,2.0,North-East,Moderately Old,,692.0,,0,0,0,0,0,0,76,1557.0
flat,chd avenue,sector 71,1.35,5744.68085106383,2350.0,Super Built up area 2350(218.32 sq.m.),4,4,3,8.0,North-West,Moderately Old,2350.0,,,0,1,0,0,0,0,26,587.5
flat,vatika gurgaon,sector 83,1.42,8875.0,1600.0,Super Built up area 2390(222.04 sq.m.)Built Up area: 2000 sq.ft. (185.81 sq.m.)Carpet area: 1600 sq.ft. (148.64 sq.m.),4,4,3,7.0,South-West,Relatively New,2390.0,2000.0,1600.0,1,1,0,0,0,0,103,400.0
flat,ild greens,sector 37c,0.78,5714.285714285715,1365.0,Super Built up area 1365(126.81 sq.m.)Built Up area: 1068.1 sq.ft. (99.23 sq.m.)Carpet area: 900 sq.ft. (83.61 sq.m.),2,2,3,1.0,North,Moderately Old,1365.0,1068.1,900.0,0,0,0,0,0,1,103,682.5
house,unitech nirvana birch court,sector 50,11.95,36882.71604938272,3240.0,Plot area 360(301.01 sq.m.),3,3,2,1.0,West,Moderately Old,,360.0,,1,1,0,0,0,0,101,1080.0
flat,green court,sector 90,0.45,7188.498402555911,626.0,Carpet area: 626 (58.16 sq.m.),2,2,1,2.0,,New Property,,,626.0,0,0,0,0,0,1,42,313.0
house,independent,sector 22,4.75,20067.596113223488,2367.0,Plot area 263(219.9 sq.m.)Built Up area: 261 sq.yards (218.23 sq.m.)Carpet area: 259 sq.yards (216.56 sq.m.),7,5,3+,3.0,South-West,Old Property,,261.0,259.0,0,0,0,1,1,1,49,338.14285714285717
flat,aipl zen residences,sector 70a,1.4,11093.50237717908,1262.0,Built Up area: 1262 (117.24 sq.m.)Carpet area: 800 sq.ft. (74.32 sq.m.),2,2,2,16.0,North-East,Undefined,,1262.0,800.0,0,0,0,0,0,0,0,631.0
house,independent,sector 24,3.25,30373.831775700935,1070.0,Plot area 1069.63(99.37 sq.m.),4,4,3,3.0,,Old Property,,1069.63,,0,0,0,0,0,0,15,267.5
house,independent,sector 7,1.75,11111.111111111111,1575.0,Plot area 1575(146.32 sq.m.),4,2,2,2.0,,Old Property,,1575.0,,0,0,0,0,1,0,31,393.75
flat,godrej nature plus,sector 33,1.65,8266.533066132264,1996.0,Carpet area: 1996 (185.43 sq.m.),3,3,3,2.0,,Undefined,,,1996.0,0,1,0,0,0,0,37,665.3333333333334
flat,.,gwal pahari,7.0,10999.371464487744,6364.0,Super Built up area 6000(557.42 sq.m.),4,4,3+,6.0,South-West,Relatively New,6000.0,,,0,1,0,0,0,0,52,1591.0
flat,spaze privy at,sector 84,1.2,7453.416149068323,1610.0,Super Built up area 1610(149.57 sq.m.),2,2,3,3.0,,Relatively New,1610.0,,,1,0,0,0,0,1,133,805.0
flat,residency grand,sector 52,5.0,9615.384615384615,5200.0,Built Up area: 5200 (483.1 sq.m.),5,5,3+,2.0,East,Undefined,,5200.0,,0,0,0,0,0,0,0,1040.0
flat,lotus homz,sector 111,0.6,8450.704225352112,710.0,Carpet area: 710 (65.96 sq.m.),2,2,3,9.0,East,New Property,,,710.0,0,0,0,0,0,0,52,355.0
flat,emaar gurgaon greens,sector 102,1.6,9696.969696969696,1650.0,Super Built up area 1650(153.29 sq.m.)Carpet area: 1022.58 sq.ft. (95 sq.m.),3,3,3,8.0,,Relatively New,1650.0,,1022.58,0,0,0,0,0,0,46,550.0
flat,signature andour heights,sector 71,0.37,7400.0,500.0,Super Built up area 500(46.45 sq.m.)Built Up area: 425 sq.ft. (39.48 sq.m.)Carpet area: 366.48 sq.ft. (34.05 sq.m.),1,1,2,2.0,North-East,Relatively New,500.0,425.0,366.48,0,0,0,0,0,1,37,500.0
house,independent,sector 39,0.34,7555.555555555556,450.0,Built Up area: 450 (41.81 sq.m.),1,1,1,1.0,,Undefined,,450.0,,0,0,0,0,0,0,0,450.0
flat,raisina residency,sector 59,5.0,13058.239749281796,3829.0,Carpet area: 3829 (355.73 sq.m.),4,4,3+,13.0,North-West,Relatively New,,,3829.0,1,1,1,1,0,1,174,957.25
house,malibu towne,sector 47,1.15,4646.464646464647,2475.0,Plot area 275(25.55 sq.m.),3,3,3,2.0,North-East,Old Property,,275.0,,0,0,0,0,0,1,33,825.0
flat,gls arawali homes,sohna road,0.28,4938.271604938272,567.0,Super Built up area 567(52.68 sq.m.)Built Up area: 500 sq.ft. (46.45 sq.m.)Carpet area: 467 sq.ft. (43.39 sq.m.),2,2,2,3.0,East,Relatively New,567.0,500.0,467.0,0,0,0,0,0,1,42,283.5
flat,the close north,sector 50,2.65,10685.483870967742,2480.0,Super Built up area 2480(230.4 sq.m.)Built Up area: 2470 sq.ft. (229.47 sq.m.)Carpet area: 2000 sq.ft. (185.81 sq.m.),3,4,3+,6.0,North,Moderately Old,2480.0,2470.0,2000.0,0,1,0,0,0,1,174,826.6666666666666
flat,experion windchants,sector 112,4.25,11294.180175391975,3763.0,Super Built up area 3763(349.59 sq.m.)Built Up area: 3000 sq.ft. (278.71 sq.m.)Carpet area: 2800 sq.ft. (260.13 sq.m.),3,5,2,15.0,South,Relatively New,3763.0,3000.0,2800.0,0,1,0,1,0,0,72,1254.3333333333333
flat,dlf the ultima,sector 81,2.25,10699.001426533523,2103.0,Super Built up area 2103(195.38 sq.m.)Built Up area: 1600 sq.ft. (148.64 sq.m.)Carpet area: 1257 sq.ft. (116.78 sq.m.),3,3,3+,11.0,North-East,Relatively New,2103.0,1600.0,1257.0,1,1,0,1,1,2,49,701.0
flat,aipl the peaceful homes,sector 70a,2.4,11162.790697674418,2150.0,Super Built up area 2150(199.74 sq.m.),3,3,3,11.0,South-West,Relatively New,2150.0,,,0,1,0,0,0,0,108,716.6666666666666
house,emaar mgf marbella,sector 66,18.0,40000.0,4500.0,Plot area 500(418.06 sq.m.),5,6,3+,3.0,North-East,Relatively New,,500.0,,1,1,1,1,0,2,153,900.0
flat,signature global solera,sector 107,0.49,8221.476510067114,596.0,Super Built up area 602(55.93 sq.m.)Built Up area: 598 sq.ft. (55.56 sq.m.),2,2,1,8.0,South-West,Relatively New,602.0,598.0,,0,0,0,0,1,2,49,298.0
flat,tulip purple,sector 69,2.6,10833.333333333334,2400.0,Super Built up area 2400(222.97 sq.m.),4,4,3+,4.0,,Moderately Old,2400.0,,,0,1,0,0,0,0,37,600.0
flat,emaar gurgaon greens,sector 102,1.55,9393.939393939394,1650.0,Super Built up area 1650(153.29 sq.m.)Carpet area: 1022.58 sq.ft. (95 sq.m.),3,4,3,7.0,North,Relatively New,1650.0,,1022.58,0,1,0,0,0,1,152,550.0
house,hero homes,sector 104,1.95,21195.652173913044,920.0,Plot area 920(85.47 sq.m.),3,5,3+,2.0,,Moderately Old,,920.0,,0,0,0,0,0,0,64,306.6666666666667
flat,tulip monsella,sector 53,5.6,19363.762102351313,2892.0,Super Built up area 2892(268.68 sq.m.),3,3,3+,1.0,,Undefined,2892.0,,,0,0,0,0,0,0,42,964.0
flat,ss the leaf,sector 85,1.3,7779.772591262717,1671.0,Super Built up area 1671(155.24 sq.m.)Carpet area: 1169 sq.ft. (108.6 sq.m.),2,2,3+,16.0,East,Relatively New,1671.0,,1169.0,0,0,1,0,0,0,148,835.5
flat,ansal heights 86,sector 86,0.78,5735.294117647059,1360.0,Super Built up area 1360(126.35 sq.m.),2,2,1,8.0,East,New Property,1360.0,,,0,0,0,0,0,0,67,680.0
flat,hero homes,sector 104,1.75,10361.160449970397,1689.0,Super Built up area 1689(156.91 sq.m.),3,3,3,2.0,,Undefined,1689.0,,,0,0,0,0,0,0,30,563.0
flat,la vida by tata housing,sector 113,1.85,11716.276124129196,1579.0,Super Built up area 1579(146.69 sq.m.),3,2,2,7.0,East,New Property,1579.0,,,0,0,0,0,0,0,13,526.3333333333334
house,unitech uniworld resorts,sector 33,11.75,23239.71518987342,5056.0,Plot area 502(419.74 sq.m.),5,7,3+,3.0,East,Relatively New,,502.0,,0,1,0,0,0,0,80,1011.2
flat,m3m merlin,sector 67,4.5,14267.596702599873,3154.0,Super Built up area 3154(293.02 sq.m.),4,4,3+,15.0,South-West,Relatively New,3154.0,,,0,1,0,0,0,1,158,788.5
flat,godrej aria,sector 79,1.3,9622.501850481125,1351.0,Super Built up area 1351(125.51 sq.m.),2,4,2,3.0,East,Relatively New,1351.0,,,0,0,0,0,0,0,53,675.5
flat,park royal apartment,sector 56,1.71,7600.0,2250.0,Built Up area: 2251 (209.12 sq.m.)Carpet area: 2250 sq.ft. (209.03 sq.m.),3,3,3+,5.0,North-East,Moderately Old,,2251.0,2250.0,0,1,0,0,0,1,118,750.0
house,independent,sector 7,2.25,16891.891891891893,1332.0,Built Up area: 148 (123.75 sq.m.),5,3,0,2.0,,Undefined,,148.0,,0,0,0,0,0,0,0,266.4
house,vipul tatvam villa,sector 48,8.5,26234.567901234568,3240.0,Plot area 360(301.01 sq.m.),4,4,2,,East,Moderately Old,,360.0,,0,1,1,1,0,0,88,810.0
flat,signature global park,sohna road,0.54,6330.597889800703,853.0,Carpet area: 845 (78.5 sq.m.),2,2,2,4.0,West,Relatively New,,,845.0,0,0,0,1,0,0,159,426.5
flat,raheja vedaanta,sector 108,0.7,4651.162790697675,1505.0,Built Up area: 1505 (139.82 sq.m.),2,2,2,12.0,South,Undefined,,1505.0,,0,0,0,0,0,0,0,752.5
flat,emaar palm gardens,sector 83,1.72,9052.631578947368,1900.0,Super Built up area 1900(176.52 sq.m.)Built Up area: 1600 sq.ft. (148.64 sq.m.)Carpet area: 1240.04 sq.ft. (115.2 sq.m.),3,3,3,4.0,South,Relatively New,1900.0,1600.0,1240.04,0,1,0,0,0,1,165,633.3333333333334
flat,vatika gurgaon,sector 83,0.87,6987.951807228916,1245.0,Super Built up area 1245(115.66 sq.m.),2,2,2,3.0,East,Moderately Old,1245.0,,,0,0,0,0,0,0,35,622.5
flat,m3m golfestate,sector 65,7.0,18181.81818181818,3850.0,Carpet area: 3850 (357.68 sq.m.),3,3,2,12.0,North,Moderately Old,,,3850.0,0,0,1,0,0,0,60,1283.3333333333333
flat,raheja revanta,sector 78,1.2,10016.69449081803,1198.0,Super Built up area 1197.8(111.28 sq.m.)Carpet area: 505 sq.ft. (46.92 sq.m.),1,2,2,32.0,,Under Construction,1197.8,,505.0,0,0,0,0,0,0,39,1198.0
flat,signature global park,sohna road,0.9,6254.343293954134,1439.0,Carpet area: 1439 (133.69 sq.m.),3,3,3,3.0,North-West,Relatively New,,,1439.0,0,0,0,1,0,0,96,479.6666666666667
flat,godrej nature plus,sector 33,1.2,12000.0,1000.0,Carpet area: 1000 (92.9 sq.m.),2,2,3+,3.0,North-East,Undefined,,,1000.0,0,0,0,0,0,0,105,500.0
flat,the close north,sector 50,2.5,11944.577161968466,2093.0,Super Built up area 2093(194.45 sq.m.),3,3,3,11.0,North-East,Relatively New,2093.0,,,0,0,0,1,0,1,127,697.6666666666666
flat,ss the leaf,sector 85,1.14,6433.408577878104,1772.0,Super Built up area 1772(164.62 sq.m.),2,2,3,16.0,South,Relatively New,1772.0,,,0,0,0,0,0,0,44,886.0
flat,shyam sadan,sector 3 phase 2,0.55,6470.588235294118,850.0,Carpet area: 700 (65.03 sq.m.),2,2,1,4.0,West,Relatively New,,,700.0,1,0,0,0,0,1,69,425.0
flat,central park flower valley,sohna road,1.2,6741.573033707865,1780.0,Built Up area: 1780 (165.37 sq.m.),3,3,0,11.0,,Undefined,,1780.0,,0,0,0,0,0,0,66,593.3333333333334
flat,suncity avenue,sector 102,0.47,8935.361216730038,526.0,Super Built up area 632(58.71 sq.m.)Carpet area: 532 sq.ft. (49.42 sq.m.),2,2,1,5.0,South-East,Relatively New,632.0,,532.0,0,0,1,0,0,0,142,263.0
flat,emaar mgf the palm drive,sector 66,3.0,15384.615384615385,1950.0,Super Built up area 1950(181.16 sq.m.)Built Up area: 1720 sq.ft. (159.79 sq.m.)Carpet area: 1620 sq.ft. (150.5 sq.m.),3,3,2,12.0,East,Relatively New,1950.0,1720.0,1620.0,0,1,0,0,0,0,96,650.0
flat,central park resorts,sector 48,11.25,28266.331658291456,3980.0,Carpet area: 3980 (369.75 sq.m.),4,5,3+,2.0,North-West,Relatively New,,,3980.0,0,1,0,1,0,0,45,995.0
flat,ats tourmaline,sector 109,1.72,8000.0,2150.0,Super Built up area 2150(199.74 sq.m.)Built Up area: 1797 sq.ft. (166.95 sq.m.),3,4,3+,7.0,South-West,Relatively New,2150.0,1797.0,,0,1,0,0,0,0,167,716.6666666666666
flat,corona optus,sector 37c,1.43,7185.929648241206,1990.0,Super Built up area 1990(184.88 sq.m.)Carpet area: 1700 sq.ft. (157.94 sq.m.),3,3,3+,2.0,North-West,Relatively New,1990.0,,1700.0,1,1,0,0,1,0,49,663.3333333333334
flat,breez global hill view,sohna road,0.35,5319.148936170212,658.0,Built Up area: 658 (61.13 sq.m.)Carpet area: 554.17 sq.ft. (51.48 sq.m.),2,2,2,18.0,,New Property,,658.0,554.17,0,0,0,0,0,0,15,329.0
flat,green homes,sector 52,1.85,7872.340425531915,2350.0,Super Built up area 2350(218.32 sq.m.),3,3,3,7.0,,Moderately Old,2350.0,,,0,1,0,0,0,0,28,783.3333333333334
flat,ramprastha primera,sector 37d,1.08,6000.0,1800.0,Super Built up area 1800(167.23 sq.m.)Built Up area: 1700 sq.ft. (157.94 sq.m.)Carpet area: 1600 sq.ft. (148.64 sq.m.),3,3,3,9.0,South,Relatively New,1800.0,1700.0,1600.0,0,0,0,0,0,0,158,600.0
flat,ireo uptown,sector 66,1.32,11438.474870017331,1154.0,Super Built up area 1158(107.58 sq.m.),2,2,2,6.0,,Relatively New,1158.0,,,0,0,0,0,0,0,45,577.0
house,independent,sector 48,8.4,25925.925925925927,3240.0,Plot area 360(301.01 sq.m.),4,4,3,2.0,,Old Property,,360.0,,0,1,0,1,0,1,15,810.0
flat,suncity heights,sector 54,3.85,16445.96326356258,2341.0,Super Built up area 2341(217.49 sq.m.),3,3,3+,8.0,,Old Property,2341.0,,,0,1,0,0,0,0,67,780.3333333333334
flat,tulip violet,sector 69,1.2,8888.888888888889,1350.0,Super Built up area 1350(125.42 sq.m.),2,3,1,0.0,North-West,Relatively New,1350.0,,,0,0,0,0,0,0,150,675.0
house,vipul tatvam villa,sector 48,7.65,19125.0,4000.0,Built Up area: 4000 (371.61 sq.m.),4,4,3,2.0,North-East,Moderately Old,,4000.0,,1,1,0,0,1,0,49,1000.0
flat,bptp terra,sector 37d,1.17,8297.872340425532,1410.0,Super Built up area 1410(130.99 sq.m.),2,2,2,0.0,North-East,Relatively New,1410.0,,,0,0,0,0,0,0,107,705.0
flat,la lagune,sector 54,6.75,21360.759493670885,3160.0,Super Built up area 3160(293.57 sq.m.)Built Up area: 2455 sq.ft. (228.08 sq.m.)Carpet area: 2240 sq.ft. (208.1 sq.m.),4,6,3+,11.0,East,Moderately Old,3160.0,2455.0,2240.0,0,1,0,0,0,1,119,790.0
flat,eldeco accolade,sohna road,1.35,6136.363636363636,2200.0,Carpet area: 2200 (204.39 sq.m.),3,3,3,2.0,,New Property,,,2200.0,0,1,0,0,0,0,72,733.3333333333334
house,independent,sector 108,1.34,5000.0,2680.0,Built Up area: 2680 (248.98 sq.m.),1,1,0,1.0,,Undefined,,2680.0,,0,0,0,0,0,0,0,2680.0
flat,smart world orchard,sector 61,1.57,13652.173913043478,1150.0,Built Up area: 1150 (106.84 sq.m.),2,2,2,3.0,,New Property,,1150.0,,1,0,0,0,1,0,71,575.0
flat,emaar mgf palm hills,sector 77,1.5,12744.26508071368,1177.0,Super Built up area 1450(134.71 sq.m.)Carpet area: 1177 sq.ft. (109.35 sq.m.),3,3,3,4.0,North-East,Relatively New,1450.0,,1177.0,0,0,0,0,0,1,97,392.3333333333333
flat,dlf the skycourt,sector 86,1.35,6998.444790046657,1929.0,Super Built up area 1929(179.21 sq.m.),3,3,1,9.0,North-West,Relatively New,1929.0,,,0,0,0,0,0,0,119,643.0
flat,ss the leaf,sector 85,1.12,6451.612903225807,1736.0,Super Built up area 1741(161.74 sq.m.)Built Up area: 1485 sq.ft. (137.96 sq.m.)Carpet area: 1335 sq.ft. (124.03 sq.m.),2,2,3,10.0,East,Relatively New,1741.0,1485.0,1335.0,0,0,0,0,1,0,49,868.0
flat,pyramid urban homes 2,sector 86,0.41,8282.828282828283,495.0,Carpet area: 501 (46.54 sq.m.),2,2,1,7.0,West,New Property,,,501.0,1,1,0,1,1,0,49,247.5
flat,signature global park,sohna road,0.53,6294.536817102137,842.0,Carpet area: 845 (78.5 sq.m.),2,2,2,1.0,East,Relatively New,,,845.0,0,0,0,1,0,0,168,421.0
flat,dlf regal gardens,sector 90,1.26,7636.363636363636,1650.0,Super Built up area 1744(162.02 sq.m.)Built Up area: 1650 sq.ft. (153.29 sq.m.),3,3,2,12.0,North,Relatively New,1744.0,1650.0,,0,0,0,0,1,0,8,550.0
flat,umang winter hills,sector 77,0.8,5961.251862891208,1342.0,Super Built up area 1342(124.68 sq.m.)Carpet area: 1000 sq.ft. (92.9 sq.m.),2,2,2,10.0,North,Relatively New,1342.0,,1000.0,0,0,0,0,0,1,49,671.0
flat,vatika gurgaon,sector 83,1.25,6313.131313131313,1980.0,Super Built up area 1980(183.95 sq.m.),3,3,2,2.0,West,Relatively New,1980.0,,,0,1,0,0,0,0,119,660.0
house,independent,sector 45,7.35,29696.969696969696,2475.0,Plot area 275(229.94 sq.m.),6,4,3+,3.0,North-East,Old Property,,275.0,,1,1,1,1,0,1,61,412.5
flat,shree vardhman victoria,sector 70,1.25,9259.25925925926,1350.0,Super Built up area 1350(125.42 sq.m.),2,2,3,3.0,East,Relatively New,1350.0,,,1,0,0,0,0,0,43,675.0
flat,m3m golfestate,sector 65,5.4,18126.888217522657,2979.0,Super Built up area 2979(276.76 sq.m.),3,4,3,19.0,North-East,Moderately Old,2979.0,,,1,1,0,0,0,1,174,993.0
flat,paras dews,sector 106,1.0,7220.216606498195,1385.0,Super Built up area 1385(128.67 sq.m.)Built Up area: 940 sq.ft. (87.33 sq.m.)Carpet area: 845 sq.ft. (78.5 sq.m.),2,2,3+,2.0,North-East,New Property,1385.0,940.0,845.0,0,0,0,0,0,1,21,692.5
flat,professors enclave cghs,sector 56,1.54,8324.324324324325,1850.0,Super Built up area 2000(185.81 sq.m.)Built Up area: 1920 sq.ft. (178.37 sq.m.)Carpet area: 1850 sq.ft. (171.87 sq.m.),3,3,2,6.0,South,Old Property,2000.0,1920.0,1850.0,0,1,0,1,0,1,104,616.6666666666666
flat,the arzoo cghs,sector 51,2.1,9130.434782608696,2300.0,Built Up area: 2300 (213.68 sq.m.),4,4,3,1.0,,Relatively New,,2300.0,,0,0,0,0,0,0,58,575.0
flat,m3m woodshire,sector 107,1.7,6141.618497109826,2768.0,Super Built up area 2768(257.16 sq.m.),4,5,3+,9.0,South,Relatively New,2768.0,,,0,1,0,0,0,0,79,692.0
flat,m3m heights,sector 65,1.9,13991.163475699559,1358.0,Built Up area: 1358 (126.16 sq.m.),2,2,2,40.0,,Undefined,,1358.0,,0,0,0,0,0,0,48,679.0
flat,dlf regal gardens,sector 90,1.25,7167.431192660551,1744.0,Super Built up area 1744(162.02 sq.m.),3,3,2,11.0,East,Relatively New,1744.0,,,0,0,0,0,1,0,14,581.3333333333334
flat,pyramid urban,sector 67a,0.62,11854.684512428299,523.0,Carpet area: 523 (48.59 sq.m.),2,2,2,2.0,South,Relatively New,,,523.0,0,0,0,0,0,0,64,261.5
flat,emaar mgf palm terraces select,sector 66,3.4,14107.883817427386,2410.0,Super Built up area 2410(223.9 sq.m.)Built Up area: 2210 sq.ft. (205.32 sq.m.)Carpet area: 2040 sq.ft. (189.52 sq.m.),4,4,3+,2.0,North-East,Relatively New,2410.0,2210.0,2040.0,0,1,0,0,0,1,157,602.5
flat,tulip monsella,sector 53,7.4,33198.74383131449,2229.0,Carpet area: 2229 (207.08 sq.m.),4,4,3,21.0,,Undefined,,,2229.0,0,0,0,0,0,0,35,557.25
flat,vipul belmonte,sector 53,6.0,24489.79591836735,2450.0,Super Built up area 2450(227.61 sq.m.),3,4,3+,6.0,North-West,Moderately Old,2450.0,,,0,1,0,0,1,1,26,816.6666666666666
flat,emaar emerald hills,sector 65,1.95,13928.57142857143,1400.0,Carpet area: 1400 (130.06 sq.m.),3,3,3+,1.0,North-East,New Property,,,1400.0,0,0,1,0,0,1,117,466.6666666666667
flat,godrej,sector 79,1.41,8998.085513720485,1567.0,Carpet area: 1572 (146.04 sq.m.),2,2,3,3.0,,New Property,,,1572.0,1,0,0,0,0,0,104,783.5
house,independent,sector 4,2.3,17011.834319526628,1352.0,Plot area 160(133.78 sq.m.),4,4,3,2.0,East,Old Property,,160.0,,0,0,0,0,0,1,15,338.0
flat,south city 1 floors,sector 41,3.4,11724.137931034482,2900.0,Built Up area: 2900 (269.42 sq.m.),4,4,3,0.0,,Undefined,,2900.0,,0,0,0,0,0,0,0,725.0
flat,pooja apartment,sector 3 phase 3 extension,0.25,3571.4285714285716,700.0,Carpet area: 700 (65.03 sq.m.),2,2,2,2.0,East,Relatively New,,,700.0,0,0,0,0,0,0,0,350.0
house,independent,sector 2,5.0,15384.615384615385,3250.0,Carpet area: 3250 (301.93 sq.m.),6,6,2,1.0,South,Undefined,,,3250.0,0,0,0,0,0,0,0,541.6666666666666
house,bptp visionnaire,sector 70a,5.35,8916.666666666666,6000.0,Built Up area: 6000 (557.42 sq.m.),4,4,3+,3.0,North,Relatively New,,6000.0,,1,1,1,1,0,1,160,1500.0
house,vipul tatvam villa,sector 48,5.75,22183.64197530864,2592.0,Plot area 288(240.8 sq.m.)Built Up area: 280 sq.yards (234.12 sq.m.)Carpet area: 250 sq.yards (209.03 sq.m.),4,4,2,2.0,West,Moderately Old,,280.0,250.0,0,1,0,0,0,0,30,648.0
flat,godrej habitat,sector 3,1.25,8656.509695290859,1444.0,Super Built up area 1444(134.15 sq.m.)Carpet area: 913 sq.ft. (84.82 sq.m.),2,2,3,14.0,,Undefined,1444.0,,913.0,0,0,0,0,0,0,36,722.0
flat,ireo the grand arch,sector 58,3.83,21577.464788732395,1775.0,Super Built up area 2164(201.04 sq.m.)Built Up area: 2000 sq.ft. (185.81 sq.m.)Carpet area: 1775 sq.ft. (164.9 sq.m.),3,4,2,10.0,North-East,Relatively New,2164.0,2000.0,1775.0,1,1,0,0,0,1,174,591.6666666666666
house,independent,sector 3,1.5,10288.0658436214,1458.0,Plot area 162(135.45 sq.m.)Built Up area: 210 sq.yards (175.59 sq.m.),3,3,0,,,Old Property,,210.0,,0,0,0,0,0,0,0,486.0
house,kothi,sector 17b,6.95,15444.444444444445,4500.0,Plot area 500(418.06 sq.m.)Built Up area: 3500 sq.yards (2926.45 sq.m.),4,4,3+,2.0,,Old Property,,3500.0,,1,1,1,1,0,0,33,1125.0
flat,dlf new town heights,sector 90,1.2,6217.616580310881,1930.0,Super Built up area 1930(179.3 sq.m.),3,3,3+,15.0,North,Relatively New,1930.0,,,0,0,0,0,0,0,37,643.3333333333334
flat,shapoorji pallonji joyville gurugram,sector 102,1.75,15514.18439716312,1128.0,Super Built up area 1852(172.06 sq.m.)Carpet area: 1128 sq.ft. (104.79 sq.m.),3,3,3+,1.0,East,Relatively New,1852.0,,1128.0,0,0,0,0,0,0,49,376.0
house,dlf city plots,sector 26,17.3,38737.124944021496,4466.0,Plot area 502(419.74 sq.m.),6,7,3+,3.0,North,New Property,,502.0,,1,1,1,1,0,1,124,744.3333333333334
flat,dlf new town heights,sector 90,1.21,6243.550051599587,1938.0,Super Built up area 1930(179.3 sq.m.)Built Up area: 1929 sq.ft. (179.21 sq.m.)Carpet area: 1928 sq.ft. (179.12 sq.m.),3,3,3+,7.0,West,Relatively New,1930.0,1929.0,1928.0,0,1,0,1,0,0,127,646.0
flat,kibithu villas,sector 48,3.45,12777.777777777777,2700.0,Carpet area: 2700 (250.84 sq.m.),4,4,3+,2.0,,Undefined,,,2700.0,0,0,0,0,0,0,0,675.0
flat,godrej oasis,sector 88a,1.45,8082.497212931996,1794.0,Carpet area: 1794 (166.67 sq.m.),3,3,3,12.0,,Relatively New,,,1794.0,0,0,0,0,0,0,49,598.0
flat,godrej oasis,sector 88a,1.15,9854.32733504713,1167.0,Carpet area: 108.4,2,2,1,12.0,,New Property,,,108.4,1,0,0,0,0,0,79,583.5
flat,birla navya,sector 63a,3.15,14630.747793776127,2153.0,Carpet area: 200,3,3,3,4.0,East,Undefined,,,200.0,0,0,0,0,1,0,44,717.6666666666666
flat,ireo the corridors,sector 67a,2.0,11428.57142857143,1750.0,Super Built up area 1750(162.58 sq.m.),3,3,3,12.0,,New Property,1750.0,,,1,0,0,0,0,0,38,583.3333333333334
flat,m3m urbana,sector 67,1.0,12106.537530266343,826.0,Built Up area: 826 (76.74 sq.m.),1,1,1,17.0,South,Relatively New,,826.0,,0,0,0,0,0,0,49,826.0
flat,ambience creacions,sector 22,3.99,12912.621359223302,3090.0,Super Built up area 3090(287.07 sq.m.),3,5,3+,3.0,,New Property,3090.0,,,0,1,0,0,0,2,102,1030.0
house,independent,sector 25,6.6,36666.666666666664,1800.0,Plot area 200(167.23 sq.m.),6,7,3+,2.0,East,Moderately Old,,200.0,,1,1,0,0,0,1,119,300.0
house,shri shyam residency,sector 104,0.62,12400.0,500.0,Plot area 500(46.45 sq.m.)Built Up area: 900 sq.ft. (83.61 sq.m.)Carpet area: 480 sq.ft. (44.59 sq.m.),3,3,1,2.0,,Moderately Old,,900.0,480.0,0,0,0,0,1,2,8,166.66666666666666
flat,suncity avenue 76,sector 76,0.55,7422.402159244264,741.0,Carpet area: 741 (68.84 sq.m.),2,2,2,9.0,North-East,Under Construction,,,741.0,0,0,0,0,0,0,26,370.5
flat,raheja vedaanta,sector 108,1.25,5681.818181818182,2200.0,Super Built up area 2200(204.39 sq.m.),3,2,0,0.0,,Relatively New,2200.0,,,0,0,0,0,0,1,65,733.3333333333334
flat,shree vardhman victoria,sector 70,1.62,8307.692307692309,1950.0,Super Built up area 1950(181.16 sq.m.)Carpet area: 1161 sq.ft. (107.86 sq.m.),3,5,3,9.0,North,Relatively New,1950.0,,1161.0,0,1,0,0,0,0,43,650.0
flat,tata gurgaon gateway,sector 113,1.75,10441.527446300715,1676.0,Super Built up area 1580(146.79 sq.m.),2,2,2,10.0,North,Relatively New,1580.0,,,1,0,0,0,0,0,104,838.0
house,vipul tatvam villa,sector 48,18.5,26428.571428571428,7000.0,Plot area 7000(650.32 sq.m.),4,4,1,1.0,,Moderately Old,,7000.0,,0,0,0,0,0,0,30,1750.0
flat,ramsons kshitij,sector 95,0.19,590.9797822706065,3215.0,Carpet area: 3212 (298.4 sq.m.),1,1,1,14.0,East,Relatively New,,,3212.0,0,0,0,0,0,0,49,3215.0
house,independent,sector 108,1.7,5666.666666666667,3000.0,Built Up area: 3000 (278.71 sq.m.)Carpet area: 2600 sq.ft. (241.55 sq.m.),4,4,3+,1.0,North-East,Undefined,,3000.0,2600.0,0,0,0,0,0,0,0,750.0
flat,shree balaji appartment,sector 33,0.4,5000.0,800.0,Super Built up area 800(74.32 sq.m.),2,2,2,1.0,,Relatively New,800.0,,,0,0,0,0,0,2,0,400.0
flat,spaze privy at,sector 84,1.24,6465.067778936392,1918.0,Super Built up area 1918(178.19 sq.m.)Built Up area: 1650 sq.ft. (153.29 sq.m.)Carpet area: 1550 sq.ft. (144 sq.m.),3,3,3,8.0,North-East,Relatively New,1918.0,1650.0,1550.0,1,0,0,0,0,1,158,639.3333333333334
house,international city by sobha phase 2,sector 109,6.25,11574.074074074075,5400.0,Plot area 600(501.68 sq.m.),4,4,3+,2.0,East,Relatively New,,600.0,,0,1,0,0,0,0,138,1350.0
flat,park view apartment,sector 56,1.74,7565.217391304348,2300.0,Super Built up area 2450(227.61 sq.m.)Built Up area: 2400 sq.ft. (222.97 sq.m.)Carpet area: 2300 sq.ft. (213.68 sq.m.),3,3,3+,2.0,South,Old Property,2450.0,2400.0,2300.0,0,1,0,1,0,1,104,766.6666666666666
house,huda floor,sector 38,4.0,22222.222222222223,1800.0,Plot area 1800(167.23 sq.m.)Built Up area: 4800 sq.ft. (445.93 sq.m.)Carpet area: 3800 sq.ft. (353.03 sq.m.),4,9,3+,2.0,East,Relatively New,,4800.0,3800.0,0,0,1,1,0,1,152,450.0
flat,emaar mgf emerald floors premier,sector 65,2.77,14025.316455696202,1975.0,Carpet area: 1975 (183.48 sq.m.),4,4,3+,3.0,North-East,Relatively New,,,1975.0,1,1,0,0,0,2,174,493.75
house,independent,sector 7,1.2,11194.029850746268,1072.0,Built Up area: 1072 (99.59 sq.m.),2,4,2,3.0,,Undefined,,1072.0,,0,0,0,0,0,0,0,536.0
house,independent,sector 82,7.0,21604.938271604937,3240.0,Plot area 360(301.01 sq.m.),4,4,3+,1.0,North-East,Relatively New,,360.0,,1,1,0,1,0,1,49,810.0
flat,shyam apartment,sector 3,0.26,3714.285714285714,700.0,Super Built up area 700(65.03 sq.m.)Carpet area: 530 sq.ft. (49.24 sq.m.),2,1,2,2.0,,Relatively New,700.0,,530.0,0,0,0,0,0,0,0,350.0
flat,signature global solera,sector 107,0.28,5833.333333333333,480.0,Carpet area: 489 (45.43 sq.m.),2,2,2,11.0,South,Relatively New,,,489.0,0,0,0,0,0,0,45,240.0
flat,ireo the corridors,sector 67a,2.0,11580.775911986104,1727.0,Super Built up area 1727(160.44 sq.m.)Carpet area: 1017 sq.ft. (94.48 sq.m.),3,3,2,6.0,,Under Construction,1727.0,,1017.0,0,0,0,0,1,0,15,575.6666666666666
flat,bptp terra,sector 37d,1.6,7302.60155180283,2191.0,Super Built up area 2191(203.55 sq.m.)Built Up area: 2000 sq.ft. (185.81 sq.m.)Carpet area: 1800 sq.ft. (167.23 sq.m.),4,3,3+,7.0,North,Relatively New,2191.0,2000.0,1800.0,0,0,0,0,1,1,139,547.75
flat,adani aangan arcade,sector 88a,0.45,7188.498402555911,626.0,Carpet area: 625.47 (58.11 sq.m.),2,2,1,8.0,,New Property,,,625.490229,0,0,0,0,0,0,14,313.0
flat,dlf park place,sector 54,5.75,24688.707599828253,2329.0,Super Built up area 2329(216.37 sq.m.)Built Up area: 1900 sq.ft. (176.52 sq.m.)Carpet area: 1700 sq.ft. (157.94 sq.m.),3,4,3,12.0,North-East,Relatively New,2329.0,1900.0,1700.0,0,1,0,0,0,2,174,776.3333333333334
flat,bestech park view spa next,sector 67,3.32,12599.620493358634,2635.0,Super Built up area 2635(244.8 sq.m.),4,5,3+,12.0,West,Moderately Old,2635.0,,,0,1,0,0,0,1,174,658.75
flat,rof ananda,sector 95,0.2,5602.240896358543,357.0,Carpet area: 366.08 (34.01 sq.m.),1,1,1,2.0,South-West,Relatively New,,,366.080239,0,0,0,1,0,0,53,357.0
flat,smart world gems,sector 89,1.1,9972.801450589302,1103.0,Carpet area: 1103 (102.47 sq.m.),2,2,2,3.0,,New Property,,,1103.0,0,0,1,0,0,0,77,551.5
flat,ansal heights 86,sector 86,1.05,5540.8970976253295,1895.0,Super Built up area 1895(176.05 sq.m.),3,3,3,9.0,North-East,Under Construction,1895.0,,,0,1,0,0,0,0,0,631.6666666666666
flat,tulip violet,sector 69,1.9,9452.73631840796,2010.0,Super Built up area 2010(186.74 sq.m.),4,4,2,0.0,South-West,Relatively New,2010.0,,,0,0,0,0,0,0,49,502.5
flat,ireo the grand arch,sector 58,4.0,18484.288354898337,2164.0,Super Built up area 2164(201.04 sq.m.),3,4,3,5.0,North-West,Old Property,2164.0,,,0,1,0,0,0,1,49,721.3333333333334
flat,sbtl caladium,sector 109,1.88,6153.846153846154,3055.0,Super Built up area 3055(283.82 sq.m.),4,5,3,10.0,North-East,Relatively New,3055.0,,,0,0,0,0,0,0,110,763.75
house,independent,sector 4,4.12,8888.888888888889,4635.0,Plot area 515(430.61 sq.m.),2,1,3+,,,Moderately Old,,515.0,,0,0,0,0,0,0,0,2317.5
flat,baani city center,sector 63,0.88,10945.273631840795,804.0,Built Up area: 804 (74.69 sq.m.)Carpet area: 600 sq.ft. (55.74 sq.m.),1,1,2,4.0,,Undefined,,804.0,600.0,0,0,0,0,0,0,0,804.0
flat,emaar mgf emerald floors premier,sector 65,2.85,14430.379746835442,1975.0,Carpet area: 1975 (183.48 sq.m.),4,4,3,3.0,North,Relatively New,,,1975.0,1,1,0,0,0,0,28,493.75
flat,dlf the ultima,sector 81,2.3,14375.0,1600.0,Super Built up area 2132(198.07 sq.m.)Carpet area: 1600 sq.ft. (148.64 sq.m.),3,4,3+,18.0,North-East,Relatively New,2132.0,,1600.0,0,1,0,0,0,2,174,533.3333333333334
flat,emaar mgf palm studios,sector 66,1.7,13502.779984114377,1259.0,Super Built up area 1185(110.09 sq.m.),2,2,2,7.0,,Relatively New,1185.0,,,0,0,0,0,1,0,99,629.5
flat,dlf the ultima,sector 81,2.25,10755.258126195029,2092.0,Super Built up area 2092(194.35 sq.m.)Built Up area: 2090 sq.ft. (194.17 sq.m.)Carpet area: 2087 sq.ft. (193.89 sq.m.),3,4,3+,11.0,West,Relatively New,2092.0,2090.0,2087.0,0,1,0,0,0,2,174,697.3333333333334
house,independent,sector 39,1.8,21871.20291616039,823.0,Plot area 900(83.61 sq.m.)Built Up area: 800 sq.ft. (74.32 sq.m.)Carpet area: 720 sq.ft. (66.89 sq.m.),1,1,2,3.0,North-East,Relatively New,,800.0,720.0,0,0,0,0,0,0,0,823.0
flat,ansal heights 86,sector 86,1.25,7396.449704142012,1690.0,Super Built up area 1690(157.01 sq.m.),3,2,1,11.0,,New Property,1690.0,,,0,0,0,0,0,0,45,563.3333333333334
flat,silverglades the melia,sohna road,0.78,5777.777777777777,1350.0,Super Built up area 1350(125.42 sq.m.),2,2,3,9.0,,Under Construction,1350.0,,,1,0,0,0,0,0,72,675.0
house,independent,sector 36,0.66,7166.123778501628,921.0,Built Up area: 823 (76.46 sq.m.),2,2,3,4.0,,New Property,,823.0,,0,0,0,0,0,0,0,460.5
house,signature global city 63a,sector 63,1.5,6289.308176100629,2385.0,Built Up area: 2385 (221.57 sq.m.),3,3,2,1.0,,New Property,,2385.0,,0,0,0,0,0,0,0,795.0
flat,vipul lavanya,sector 81,0.64,5263.1578947368425,1216.0,Carpet area: 1225 (113.81 sq.m.),2,2,3,12.0,East,Relatively New,,,1225.0,0,0,0,0,0,1,93,608.0
flat,rof aalayas,sector 102,0.45,6000.0,750.0,Built Up area: 750 (69.68 sq.m.),1,1,2,6.0,,Undefined,,750.0,,0,0,0,0,0,0,0,750.0
flat,dlf the ultima,sector 81,2.3,10994.263862332697,2092.0,Super Built up area 2092(194.35 sq.m.),3,4,3+,6.0,East,New Property,2092.0,,,0,1,0,0,0,2,167,697.3333333333334
flat,signature global park,sohna road,0.91,6288.8735314443675,1447.0,Carpet area: 1439 (133.69 sq.m.),3,3,3,1.0,West,Relatively New,,,1439.0,0,0,0,1,0,0,165,482.3333333333333
flat,cghs rail vihar,sector 15,1.4,10769.23076923077,1300.0,Carpet area: 1300 (120.77 sq.m.),4,3,3,3.0,East,Old Property,,,1300.0,0,0,0,0,0,1,81,325.0
flat,pivotal devaan,sector 84,0.37,6346.483704974271,583.0,Super Built up area 583(54.16 sq.m.)Carpet area: 483 sq.ft. (44.87 sq.m.),2,2,1,5.0,North-West,Relatively New,583.0,,483.0,0,0,0,0,0,0,73,291.5
flat,shree vardhman flora,sector 90,0.92,4906.666666666667,1875.0,Super Built up area 1875(174.19 sq.m.)Carpet area: 1161 sq.ft. (107.86 sq.m.),3,4,3,4.0,North-East,Relatively New,1875.0,,1161.0,0,1,0,0,0,0,116,625.0
flat,bptp terra,sector 37d,1.78,8124.144226380648,2191.0,Super Built up area 2191(203.55 sq.m.),4,3,3,10.0,East,Relatively New,2191.0,,,0,1,0,0,0,0,127,547.75
flat,emaar gurgaon greens,sector 102,1.4,8484.848484848484,1650.0,Super Built up area 1650(153.29 sq.m.)Carpet area: 1200 sq.ft. (111.48 sq.m.),3,3,3,9.0,South-West,Relatively New,1650.0,,1200.0,0,1,0,0,0,0,49,550.0
flat,signature global park,sohna road,0.65,5637.467476149176,1153.0,Super Built up area 1153(107.12 sq.m.),2,2,2,2.0,North-West,Relatively New,1153.0,,,0,0,0,1,0,0,118,576.5
flat,the close south,sector 50,3.1,12444.80128462465,2491.0,Super Built up area 2491(231.42 sq.m.)Built Up area: 2450 sq.ft. (227.61 sq.m.)Carpet area: 2250 sq.ft. (209.03 sq.m.),3,4,3+,4.0,North-East,Moderately Old,2491.0,2450.0,2250.0,0,1,0,0,0,1,165,830.3333333333334
flat,supertech hues,sector 68,1.0,8474.57627118644,1180.0,Carpet area: 1180 (109.63 sq.m.),2,2,3,23.0,,New Property,,,1180.0,0,0,0,0,0,0,49,590.0
flat,vatika the seven lamps,sector 82,0.94,6568.832983927324,1431.0,Super Built up area 1435(133.32 sq.m.),2,2,2,12.0,East,Relatively New,1435.0,,,1,0,0,0,0,1,103,715.5
flat,tarc maceo,sector 91,1.75,11118.170266836087,1574.0,Super Built up area 2724(253.07 sq.m.)Carpet area: 1573.59 sq.ft. (146.19 sq.m.),4,3,3+,8.0,South,Relatively New,2724.0,,1573.59,1,1,1,1,0,0,128,393.5
house,housing board colony,sector 28,5.5,30555.555555555555,1800.0,Plot area 200(167.23 sq.m.),4,3,3,2.0,North,Old Property,,200.0,,0,0,0,1,1,1,22,450.0
flat,tulip violet,sector 69,1.7,8625.063419583968,1971.0,Super Built up area 1970(183.02 sq.m.),4,4,1,12.0,North-West,Relatively New,1970.0,,,0,0,0,0,0,0,88,492.75
flat,tulip violet,sector 69,1.55,9639.303482587065,1608.0,Super Built up area 1608(149.39 sq.m.),3,3,2,2.0,East,Relatively New,1608.0,,,0,0,0,1,0,1,86,536.0
flat,indiabulls centrum park,sector 103,1.15,7765.023632680622,1481.0,Super Built up area 1481(137.59 sq.m.)Built Up area: 1250 sq.ft. (116.13 sq.m.),2,2,3,8.0,North-East,Relatively New,1481.0,1250.0,,1,0,0,0,0,1,135,740.5
flat,indiabulls centrum park,sector 103,1.01,8080.0,1250.0,Super Built up area 1423(132.2 sq.m.)Carpet area: 1250 sq.ft. (116.13 sq.m.),2,2,3,5.0,West,Relatively New,1423.0,,1250.0,0,0,1,0,0,1,165,625.0
flat,dlf the ultima,sector 81,2.28,10841.654778887303,2103.0,Super Built up area 2103(195.38 sq.m.)Built Up area: 1750 sq.ft. (162.58 sq.m.)Carpet area: 1257 sq.ft. (116.78 sq.m.),3,3,3+,14.0,East,Relatively New,2103.0,1750.0,1257.0,0,1,0,0,0,2,49,701.0
house,nirvana country,sector 50,10.0,14285.714285714286,7000.0,Built Up area: 7000 (650.32 sq.m.),5,7,2,4.0,East,Moderately Old,,7000.0,,0,1,0,0,0,2,0,1400.0
flat,shree vardhman flora,sector 90,0.75,5769.2307692307695,1300.0,Carpet area: 1300 (120.77 sq.m.),2,2,3,8.0,North-East,Undefined,,,1300.0,0,0,0,0,0,0,60,650.0
flat,aipl the peaceful homes,sector 70a,2.8,11914.893617021276,2350.0,Super Built up area 2350(218.32 sq.m.)Carpet area: 1322 sq.ft. (122.82 sq.m.),3,4,3,22.0,North-East,Relatively New,2350.0,,1322.0,0,1,0,0,0,0,49,783.3333333333334
house,independent,sector 17b,8.5,18813.634351482957,4518.0,Plot area 502(419.74 sq.m.)Built Up area: 500 sq.yards (418.06 sq.m.)Carpet area: 400 sq.yards (334.45 sq.m.),4,4,2,2.0,West,Old Property,,500.0,400.0,1,1,0,1,0,1,21,1129.5
house,independent,sector 12,1.4,8701.05655686762,1609.0,Plot area 166(138.8 sq.m.),2,2,1,2.0,North-East,Old Property,,166.0,,0,0,0,0,0,0,0,804.5
flat,gls arawali homes,sohna road,0.28,5982.9059829059825,468.0,Carpet area: 468 (43.48 sq.m.),2,2,2,3.0,,Relatively New,,,468.0,0,0,0,0,0,0,42,234.0
flat,sare crescent parc,sector 92,1.0,5128.205128205128,1950.0,Carpet area: 1950 (181.16 sq.m.),4,3,2,1.0,East,Relatively New,,,1950.0,0,0,0,0,0,0,49,487.5
flat,alpha corp gurgaonone,sector 84,1.5,7641.365257259297,1963.0,Super Built up area 1963(182.37 sq.m.)Carpet area: 1700 sq.ft. (157.94 sq.m.),3,3,3,20.0,North-West,Relatively New,1963.0,,1700.0,0,1,0,0,0,1,37,654.3333333333334
flat,hcbs sports ville,sohna road,0.28,3768.5060565275908,743.0,Built Up area: 743 (69.03 sq.m.)Carpet area: 643 sq.ft. (59.74 sq.m.),2,2,1,11.0,East,Relatively New,,743.0,643.0,0,0,0,0,0,0,38,371.5
flat,shree vardhman flora,sector 90,0.85,4404.145077720207,1930.0,Super Built up area 1930(179.3 sq.m.)Carpet area: 1450 sq.ft. (134.71 sq.m.),3,4,3,3.0,South-East,Relatively New,1930.0,,1450.0,0,1,1,0,0,0,110,643.3333333333334
house,sector 15 part 2 rwa,sector 15,10.0,22222.222222222223,4500.0,Plot area 502(419.74 sq.m.),5,5,2,2.0,East,Old Property,,502.0,,0,0,0,0,0,0,49,900.0
house,international city by sobha phase 1,sector 109,6.0,24691.35802469136,2430.0,Plot area 270(225.75 sq.m.),4,5,3+,2.0,North,Relatively New,,270.0,,0,1,0,0,0,1,96,607.5
flat,bestech park view ananda,sector 81,1.15,6927.710843373494,1660.0,Super Built up area 1660(154.22 sq.m.)Carpet area: 1082 sq.ft. (100.52 sq.m.),3,2,3+,12.0,East,Relatively New,1660.0,,1082.0,0,0,0,0,0,0,101,553.3333333333334
flat,smart world orchard,sector 61,2.45,15796.26047711154,1551.0,Super Built up area 1549(143.91 sq.m.)Carpet area: 939.37 sq.ft. (87.27 sq.m.),3,3,3,3.0,,New Property,1549.0,,939.37,1,1,0,0,0,0,119,517.0
flat,dlf new town heights,sector 91,1.75,7402.707275803723,2364.0,Super Built up area 2364(219.62 sq.m.),4,4,3+,9.0,South,Relatively New,2364.0,,,0,1,0,1,0,0,88,591.0
flat,tulip violet,sector 69,1.38,8966.861598440546,1539.0,Super Built up area 1538(142.88 sq.m.),3,3,1,12.0,West,Relatively New,1538.0,,,0,0,0,1,0,0,86,513.0
house,ardee city,sector 52,2.25,16071.42857142857,1400.0,Plot area 2160(200.67 sq.m.)Built Up area: 1800 sq.ft. (167.23 sq.m.)Carpet area: 1400 sq.ft. (130.06 sq.m.),3,3,3,4.0,South-East,New Property,,1800.0,1400.0,0,1,0,0,0,1,22,466.6666666666667
flat,ansal heights 86,sector 86,1.25,7396.449704142012,1690.0,Super Built up area 1690(157.01 sq.m.),3,2,1,2.0,,New Property,1690.0,,,0,0,0,0,0,0,100,563.3333333333334
flat,indiabulls enigma,sector 110,3.45,10147.058823529413,3400.0,Super Built up area 3400(315.87 sq.m.),4,4,3,9.0,North,Moderately Old,3400.0,,,0,1,0,0,0,1,125,850.0
flat,ss the leaf,sector 85,2.0,8305.647840531561,2408.0,Super Built up area 2408(223.71 sq.m.)Built Up area: 2300 sq.ft. (213.68 sq.m.)Carpet area: 2200 sq.ft. (204.39 sq.m.),3,4,3,6.0,North,Relatively New,2408.0,2300.0,2200.0,0,1,0,0,0,0,49,802.6666666666666
flat,sare crescent parc royal greens phase 1,sector 92,1.0,3713.3308577794282,2693.0,Super Built up area 2020(187.66 sq.m.),4,4,3,15.0,,New Property,2020.0,,,0,0,0,0,0,0,31,673.25
flat,ats marigold,sector 89,1.5,8571.42857142857,1750.0,Carpet area: 1750 (162.58 sq.m.),3,3,3,2.0,,New Property,,,1750.0,0,0,0,0,1,0,49,583.3333333333334
flat,signature global solera,sector 107,0.5,7751.937984496124,645.0,Carpet area: 645 (59.92 sq.m.),3,2,2,6.0,North-East,Relatively New,,,645.0,0,0,0,0,1,0,49,215.0
flat,godrej summit,sector 104,1.1,8668.242710795903,1269.0,Super Built up area 1269(117.89 sq.m.),2,2,3,16.0,East,Under Construction,1269.0,,,0,0,0,0,1,0,88,634.5
flat,ss the coralwood,sector 84,1.01,5771.428571428572,1750.0,Super Built up area 1750(162.58 sq.m.)Built Up area: 1475 sq.ft. (137.03 sq.m.)Carpet area: 1350 sq.ft. (125.42 sq.m.),3,3,2,18.0,North-West,Relatively New,1750.0,1475.0,1350.0,0,0,0,0,0,0,40,583.3333333333334
flat,ashiana mulberry,sohna road,0.9,6143.344709897611,1465.0,Super Built up area 1465(136.1 sq.m.)Built Up area: 1100 sq.ft. (102.19 sq.m.)Carpet area: 1000 sq.ft. (92.9 sq.m.),2,2,3+,7.0,North-East,Moderately Old,1465.0,1100.0,1000.0,1,0,0,0,0,1,156,732.5
flat,apna enclave,sector 3,0.55,5789.473684210527,950.0,Super Built up area 950(88.26 sq.m.)Built Up area: 900 sq.ft. (83.61 sq.m.)Carpet area: 744 sq.ft. (69.12 sq.m.),2,2,2,2.0,North-East,Old Property,950.0,900.0,744.0,0,0,0,0,0,0,66,475.0
flat,ramprastha the edge towers,sector 37d,0.98,5536.723163841808,1770.0,Super Built up area 1770(164.44 sq.m.)Built Up area: 1675 sq.ft. (155.61 sq.m.)Carpet area: 1400 sq.ft. (130.06 sq.m.),3,3,3+,5.0,North-East,Relatively New,1770.0,1675.0,1400.0,0,0,0,1,0,0,174,590.0
flat,antriksh heights,sector 84,0.79,4579.710144927536,1725.0,Super Built up area 1725(160.26 sq.m.),3,3,3+,8.0,West,New Property,1725.0,,,0,0,0,0,0,0,24,575.0
flat,tata gurgaon gateway,sector 113,6.0,9139.37547600914,6565.0,Carpet area: 6565 (609.91 sq.m.),5,6,3+,24.0,North,Moderately Old,,,6565.0,0,0,0,0,0,0,117,1313.0
house,independent,sector 25,4.35,32222.222222222223,1350.0,Plot area 150(125.42 sq.m.),5,4,3,3.0,North,Old Property,,150.0,,0,1,0,0,0,0,49,270.0
flat,imperia the esfera,sector 37c,0.99,5454.545454545455,1815.0,Super Built up area 1815(168.62 sq.m.)Carpet area: 1510 sq.ft. (140.28 sq.m.),3,4,3,9.0,North-East,Relatively New,1815.0,,1510.0,0,1,0,0,0,0,49,605.0
house,spaze privy,sector 72,3.09,6981.473113420696,4426.0,Built Up area: 3653 (339.37 sq.m.)Carpet area: 2922 sq.ft. (271.46 sq.m.),5,5,3+,14.0,East,Relatively New,,3653.0,2922.0,0,1,0,0,0,1,33,885.2
house,nul,sector 25,6.25,34722.22222222222,1800.0,Plot area 200(167.23 sq.m.),5,5,3,2.0,East,Moderately Old,,200.0,,0,1,0,1,0,1,112,360.0
flat,signature global solera,sector 107,0.35,6493.506493506494,539.0,Carpet area: 547 (50.82 sq.m.),2,2,2,8.0,North-West,Relatively New,,,547.0,0,0,0,0,0,0,45,269.5
flat,bestech park view grand spa,sector 81,2.22,8345.864661654135,2660.0,Super Built up area 2660(247.12 sq.m.),3,4,3+,15.0,South-East,Relatively New,2660.0,,,0,1,0,0,0,1,174,886.6666666666666
flat,brisk lumbini terrace homes,sector 109,1.5,6616.674018526687,2267.0,Carpet area: 2267 (210.61 sq.m.),3,3,1,4.0,North,New Property,,,2267.0,0,1,0,0,0,0,37,755.6666666666666
flat,godrej oasis,sector 88a,1.5,8108.108108108108,1850.0,Carpet area: 1850 (171.87 sq.m.),3,3,2,3.0,,Relatively New,,,1850.0,0,0,0,0,0,0,47,616.6666666666666
flat,tulip violet,sector 69,1.65,8870.967741935483,1860.0,Built Up area: 1578 (146.6 sq.m.),3,3,2,1.0,,Relatively New,,1578.0,,0,0,0,0,0,1,69,620.0
house,independent,sector 31,4.6,32258.064516129034,1426.0,Built Up area: 1426 (132.48 sq.m.)Carpet area: 1069 sq.ft. (99.31 sq.m.),2,2,2,2.0,East,Undefined,,1426.0,1069.0,0,0,0,0,0,0,0,713.0
house,signature global city,sector 37d,1.27,8089.171974522293,1570.0,Plot area 1570(145.86 sq.m.),3,3,3,4.0,East,Undefined,,1570.0,,0,0,0,1,0,0,89,523.3333333333334
flat,ss the coralwood,sector 84,1.1,5820.10582010582,1890.0,Super Built up area 1890(175.59 sq.m.),3,3,3+,12.0,East,Moderately Old,1890.0,,,0,0,0,0,0,1,104,630.0
house,independent,sector 7,2.0,13888.888888888889,1440.0,Plot area 160(133.78 sq.m.),2,2,2,2.0,North-West,Old Property,,160.0,,0,0,0,0,0,0,22,720.0
flat,birla navya,sector 63a,3.5,25925.925925925927,1350.0,Carpet area: 1350 (125.42 sq.m.),3,3,3,1.0,,Under Construction,,,1350.0,0,0,0,0,0,0,38,450.0
house,independent,sector 2,5.7,22637.013502779984,2518.0,Plot area 270(225.75 sq.m.),9,9,3+,3.0,North-East,Moderately Old,,270.0,,0,0,0,1,0,1,0,279.77777777777777
flat,paras dews,sector 106,1.35,7297.2972972972975,1850.0,Super Built up area 2355(218.79 sq.m.)Built Up area: 2100 sq.ft. (195.1 sq.m.)Carpet area: 1850 sq.ft. (171.87 sq.m.),4,4,3+,18.0,North-East,Relatively New,2355.0,2100.0,1850.0,0,1,0,1,0,1,174,462.5
house,independent,sector 57,7.25,26851.85185185185,2700.0,Plot area 300(250.84 sq.m.),9,9,3+,2.0,North-East,New Property,,300.0,,0,1,0,1,1,1,49,300.0
house,huda flats,sector 7,2.3,17037.037037037036,1350.0,Plot area 150(125.42 sq.m.),5,3,3+,3.0,North-East,Old Property,,150.0,,1,1,0,1,0,0,27,270.0
flat,tulip violet,sector 69,1.4,8838.38383838384,1584.0,Super Built up area 1578(146.6 sq.m.),3,3,2,1.0,North-East,Relatively New,1578.0,,,0,0,0,0,0,0,95,528.0
flat,cghs vidya enclave,sector 56,1.7,10967.741935483871,1550.0,Super Built up area 1600(148.64 sq.m.)Carpet area: 1550 sq.ft. (144 sq.m.),3,2,3,6.0,,Old Property,1600.0,,1550.0,0,0,1,0,0,0,101,516.6666666666666
house,independent,sector 4,0.67,9795.321637426901,684.0,Plot area 76(7.06 sq.m.),3,3,2,2.0,South,Relatively New,,76.0,,0,0,0,0,1,0,7,228.0
flat,shree vardhman victoria,sector 70,1.63,8358.97435897436,1950.0,Super Built up area 1950(181.16 sq.m.)Carpet area: 1161 sq.ft. (107.86 sq.m.),3,3,3,5.0,East,New Property,1950.0,,1161.0,0,1,0,0,1,0,49,650.0
flat,signature global park 4,sector 36,0.82,7585.568917668825,1081.0,Carpet area: 1081 (100.43 sq.m.),3,2,3,2.0,,New Property,,,1081.0,0,0,0,0,0,0,24,360.3333333333333
flat,signature global the millennia,sector 37d,0.55,9166.666666666666,600.0,Super Built up area 850(78.97 sq.m.)Built Up area: 610 sq.ft. (56.67 sq.m.)Carpet area: 600 sq.ft. (55.74 sq.m.),2,2,3,3.0,,New Property,850.0,610.0,600.0,0,0,0,0,0,0,71,300.0
house,independent,sector 14,4.6,20444.444444444445,2250.0,Built Up area: 2250 (209.03 sq.m.),1,1,0,1.0,,Undefined,,2250.0,,0,0,0,0,0,0,0,2250.0
house,independent,sector 28,0.7,8101.851851851852,864.0,Plot area 864(80.27 sq.m.),2,2,0,2.0,North,Old Property,,864.0,,0,0,0,0,0,0,7,432.0
house,vipul tatvam villa,sector 48,8.5,26234.567901234568,3240.0,Plot area 360(301.01 sq.m.),4,6,3,3.0,North,Old Property,,360.0,,0,1,0,1,1,0,49,810.0
house,independent,sector 23,5.65,17706.048260733314,3191.0,Plot area 342(285.96 sq.m.)Built Up area: 5000 sq.yards (4180.64 sq.m.)Carpet area: 4000 sq.yards (3344.51 sq.m.),7,7,3+,2.0,West,Moderately Old,,5000.0,4000.0,0,1,0,1,0,0,68,455.85714285714283
flat,antriksh heights,sector 84,0.73,6083.333333333333,1200.0,Super Built up area 1200(111.48 sq.m.)Carpet area: 870 sq.ft. (80.83 sq.m.),2,2,3+,4.0,North-West,Relatively New,1200.0,,870.0,1,0,1,1,0,0,158,600.0
flat,m3m the marina,sector 68,1.02,8095.238095238095,1260.0,Super Built up area 1260(117.06 sq.m.)Built Up area: 1250 sq.ft. (116.13 sq.m.)Carpet area: 800 sq.ft. (74.32 sq.m.),2,2,2,11.0,North-East,Relatively New,1260.0,1250.0,800.0,0,0,0,0,1,1,49,630.0
flat,smart world orchard,sector 61,2.24,14460.9425435765,1549.0,Super Built up area 1549(143.91 sq.m.),3,3,2,3.0,,New Property,1549.0,,,0,0,0,0,1,0,61,516.3333333333334
flat,sare crescent parc royal greens phase 1,sector 92,0.79,6086.286594761171,1298.0,Super Built up area 1298(120.59 sq.m.),3,2,2,15.0,,New Property,1298.0,,,0,0,0,0,0,0,25,432.6666666666667
flat,central park flower valley aqua front towers,sector 33,1.7,9449.694274597,1799.0,Super Built up area 1799(167.13 sq.m.)Carpet area: 1590 sq.ft. (147.72 sq.m.),3,3,3+,5.0,East,New Property,1799.0,,1590.0,0,0,0,0,0,1,44,599.6666666666666
flat,m3m golfestate,sector 65,5.9,17481.48148148148,3375.0,Super Built up area 3363(312.43 sq.m.),3,3,3,18.0,North,Relatively New,3363.0,,,1,1,0,0,0,0,76,1125.0
house,unitech uniworld resorts,sector 33,8.0,17777.777777777777,4500.0,Built Up area: 500 (418.06 sq.m.),6,5,3+,4.0,,Undefined,,500.0,,0,0,0,0,0,0,0,750.0
house,independent,sector 12,3.5,14786.64976763836,2367.0,Plot area 263(24.43 sq.m.)Built Up area: 4800 sq.ft. (445.93 sq.m.)Carpet area: 4400 sq.ft. (408.77 sq.m.),8,8,3+,3.0,South-East,Relatively New,,4800.0,4400.0,1,1,0,1,0,2,77,295.875
house,independent,sector 9,0.6,10752.68817204301,558.0,Plot area 62(51.84 sq.m.),3,3,1,2.0,,Relatively New,,62.0,,0,0,0,0,0,0,0,186.0
flat,godrej air,sector 85,1.83,10005.467468562056,1829.0,Carpet area: 1829 (169.92 sq.m.),3,3,3+,18.0,,Undefined,,,1829.0,0,0,0,0,0,0,110,609.6666666666666
house,independent,sector 23,2.4,12000.0,2000.0,Plot area 2000(185.81 sq.m.),3,3,2,2.0,North-East,Moderately Old,,2000.0,,0,0,1,1,0,0,28,666.6666666666666
house,independent,sector 55,5.6,20740.74074074074,2700.0,Plot area 300(250.84 sq.m.),6,4,3,3.0,East,Old Property,,300.0,,0,1,0,0,0,1,41,450.0
flat,central park flower valley,sector 33,2.15,13522.012578616352,1590.0,Super Built up area 1590(147.72 sq.m.),3,3,3+,1.0,,New Property,1590.0,,,0,0,0,0,0,0,31,530.0
flat,dlf trinity towers,sector 43,3.8,15510.204081632653,2450.0,Built Up area: 2450 (227.61 sq.m.),3,3,3+,1.0,South-East,Moderately Old,,2450.0,,0,1,0,1,0,1,68,816.6666666666666
flat,m3m skywalk,sector 74,1.48,12333.333333333334,1200.0,Super Built up area 1400(130.06 sq.m.)Built Up area: 1300 sq.ft. (120.77 sq.m.)Carpet area: 1200 sq.ft. (111.48 sq.m.),2,2,3,13.0,North-East,Relatively New,1400.0,1300.0,1200.0,0,0,1,0,0,0,158,600.0
flat,bestech park view sanskruti,sector 92,1.83,7870.967741935484,2325.0,Super Built up area 2325(216 sq.m.),4,3,3,8.0,East,New Property,2325.0,,,0,1,0,0,0,0,128,581.25
flat,m3m woodshire,sector 107,1.65,5960.982658959538,2768.0,Super Built up area 2768(257.16 sq.m.),4,5,3+,12.0,North-West,Relatively New,2768.0,,,0,1,0,0,0,0,21,692.0
flat,shree vardhman victoria,sector 70,1.8,9230.76923076923,1950.0,Super Built up area 1950(181.16 sq.m.),3,3,3+,10.0,North-East,New Property,1950.0,,,0,0,0,0,1,1,49,650.0
flat,pivotal devaan,sector 84,0.41,7032.590051457976,583.0,Super Built up area 583(54.16 sq.m.)Built Up area: 565 sq.ft. (52.49 sq.m.)Carpet area: 483 sq.ft. (44.87 sq.m.),2,2,2,10.0,East,New Property,583.0,565.0,483.0,0,0,0,0,0,1,23,291.5
flat,imperia elvedor,sector 37c,0.55,8221.225710014947,669.0,Built Up area: 669 (62.15 sq.m.),1,1,0,5.0,,Undefined,,669.0,,0,0,0,0,0,0,0,669.0
house,international city by sobha phase 1,sector 109,6.15,27333.333333333332,2250.0,Plot area 270(225.75 sq.m.)Built Up area: 270 sq.yards (225.75 sq.m.)Carpet area: 250 sq.yards (209.03 sq.m.),5,5,3+,3.0,West,Relatively New,,270.0,250.0,0,1,1,1,0,1,130,450.0
flat,godrej,sector 79,2.0,8474.57627118644,2360.0,Super Built up area 2366(219.81 sq.m.)Built Up area: 1963 sq.ft. (182.37 sq.m.)Carpet area: 1629 sq.ft. (151.34 sq.m.),3,4,3+,9.0,East,Relatively New,2366.0,1963.0,1629.0,0,1,0,0,0,0,108,786.6666666666666
flat,antriksh green,sector 45,2.25,7826.086956521739,2875.0,Carpet area: 2875 (267.1 sq.m.),4,4,2,9.0,North,Old Property,,,2875.0,0,1,0,0,0,2,23,718.75
flat,signature global solera,sector 107,0.38,6333.333333333333,600.0,Super Built up area 650(60.39 sq.m.)Carpet area: 600 sq.ft. (55.74 sq.m.),2,2,2,3.0,East,Relatively New,650.0,,600.0,0,0,0,0,0,2,23,300.0
flat,la vida by tata housing,sector 113,1.5,11755.485893416928,1276.0,Super Built up area 1276(118.54 sq.m.),2,2,2,13.0,,New Property,1276.0,,,0,0,0,0,0,0,60,638.0
flat,vatika the seven lamps,sector 82,0.94,6532.314107018763,1439.0,Super Built up area 1435(133.32 sq.m.),2,2,3+,9.0,North,Relatively New,1435.0,,,1,0,0,0,0,1,117,719.5
flat,paras dews,sector 106,1.32,5605.095541401274,2355.0,Super Built up area 2355(218.79 sq.m.)Built Up area: 1535 sq.ft. (142.61 sq.m.)Carpet area: 1403 sq.ft. (130.34 sq.m.),4,5,3+,11.0,South-West,Relatively New,2355.0,1535.0,1403.0,0,1,0,0,0,0,49,588.75
house,experion windchants,sector 112,7.99,12519.586336571607,6382.0,Built Up area: 6382 (592.91 sq.m.),4,6,3,2.0,South-East,New Property,,6382.0,,0,1,1,1,0,1,129,1595.5
flat,prime habitat,sector 99a,0.26,4744.525547445255,548.0,Carpet area: 550 (51.1 sq.m.),2,2,1,6.0,North-East,Relatively New,,,550.0,0,0,0,0,1,0,79,274.0
flat,essel towers,sector 14,2.2,12500.0,1760.0,Carpet area: 1760 (163.51 sq.m.),3,4,3+,3.0,North-West,Undefined,,,1760.0,0,0,0,0,0,0,0,586.6666666666666
flat,cghs hewo apartments,sector 31,1.25,11574.074074074075,1080.0,Carpet area: 1080 (100.34 sq.m.),2,2,2,2.0,,Old Property,,,1080.0,0,0,0,0,0,0,28,540.0
flat,smart world orchard,sector 61,1.7,15178.57142857143,1120.0,Carpet area: 1120 (104.05 sq.m.),2,2,2,4.0,East,Under Construction,,,1120.0,1,0,0,0,0,0,127,560.0
house,saksham welfare association,sector 22,4.7,19847.972972972973,2368.0,Plot area 220Built Up area: 170 sq.m.Carpet area: 160 sq.m.,6,6,3+,2.0,West,Old Property,,170.0,160.0,0,0,1,1,0,1,106,394.6666666666667
flat,pivotal riddhi siddhi,sector 99,0.72,946.994607391819,7603.0,Carpet area: 706,2,2,2,12.0,,Relatively New,,,706.0,0,0,1,0,0,0,31,3801.5
flat,apex our homes,sector 37c,0.33,3567.5675675675675,925.0,Super Built up area 925(85.94 sq.m.)Built Up area: 850 sq.ft. (78.97 sq.m.)Carpet area: 800 sq.ft. (74.32 sq.m.),2,2,1,3.0,West,Relatively New,925.0,850.0,800.0,0,0,0,0,0,1,158,462.5
flat,m3m soulitude,sector 89,1.14,8000.0,1425.0,Carpet area: 1423 (132.2 sq.m.),3,3,2,2.0,East,Undefined,,,1423.0,1,0,0,0,0,0,77,475.0
house,independent,sector 2,2.95,15989.159891598916,1845.0,Plot area 205(171.41 sq.m.),4,4,3+,2.0,North-West,Old Property,,205.0,,0,0,0,0,0,0,27,461.25
flat,raheja vedaanta,sector 108,0.8,4079.55124936257,1961.0,Super Built up area 1838(170.76 sq.m.),3,3,3,9.0,North-East,Relatively New,1838.0,,,0,0,0,1,0,0,174,653.6666666666666
flat,tulip violet,sector 69,2.0,9950.248756218905,2010.0,Super Built up area 2010(186.74 sq.m.),4,4,2,0.0,West,Relatively New,2010.0,,,0,0,0,0,0,0,95,502.5
flat,umang winter hills,sector 77,0.86,6408.345752608047,1342.0,Super Built up area 1342(124.68 sq.m.),2,2,2,16.0,,New Property,1342.0,,,0,0,0,0,0,1,79,671.0
house,indiabulls centrum park,sector 103,3.25,8125.0,4000.0,Plot area 4000(371.61 sq.m.),4,3,3+,20.0,,Undefined,,4000.0,,0,0,0,0,0,0,51,1000.0
flat,paras dews,sector 106,0.88,6353.790613718412,1385.0,Super Built up area 1385(128.67 sq.m.)Built Up area: 1120 sq.ft. (104.05 sq.m.)Carpet area: 1040 sq.ft. (96.62 sq.m.),2,2,3+,3.0,South-East,Relatively New,1385.0,1120.0,1040.0,0,0,0,0,0,0,49,692.5
flat,sare petioles,sector 92,1.22,5249.569707401033,2324.0,Built Up area: 2093 (194.45 sq.m.),4,3,3,9.0,,Under Construction,,2093.0,,0,1,0,0,0,0,99,581.0
flat,ss the leaf,sector 85,1.25,10888.501742160279,1148.0,Super Built up area 1741(161.74 sq.m.)Carpet area: 1148 sq.ft. (106.65 sq.m.),2,2,3+,17.0,East,Relatively New,1741.0,,1148.0,0,0,1,0,0,0,156,574.0
flat,emaar mgf the palm drive,sector 66,3.4,15454.545454545454,2200.0,Super Built up area 2200(204.39 sq.m.),3,4,3,9.0,East,Relatively New,2200.0,,,0,1,1,0,0,1,96,733.3333333333334
flat,m3m golfestate,sector 65,5.3,24211.968935587025,2189.0,Super Built up area 2850(264.77 sq.m.)Carpet area: 2189 sq.ft. (203.36 sq.m.),3,3,3,38.0,North-East,Moderately Old,2850.0,,2189.0,0,1,0,0,0,2,49,729.6666666666666
house,independent,sector 12,1.7,8000.0,2125.0,Built Up area: 2000 (185.81 sq.m.),5,5,3,3.0,,Moderately Old,,2000.0,,0,0,0,1,1,0,9,425.0
flat,m3m merlin,sector 67,2.8,13678.553981436247,2047.0,Super Built up area 2047(190.17 sq.m.)Carpet area: 1880 sq.ft. (174.66 sq.m.),3,3,3,5.0,North-East,Moderately Old,2047.0,,1880.0,0,1,0,0,0,2,26,682.3333333333334
flat,emaar mgf palm hills,sector 77,1.08,5400.0,2000.0,Super Built up area 2000(185.81 sq.m.),3,4,3+,5.0,South-West,Relatively New,2000.0,,,1,1,0,0,1,1,167,666.6666666666666
flat,godrej frontier,sector 80,1.4,6189.21308576481,2262.0,Super Built up area 2262(210.15 sq.m.)Built Up area: 1922 sq.ft. (178.56 sq.m.)Carpet area: 1634 sq.ft. (151.8 sq.m.),3,4,2,6.0,South,Moderately Old,2262.0,1922.0,1634.0,0,1,0,1,0,0,111,754.0
flat,mahindra aura,sector 110,2.25,9266.886326194399,2428.0,Super Built up area 2428(225.57 sq.m.)Built Up area: 2350 sq.ft. (218.32 sq.m.)Carpet area: 2050 sq.ft. (190.45 sq.m.),4,4,3+,2.0,South-West,Relatively New,2428.0,2350.0,2050.0,0,1,0,0,0,0,152,607.0
flat,pareena coban residences,sector 99a,1.6,8000.0,2000.0,Super Built up area 2000(185.81 sq.m.),3,3,3,6.0,,Under Construction,2000.0,,,0,0,0,0,0,0,0,666.6666666666666
house,independent,sector 26,17.0,37627.268702965914,4518.0,Plot area 502(419.74 sq.m.),5,5,3+,2.0,North-East,Relatively New,,502.0,,1,1,1,1,0,1,124,903.6
flat,vatika independent floors,sector 82,1.16,6987.951807228916,1660.0,Carpet area: 1660 (154.22 sq.m.),3,3,3+,1.0,South-East,Relatively New,,,1660.0,0,1,1,1,0,1,151,553.3333333333334
flat,parsvnath exotica,sector 53,4.8,16580.310880829016,2895.0,Super Built up area 2895(268.95 sq.m.)Built Up area: 2500 sq.ft. (232.26 sq.m.)Carpet area: 2200 sq.ft. (204.39 sq.m.),3,4,3+,8.0,North-East,Relatively New,2895.0,2500.0,2200.0,0,1,0,1,1,1,174,965.0
flat,breez global heights,sohna road,0.39,4105.263157894737,950.0,Super Built up area 950(88.26 sq.m.)Built Up area: 720 sq.ft. (66.89 sq.m.)Carpet area: 610 sq.ft. (56.67 sq.m.),2,2,2,3.0,,Relatively New,950.0,720.0,610.0,0,0,0,0,0,0,0,475.0
flat,ss the leaf,sector 85,2.2,5641.025641025641,3900.0,Super Built up area 3950(366.97 sq.m.)Built Up area: 3920 sq.ft. (364.18 sq.m.)Carpet area: 3900 sq.ft. (362.32 sq.m.),4,6,3,10.0,North-West,Relatively New,3950.0,3920.0,3900.0,0,1,0,0,0,0,174,975.0
flat,godrej nature plus,sector 33,1.75,8767.53507014028,1996.0,Built Up area: 1996 (185.43 sq.m.),3,3,0,2.0,,Undefined,,1996.0,,0,0,0,0,0,0,56,665.3333333333334
flat,antriksh heights,sector 84,0.9,4931.506849315068,1825.0,Super Built up area 1825(169.55 sq.m.),3,3,3,11.0,South,Relatively New,1825.0,,,0,0,0,0,0,0,87,608.3333333333334
flat,ats tourmaline,sector 109,2.1,8123.791102514507,2585.0,Super Built up area 2585(240.15 sq.m.)Built Up area: 2100 sq.ft. (195.1 sq.m.),3,4,3+,11.0,South-East,Relatively New,2585.0,2100.0,,0,1,0,0,0,1,165,861.6666666666666
flat,puri emerald bay,sector 104,2.23,9911.111111111111,2250.0,Super Built up area 2450(227.61 sq.m.)Carpet area: 2250 sq.ft. (209.03 sq.m.),3,4,3+,10.0,East,Relatively New,2450.0,,2250.0,0,1,0,0,0,1,159,750.0
flat,ireo victory valley,sector 67,3.15,12846.655791190864,2452.0,Super Built up area 2452(227.8 sq.m.),3,4,3+,15.0,South,Relatively New,2452.0,,,0,1,0,1,0,1,149,817.3333333333334
flat,the close north,sector 50,2.7,9981.515711645101,2705.0,Super Built up area 2605(242.01 sq.m.),3,3,3+,3.0,South,Moderately Old,2605.0,,,0,1,0,0,0,0,117,901.6666666666666
flat,breez global heights,sohna road,0.25,7002.801120448179,357.0,Super Built up area 414(38.46 sq.m.)Carpet area: 357 sq.ft. (33.17 sq.m.),1,1,1,1.0,,Relatively New,414.0,,357.0,0,0,0,0,0,0,57,357.0
flat,godrej air,sector 85,1.35,13636.363636363636,990.0,Carpet area: 92,2,2,3,19.0,,Undefined,,,92.0,0,0,0,0,0,0,44,495.0
flat,umang winter hills,sector 77,0.75,5588.673621460507,1342.0,Super Built up area 1342(124.68 sq.m.)Built Up area: 1180 sq.ft. (109.63 sq.m.)Carpet area: 1050 sq.ft. (97.55 sq.m.),2,2,2,7.0,North-East,Relatively New,1342.0,1180.0,1050.0,0,0,0,0,0,1,174,671.0
flat,guru gram haryana cghs,sector 56,1.39,8424.242424242424,1650.0,Super Built up area 1850(171.87 sq.m.)Built Up area: 1750 sq.ft. (162.58 sq.m.)Carpet area: 1650 sq.ft. (153.29 sq.m.),3,2,3,6.0,South,Old Property,1850.0,1750.0,1650.0,0,1,0,1,0,1,89,550.0
flat,dlf park place,sector 54,4.86,25920.0,1875.0,Super Built up area 1875(174.19 sq.m.),3,4,3+,7.0,West,Relatively New,1875.0,,,0,1,0,0,0,1,49,625.0
flat,ss the leaf,sector 85,1.85,7682.724252491695,2408.0,Super Built up area 2408(223.71 sq.m.),3,4,3,2.0,North,Relatively New,2408.0,,,1,1,0,0,0,1,49,802.6666666666666
flat,dlf the arbour,sector 63,7.9,20000.0,3950.0,Built Up area: 3950 (366.97 sq.m.)Carpet area: 2900 sq.ft. (269.42 sq.m.),4,4,3+,34.0,,Undefined,,3950.0,2900.0,0,0,0,0,0,0,61,987.5
flat,parsvnath green ville,sector 48,1.6,8376.96335078534,1910.0,Super Built up area 1910(177.44 sq.m.)Built Up area: 1895 sq.ft. (176.05 sq.m.)Carpet area: 1800 sq.ft. (167.23 sq.m.),3,3,3+,8.0,North,Old Property,1910.0,1895.0,1800.0,0,0,0,0,1,1,49,636.6666666666666
flat,experion the heartsong,sector 108,1.36,6541.606541606541,2079.0,Super Built up area 1758(163.32 sq.m.)Carpet area: 986 sq.ft. (91.6 sq.m.),3,2,3+,2.0,,Relatively New,1758.0,,986.0,1,1,0,0,0,1,77,693.0
flat,mapsko mount ville,sector 79,1.28,8556.14973262032,1496.0,Super Built up area 1490(138.43 sq.m.)Carpet area: 1063.91 sq.ft. (98.84 sq.m.),3,3,3,16.0,South,Relatively New,1490.0,,1063.91,1,0,0,0,0,1,128,498.6666666666667
flat,ireo uptown,sector 66,1.85,12567.934782608696,1472.0,Super Built up area 1472(136.75 sq.m.)Built Up area: 1470 sq.ft. (136.57 sq.m.)Carpet area: 1251 sq.ft. (116.22 sq.m.),2,3,3,16.0,South-East,Relatively New,1472.0,1470.0,1251.0,0,1,0,0,1,1,79,736.0
flat,m3m golf hills,sector 79,1.45,10211.267605633802,1420.0,Carpet area: 1420 (131.92 sq.m.),2,2,3,15.0,,Undefined,,,1420.0,0,0,0,0,0,0,67,710.0
flat,vatika iris floors,sector 82,0.63,5590.062111801242,1127.0,Super Built up area 1134(105.35 sq.m.),2,2,3+,2.0,East,Relatively New,1134.0,,,1,0,0,0,0,0,110,563.5
flat,bestech park view ananda,sector 81,1.45,8734.939759036144,1660.0,Super Built up area 1660(154.22 sq.m.)Carpet area: 1082 sq.ft. (100.52 sq.m.),3,2,3+,3.0,,Relatively New,1660.0,,1082.0,0,0,0,0,1,0,45,553.3333333333334
flat,m3m golf hills phase 1,sector 79,1.7,10828.025477707006,1570.0,Built Up area: 1570 (145.86 sq.m.)Carpet area: 1099 sq.ft. (102.1 sq.m.),3,2,3,10.0,,Undefined,,1570.0,1099.0,0,0,0,0,0,0,0,523.3333333333334
house,independent,sector 105,0.65,9027.777777777777,720.0,Plot area 80(66.89 sq.m.),3,2,1,1.0,East,Relatively New,,80.0,,0,0,0,1,1,0,14,240.0
house,birla navya,sector 63a,3.85,15437.048917401764,2494.0,Carpet area: 2494 (231.7 sq.m.),3,3,3+,4.0,,New Property,,,2494.0,0,1,0,0,0,1,160,831.3333333333334
flat,paras dews,sector 106,1.25,11061.946902654867,1130.0,Super Built up area 1760(163.51 sq.m.)Built Up area: 1186 sq.ft. (110.18 sq.m.)Carpet area: 1130 sq.ft. (104.98 sq.m.),3,4,3+,7.0,South-East,Relatively New,1760.0,1186.0,1130.0,1,1,0,0,0,0,167,376.6666666666667
house,independent,sector 25,6.5,36111.11111111111,1800.0,Plot area 200(167.23 sq.m.),4,3,3,3.0,,Moderately Old,,200.0,,1,0,0,1,0,0,19,450.0
flat,bptp terra,sector 37d,1.8,8215.426745778184,2191.0,Super Built up area 2191(203.55 sq.m.),4,3,3,12.0,North,Relatively New,2191.0,,,1,0,0,0,0,1,144,547.75
flat,adani aangan arcade,sector 89,0.5,7763.975155279503,644.0,Built Up area: 672 (62.43 sq.m.)Carpet area: 644 sq.ft. (59.83 sq.m.),2,2,1,4.0,,Relatively New,,672.0,644.0,0,0,0,0,0,2,69,322.0
flat,emaar palm heights,sector 77,2.25,11250.0,2000.0,Super Built up area 2000(185.81 sq.m.),3,3,3,22.0,,New Property,2000.0,,,0,1,0,0,0,1,42,666.6666666666666
flat,jmd gardens,sector 33,3.25,7509.2421441774495,4328.0,Carpet area: 4328 (402.08 sq.m.),4,4,3+,17.0,South-East,Old Property,,,4328.0,0,1,0,0,0,1,130,1082.0
flat,ramsons kshitij,sector 95,0.22,6470.588235294118,340.0,Super Built up area 340(31.59 sq.m.),1,1,1,2.0,,New Property,340.0,,,0,0,0,0,0,0,0,340.0
flat,signature global solera,sector 107,0.36,6581.352833638026,547.0,Carpet area: 547 (50.82 sq.m.),2,2,2,8.0,South-East,Relatively New,,,547.0,0,0,0,0,0,0,45,273.5
flat,pivotal devaan,sector 84,0.35,7276.507276507276,481.0,Super Built up area 583(54.16 sq.m.)Carpet area: 481 sq.ft. (44.69 sq.m.),2,2,1,10.0,West,Relatively New,583.0,,481.0,0,0,1,0,0,0,103,240.5
flat,vatika city,sector 49,1.69,8622.448979591836,1960.0,Carpet area: 1960 (182.09 sq.m.),3,3,3,3.0,North,Moderately Old,,,1960.0,0,0,0,1,0,0,136,653.3333333333334
flat,dlf the ultima,sector 81,2.2,10476.190476190477,2100.0,Super Built up area 2100(195.1 sq.m.),3,4,3+,17.0,East,Relatively New,2100.0,,,0,1,0,0,0,2,49,700.0
flat,raheja vedaanta,sector 108,0.65,4761.9047619047615,1365.0,Super Built up area 1365(126.81 sq.m.),2,2,2,5.0,East,Relatively New,1365.0,,,0,0,0,1,0,1,174,682.5
